:020000040800F2
:1000000000400220E97D0108797E01083163010882
:1000100000000000000000000000000000000000E0
:10002000000000000000000000000000EB130208C8
:10003000000000000000000001150208F96201083C
:10004000797E0108797E0108797E0108797E0108B0
:10005000797E0108797E0108797E0108797E0108A0
:10006000797E01083D6701085D670108B1670108F5
:10007000797E0108797E0108797E0108797E010880
:10008000797E0108797E0108797E0108797E010870
:10009000797E0108797E0108797E0108797E010860
:1000A000797E0108797E0108797E010829640108BA
:0C00B000D564010881650108797E010813
:1000C00010B5064C2378002B07D1054B002B02D02E
:1000D000044800E000BF0123237010BDC0090020C8
:1000E00000000000441C0308044B10B5002B03D093
:1000F0000349044800E000BF10BDC04600000000F6
:10010000C4090020441C030802780B78002A03D09D
:10011000013001319A42F7D0D01A70470023C25CF7
:100120000133002AFBD1581E7047000002B471460B
:1001300049084900095C49008E4402BC7047C0462A
:1001400003B47146490840004900095A49008E44E9
:1001500003BC7047002243088B4274D303098B42CF
:100160005FD3030A8B4244D3030B8B4228D3030C87
:100170008B420DD3FF22090212BA030C8B4202D329
:100180001212090265D0030B8B4219D300E0090A51
:10019000C30B8B4201D3CB03C01A5241830B8B425A
:1001A00001D38B03C01A5241430B8B4201D34B0343
:1001B000C01A5241030B8B4201D30B03C01A5241A8
:1001C000C30A8B4201D3CB02C01A5241830A8B422D
:1001D00001D38B02C01A5241430A8B4201D34B0216
:1001E000C01A5241030A8B4201D30B02C01A52417A
:1001F000CDD2C3098B4201D3CB01C01A524183092E
:100200008B4201D38B01C01A524143098B4201D367
:100210004B01C01A524103098B4201D30B01C01A92
:100220005241C3088B4201D3CB00C01A524183080C
:100230008B4201D38B00C01A524143088B4201D339
:100240004B00C01A5241411A00D201465241104699
:100250007047FFE701B5002000F0F0F802BDC0468E
:100260000029F7D076E7704703460B437FD400227E
:1002700043088B4274D303098B425FD3030A8B423A
:1002800044D3030B8B4228D3030C8B420DD3FF22A4
:10029000090212BA030C8B4202D31212090265D072
:1002A000030B8B4219D300E0090AC30B8B4201D325
:1002B000CB03C01A5241830B8B4201D38B03C01A6C
:1002C0005241430B8B4201D34B03C01A5241030BE3
:1002D0008B4201D30B03C01A5241C30A8B4201D394
:1002E000CB02C01A5241830A8B4201D38B02C01A3F
:1002F0005241430A8B4201D34B02C01A5241030AB6
:100300008B4201D30B02C01A5241CDD2C3098B429A
:1003100001D3CB01C01A524183098B4201D38B0117
:10032000C01A524143098B4201D34B01C01A5241BA
:1003300003098B4201D30B01C01A5241C3088B42FF
:1003400001D3CB00C01A524183088B4201D38B00EA
:10035000C01A524143088B4201D34B00C01A52418C
:10036000411A00D201465241104670475DE0CA0F63
:1003700000D04942031000D34042534000229C4623
:1003800003098B422DD3030A8B4212D3FC2289012D
:1003900012BA030A8B420CD3890192118B4208D303
:1003A000890192118B4204D389013AD0921100E065
:1003B0008909C3098B4201D3CB01C01A5241830979
:1003C0008B4201D38B01C01A524143098B4201D3A6
:1003D0004B01C01A524103098B4201D30B01C01AD1
:1003E0005241C3088B4201D3CB00C01A524183084B
:1003F0008B4201D38B00C01A5241D9D243088B42A1
:1004000001D34B00C01A5241411A00D20146634643
:1004100052415B10104601D34042002B00D54942A7
:10042000704763465B1000D3404201B5002000F0E6
:1004300005F802BD0029F8D016E770477047C0469E
:100440008446100062468C461900634600E0C046B0
:100450001FB501F06DFE002801D40021C8421FBD68
:1004600010B501F0ADFD4042013010BD10B501F0F6
:100470005FFE002801DB002010BD012010BDC0463A
:1004800010B501F055FE002801DD002010BD01204F
:1004900010BDC04610B501F0D7FD002801DC0020DA
:1004A00010BD012010BDC04610B501F0CDFD0028E3
:1004B00001DA002010BD012010BDC04684460800AE
:1004C0006146FFE71FB500F06BFB002801D4002157
:1004D000C8421FBD10B500F0EBFA4042013010BD1C
:1004E00010B500F05DFB002801DB002010BD0120ED
:1004F00010BDC04610B500F053FB002801DD002000
:1005000010BD012010BDC04610B500F0F9FA00285A
:1005100001DC002010BD012010BDC04610B500F068
:10052000EFFA002801DA002010BD012010BDC046FE
:10053000002B11D1002A0FD1002900D1002802D0B0
:100540000021C943080007B4024802A140180290E4
:1005500003BDC046E9FEFFFF03B4684601B502983B
:1005600000F0BAF8019B9E4602B00CBC7047C04632
:10057000F0B5CE469946030C9C46130447461B0C27
:100580001D000E0061460404240C80B50700100C09
:100590004B436543414360432C0CC01824188C46E0
:1005A000A34203D980235B029846C4444946794359
:1005B0005643230C2D042D0C89196344240460191F
:1005C000C918C0BCB946B046F0BDC0469E2110B5A2
:1005D000C905041CFFF7A2FF002803D1201C00F06E
:1005E0000FFE10BD9E21201CC90500F065FC00F027
:1005F00007FE80231B069C466044F2E770B500228C
:100600000C4B04000D00FFF74FFF002804D1200021
:10061000290002F085FC70BD064B00222000290055
:1006200002F0C0F802F07CFC80231B069C4660446C
:10063000F1E7C0460000E04170B50022002304004D
:100640000D00FFF713FF002808D12000290000F05B
:100650000FF802000B001000190070BD80231B066C
:10066000E918200000F004F8002342428B41F2E731
:1006700070B500220B4B0D00040001F0CBFDFFF71D
:10068000BDFF060002F0B6FC0022074B01F0C2FDE0
:1006900002000B002000290002F084F8FFF7AEFFF3
:1006A000310070BD0000F03D0000F04170B5060063
:1006B000080002F071FC0022064B01F0ABFD0D00BA
:1006C0000400300002F096FC2B00220000F0FAFD3E
:1006D00070BDC0460000F041F0B557464E46454655
:1006E000DE46E0B504000D009246994683B08B4289
:1006F00030D82DD04946504602F08AFD2900060028
:10070000200002F085FD331A9846203B34D49B46E6
:1007100053465A46934042461F00534693401E009C
:10072000AF423BD8AF4200D179E05B46A41BBD414C
:10073000002B00DA76E000220023009201930123CF
:100740005A4693400193012342469340009329E087
:100750008242CFD900220023009201930C9B002BF0
:1007600001D01C605D600098019903B0F0BCBB46ED
:10077000B246A946A046F0BD42469B4620239B1A9E
:100780005246DA40414613004A468A401700424624
:100790001F43534693401E00AF42C3D9002200239B
:1007A000009201934346002BD8D0FB0772081A43EE
:1007B00046467B080EE0AB4201D1A2420CD8A41AF7
:1007C0009D41012024196D410021013E24184D4115
:1007D000002E06D0AB42EED9013E24196D41002E09
:1007E000F8D1009801995B4600196941002B24DB80
:1007F0002B005A464446D3402A00E2401C005B4688
:100800001500002B2ADB26009E40330026004746B9
:10081000BE403200801A9941009001919EE7A342A8
:10082000BCD882E74246202300219B1A0022009177
:1008300001920122DA40019285E7424620239B1A69
:100840002A0046469A402300F340444613432A00B8
:10085000E2401C005B461500002BD4DA42462F0014
:100860002023260097409B1ADE403B003343CDE710
:10087000F0B54F464646D6464402C0B547000E1C6A
:10088000640A3F0EC50F002F3CD0FF2F42D000233B
:10089000802299469A46E400D20414437F3F7302B3
:1008A0005B0A984673001B0EF60F002B1BD0FF2B24
:1008B00013D042468021D200C9041143884600204B
:1008C0007F3B2900FF1A4B467140C9B20F2B00D95C
:1008D000B5E0744A9B00D3589F464346002B3FD156
:1008E000FF3F023303E04346002B2DD101232900B3
:1008F0004A467140C9B21A430E2A38D86A48920053
:1009000082589746002C13D104239946033B0027B5
:100910009A46C4E7002C05D108239946063BFF27D9
:100920009A46BCE70C239946093BFF279A46B6E74F
:10093000200002F04FFC7627431F9C4000237F429B
:1009400099469A463F1AAAE7404602F043FC4246BF
:10095000431F9A4076235B421B1A90460020B0E763
:1009600003234A461A4391460320FC33A9E70D00AE
:10097000FF200022C005ED0710432843E0BCBA4623
:10098000B146A846F0BD0D0000200022F2E7534614
:10099000022BEDD0032B33D0A046012B05D1002034
:1009A0000022E7E7350003287AD03B007F33002B95
:1009B0002DDD4246520707D00F2241460A40042A45
:1009C00002D004229446E0444246120105D5424634
:1009D000364B1A403B0090468033FE2BC8DC424623
:1009E0009201520AD8B2C5E780220025FF20D20327
:1009F000C0E78022D203144202D04346134249D0BA
:100A00008022D20322435202FF20520AB2E701227F
:100A1000D31A1B2BC3DC4246DA4043469E37BB4009
:100A2000591E8B411A43530704D00F231340042B44
:100A300000D00432530129D5012000229AE7424612
:100A400063015501AB4215D21B200022013F012654
:100A50001C0052005B00002C01DB9D4201D85B1B97
:100A6000324301380028F3D1581E8341134398467E
:100A70000D009AE71A2001225B1BE8E7023B5A426D
:100A800053415B4235000022D8B273E79201002047
:100A9000520A6FE71A4352023500FF20520A69E7F3
:100AA0004446ADE7005C0308405C0308FFFFFFF726
:100AB00070B542004E024C0045026D0A120EC30F83
:100AC000760A240EC90FFF2A10D0FF2C0CD001206B
:100AD000A2420AD1B54208D18B420FD0002A04D1DC
:100AE0002800431E984100E0012070BD0120FF2C2A
:100AF000FBD13543F9D14B401800F6E70020F4E76D
:100B000030B5420044024D02C30F4800640A120E81
:100B10006D0A000EC90FFF2A19D0FF280BD0002A3A
:100B20001ED100280BD1002D27D0002C34D1002954
:100B30002FD0080030BD002D28D1002A01D1002C73
:100B4000F5D08B4207D1002B23D01800F2E7002C00
:100B50001CD1FF2814D0581E022318400138E9E7A1
:100B60000028F8D08B42F6D18242F4DCEBDBAC42B9
:100B7000F1D80020AC42DDD2E5E7002CDAD0EAE77C
:100B8000002D03D18B42E6D10020D3E70220404262
:100B9000D0E701204042CDE78B42E8D0DBE7C046FA
:100BA00030B5420044024D02C30F4800640A120EE1
:100BB0006D0A000EC90FFF2A1AD0FF280ED0002A96
:100BC0001ED100280ED1002D2AD0002C0CD08B4233
:100BD0001DD0581E02231840013810E0002D0DD101
:100BE000002A20D1002C1ED1002923D0080006E0C5
:100BF000002C03D1FF28ECD1002D17D0022030BDEE
:100C00000028E6D08B42E4D18242E2DC04DBAC4235
:100C1000DFD80020AC42F2D2002B0BD01800EEE758
:100C2000002CECD0D5E78B42D3D1F5E700208B42E6
:100C3000E5D0CEE701204042E1E7C046F0B54F469F
:100C40004646D64643025B0A4500C0B599460F1C8E
:100C50002D0EC60F002D00D188E0FF2D00D18DE0B4
:100C60008022DB00D2041A430023914698469A461C
:100C70007F3D7C027B00640A1B0EFF0F002B68D0B7
:100C8000FF2B21D08022E400D204144342467F3B54
:100C90005B1900215D1C0A2A2EDC7E404246022A96
:100CA00023DC013A012A00D9BDE002296ED00129D6
:100CB0002CD100200022C005F60710433043E0BCD1
:100CC000BA46B146A846F0BD2B00FF33002C65D0D4
:100CD0000322414611433200013588467A40FF35F0
:100CE0000A2900DDD8E01600032140460122824097
:100CF000A620C000024220D05346022B46D0032B30
:100D000000D1BBE051464C460129D2D02B007F33A5
:100D1000002B70DD620704D00F222240042A00D08D
:100D20000434220103D5634B1C402B008033FE2B7F
:100D30002CDCA201520AD8B2BDE79020800002420A
:100D400027D1B938FF3810426DD03E00A1468A46FF
:100D5000D2E7002C41D1012342461A4390462B0092
:100D6000424601215D1C0A2A97DDC5E7002B26D1EA
:100D700004239846033B00259A467AE7002B18D1B6
:100D800008239846063BFF259A4672E7FF2000227B
:100D900091E780220026FF20D2038CE74146022201
:100DA000013511438846FF350A29A5DC02217E4022
:100DB00074E70C239846093BFF259A4659E718002B
:100DC00002F008FA4A46431F76259A4000236D42F6
:100DD000914698469A462D1A4BE7200002F0FAF900
:100DE0004246431F9C402B1A763B00215D1C0A2A79
:100DF00000DC52E780E70122D31A1B2B00DD58E705
:100E00009E352200AC40DA40631E9C4122435307CA
:100E100004D00F231340042B00D00432530137D5E4
:100E20000120002247E7210C4A462404240C270015
:100E3000100C1204120C44435743484351433A0CDC
:100E400009195218944203D9802149028C46604402
:100E50003F0411043F0CC9198C01671EBC41120CE0
:100E6000890E12180C439201144312010ED501236E
:100E700062081C40144349E73E00A14680224B46CD
:100E8000D2031A435202FF20520A14E71D003DE725
:100E900092010020520A0EE70F29EDD180224B4625
:100EA000D2031342EAD01442E8D13E00FF2022438D
:100EB00001E7C046FFFFFFF7F8B54746CE464E02B2
:100EC00043024500720AC40F480080B594465F0A89
:100ED0002D0E9B09000EC90FB609FF2824D0012250
:100EE00051402A1A8C420FD0002A00DC6AE1002807
:100EF00035D1002E00D1A2E0511E012A00D124E1FB
:100F0000FF2A21D00A002FE0002A00DC67E1002838
:100F10005ED0FF2D18D08021C9040E431B2A00DCAF
:100F200076E02A00013332E02A00FF3A9146002E93
:100F300042D08C4255D04A46002A00D19CE0002D78
:100F400000D177E00C003300DB08002B00D16EE00D
:100F50008022D20313435B02FF205B0A24E0FF2DB3
:100F6000F2D08021C9040E4301211B2A08DC310084
:100F70002020D140821A96403200501E82411143F7
:100F80005B1A5A0160D407212A00194057D00F215B
:100F90001940042900D00433590150D5501CFE2AB1
:100FA00045D09B01C0B25B0AC0051843E40720434B
:100FB000C0BCB946B046F8BD012251408C42BAD1FE
:100FC0004A46002A10D0002D00D198E00023BBE74C
:100FD000002E34D0511E012A6ED0FF2AB4D00A0050
:100FE0009CE7002A00D088E0FE206A1C104200D056
:100FF00092E0002D00D0A4E0002B00D1CBE0002E29
:1010000000D0CAE00022DB085B025B0AD0B2CBE76B
:1010100031002020D140821A96403200501E824179
:101020000A439B185A01AED56A1CFE2D4AD1FF20F7
:101030000023B9E7FF22002B4BD10C003300DB0863
:10104000FF2A00D181E7DFE79F01BF09380002F0E6
:10105000C1F805388740854221DC3B002021421B36
:101060000132D3408A1A97407A1E974100223B43AF
:10107000590700D08BE78FE7FE206A1C104212D17F
:10108000002D52D1002B7CD0002EBBD09A1B5001DA
:1010900000D48BE001240022F31A0C40E8E7564B01
:1010A0002A1A3B40E4E79F1B7A0146D4002FCDD19A
:1010B00000240020002377E79B1901250132590104
:1010C00000D460E701214D4819405B0803400B4301
:1010D000CEE7571E012A5AD00C00FF2A33D0012236
:1010E0001B2F07DC2021C91B1A008B40FA40591E18
:1010F0008B411A430500B31A43E7002D23D1FF2289
:10110000002B9BD0511E012AD6D0FF2A1BD01B29B1
:101110002CDD0200731C3AE7FF2A88D09B195B087C
:10112000590700D033E7DB086EE7002B10D1002E03
:1011300043D0012433000C4006E70124F71A0C4089
:1011400084E7002B04D13300FEE601259B1B18E742
:10115000002E00D1F8E68022D203974204D39445B2
:1011600002D2012433000C40DB08F1E61A002025EE
:10117000CA40691A8B40591E8B41134305009B19C5
:1011800050E7002E94D0012433000C403AE70C00C5
:101190000125F31AF5E6330034E79B1900225901C3
:1011A000C1D5154A1340DB0801222DE7002A00D1E2
:1011B0007EE713000022DB0826E780230024FF20BF
:1011C000DB03F1E6002A00D156E7471B3A00002D69
:1011D00000D130E78022D2040C0013437FE7002ABD
:1011E00000D101E7411B002D01D10A0088E78022D0
:1011F000D20413438BE7C046FFFFFFFBFFFFFF7DD9
:1012000041024200C30F490A0020120E7E2A03DD6C
:101210009D2A02DD094A9818704780200004014386
:10122000952A07DC9620821AD1404842002BF3D140
:101230000800F1E7963A9140F7E7C046FFFFFF7FCD
:1012400070B5041E0ED001F0C5FF9E2301001B1ACD
:10125000962B0CDC08282FD008398C406402640AD5
:10126000D8B201E000200024C005204370BD992BB6
:1012700016DC421F052800D094402200104802408E
:10128000650709D00F252C40042C05D004325401E9
:1012900002D59F2302405B1A9201540AD8B2E3E7B9
:1012A000020020001B3290400200501E82410520A7
:1012B000401AC4401443E0E764029620640AD3E76E
:1012C000FFFFFFFBF0B557464E464546DE46E0B50C
:1012D00083B0009001910C034F00CE0F610A009C77
:1012E0001D03640F0C43009900920193C80059003C
:1012F0004B0D9946009A019B6D0AD90F530F2B4352
:101300009A46009B7F0DDA0094464A46B046BA1AC8
:101310008E4200D1B0E0002A00DC78E04946002986
:1013200000D1E9E0C9498F4200D195E10125382A71
:1013300016DC8021534609040B439A461F2A00DD20
:10134000E7E1202155468B1A61469D40D1400D436F
:10135000614699404B1E99415346D3400D43E41AD0
:10136000451BA84280414042241A230200D40FE1C9
:101370006402640A002C00D139E1200001F02AFF48
:101380000300083B20212800CA1AD0409C400200DC
:101390009D4022439F4200DD73E1D81B0130091AB2
:1013A0002C008D40C4406B1E9D411300C2408B40F9
:1013B0002543002714001D436B0709D00F232B4042
:1013C000042B05D02B1DAB42AD416D4264191D00AD
:1013D000230200D42DE19D4A0137974200D1D3E08A
:1013E00046469B49ED0821404A072A437C054D02A9
:1013F0002D0B640D24052C43F60734431000210007
:1014000003B0F0BCBB46B246A946A046F0BD002AD8
:1014100000D184E04A46D21B002F00D06DE12500A8
:10142000054300D127E1561E012A00D13BE2874D3A
:10143000AA4200D16AE20125382E12DC32001F2AAE
:1014400000DDF8E120262500B61A07005346B0401B
:10145000D440B540D740461EB0411B1B9A463D4381
:1014600005436246551BAC459241534652420E001D
:101470004F4688469C1A78E7002A00DC8EE04946F1
:10148000002975D161465346194300D1F6E0511E3B
:10149000012A00D191E16D4DAA4200D1DCE0012585
:1014A000382914DC0A001F2A00DDA2E1202153465E
:1014B000891A8B401D006346D3401D4363468B4011
:1014C00019004B1E99415346D3400D43E4182D1883
:1014D0008542804140422418230259D55B4B013795
:1014E0009F4251D001215A4B6A081C4029400A43AF
:1014F000E507154364085FE761465346194300D189
:10150000BCE0511E012A00D164E1504DAA4200D135
:101510006AE10125382900DD22E70A000EE74D4A7D
:101520007D1C154200D0D0E025006246534605439D
:101530001A43002F00D037E1002D00D1A8E1002A86
:1015400000D16AE16346C51A5346E21AA8429B419C
:101550005B42D31A1A0200D403E263461D1AAC455B
:101560009241534652421C1B0E008846A41A23E7A0
:1015700036498F4270D00125382AA8DC8021534695
:1015800009040B439A468EE73C000025002231E710
:1015900007232B40002B00D010E793E0002A74D0E3
:1015A0004A46D21B002F00D1C7E02849894500D107
:1015B00085E10125382A12DC802109040C431F2A09
:1015C00000DDABE120212500891A070088408D400D
:1015D000D740411E8841D4403D430543A244654461
:1015E000654592415242524414004F4674E7280028
:1015F00001F0F0FD030018331F2B00DCC2E62A00C7
:10160000083882409F4200DDA9E0DB1B581C1F28E0
:1016100000DCACE115001F3BDD40202805D0402355
:101620001B1A9A40531E9A411543072300272B404B
:10163000B0E7ED08054B62072A43E4089F420FD04C
:101640002403250B7C05640DD4E6C046FF0700008B
:10165000FFFF7FFFFE070000C00862070243E408A7
:101660001300234300D186E180252D0325432D035C
:10167000C34C2D0BBEE6604654460E001700C5084D
:10168000D8E7C04CFF1A144096E6BF4A791C1142B5
:101690006BD122000243002F00D0DBE0002A00D1F2
:1016A0002DE1624653461A4300D1B6E06346C518A1
:1016B00085428041544440422418230202D50F0041
:1016C000B04B1C403A002800D8E76246851AA84271
:1016D0009241534652429146E31A1A004B46D21A9F
:1016E000130091461A0254D44A464C462A4300D06D
:1016F00040E60026002400257CE6A14DA94500D146
:1017000090E00125382A00DDABE680252D042C432E
:1017100095E6110055462039CD40A946202A06D02D
:10172000402153468A1A934062461A4394466546BE
:101730006B1E9D414B461D4312E62100014300D123
:10174000C4E0511E012A00D1FBE08D4DAA4200D118
:10175000B5E00125382900DD41E70A002FE7894C73
:10176000FF1A14406207E4086AE7854A914200D1F3
:10177000E3E06346C2188242804123004042534462
:101780001B18DD075C080723520815430F002B4088
:1017900000E763461D1AAC459241534652421C1B5A
:1017A0000E008846A41AE5E5002D00D091E0002A3D
:1017B00038D180240026240356E76346C5188542A5
:1017C00080415444404224180127230200D4DFE61C
:1017D000022787E66346C51AA84280415346404225
:1017E000E41A0127241AC0E56207C0080243E4088E
:1017F00036E7110053462039CB409946202A06D0BF
:10180000402153468A1A934062461A4394466546DD
:101810006B1E9D414B461D4359E66207C0080243BB
:10182000E4080DE753465A076346D80853460E00AE
:101830000243DC0814E715002600203DEE40202A74
:1018400003D04025AA1A94402043421E904105002F
:10185000354306E6002A7CD062465346C0081A4348
:1018600000D1FAE6620710438022E4081203144212
:1018700008D0D908114205D16346D80853460C0058
:101880005B071843420FC000C00852070243E7E657
:10189000002A00D12DE76346D80853465A070E00A8
:1018A0000243DC08CCE663461D1AAC459241534620
:1018B00052421C1B0E008846A41A013755E56346A8
:1018C000D90853465A070A43DC08C9E6604654461D
:1018D000D4E6C008002A00D1BFE662071043802288
:1018E000E40812031442CDD0DD081542CAD1634684
:1018F000D80853465B070E002C001843C2E7634626
:10190000D90853465A070A43DC0899E66346D808C3
:1019100053465A070E000243DC08A1E611002700D7
:101920002039CF40202A03D040218A1A94402043F6
:10193000421E904105003D4351E60C000025002267
:1019400058E5604460459241544452420500A41851
:101950003AE753465A076346D90853460A43DC0818
:101960007EE61A001C002A4300D0ABE6C1E6202127
:101970000025091A19E500220025014C3AE5C04668
:10198000FF070000FFFF7FFFFE070000F0B5DE4607
:10199000454657464E46E0B587B0009201930B038B
:1019A0001B0B9B46CA0F4B00040080465B0D029246
:1019B00000D16AE1D44A934200D18CE15946420FEA
:1019C000C9000A43802109041143C2009046CF4A4E
:1019D000894692469A44002300240393009E019F67
:1019E0003B031B0B9B467B0030005B0DFD0F002B68
:1019F00000D128E1C44A934200D177E15946720FE1
:101A0000C9000A438021090411438B46BF49F200F3
:101A10008C4651466344CB1A9A460023029E6E4080
:101A20000F2C27D8BA49A40009598F46CB46424605
:101A3000029E039B022B16D0032B00D1A6E2012BA2
:101A400000D0DFE000220023002490461B05234342
:101A5000F60733434046190007B0F0BCBB46B24618
:101A6000A946A046F0BD002200249046A64BEDE713
:101A70002E00DFE7CB4500D2D4E100D1CFE1012336
:101A80005B429C46444648460027E2445B46150EAE
:101A90001B021D43190C2B04120200951D0C9146CC
:101AA00002910395FEF7DCFB02006A430B04210C54
:101AB000804619438A4209D9009D0123AC465B4206
:101AC00061449C46E0448D4200D8FBE1881A0299AB
:101AD000FEF7C6FB039A240442430904240C0300C6
:101AE0000C43A24206D90099013B8C466444A142B2
:101AF00000D8E1E1A01A424612041A4393464B462D
:101B000059461B0C1D0004930B0449460904090C9B
:101B10000C001B0C5C43120C6B43884651436A4318
:101B2000250CAC465B186344994203D980214902D5
:101B30008C466244190C24041B04240C8A181C19BA
:101B4000904202D316D1A74214D25B46009D013BBE
:101B50004F4405934F459B41AC465B426344C018DC
:101B6000854200D3A1E1824200D9F6E100D1F1E142
:101B7000059B9B463C1BA742BF41009D801A7F42AC
:101B8000C01B854200D1D0E10299FEF769FB039AA0
:101B90000B044243210C070019438A4200D978E123
:101BA000881A0299FEF75CFB039A24044243090455
:101BB000240C03000C43A24200D95DE14146A41A63
:101BC0003A041A43049D13041B0C594347466B43C4
:101BD0009C46100C47430B0CBC44634468439F4233
:101BE00003D980256D02AC4660441F0C09041B0418
:101BF000090C3F185B18BC4200D202E100D1FDE0A5
:101C000001231A43434B5344002B00DCAEE0510741
:101C100000D098E15946C90106D559463E4B1940B6
:101C200080238B46DB0053443C498B4200DD1AE79E
:101C30005946D208490711435A465B055402884663
:101C4000240B5B0D02E75A46009B1A4300D17EE04D
:101C50005B46002B00D100E1584601F0BBFA0200C0
:101C600003000B3A1D27009EBA1A19005846D640A9
:101C700008398840320002439346009A8A40284936
:101C800053448A469A440023C8E65B460343994678
:101C900056D05B46002B00D1CDE0584601F09AFAB1
:101CA0000B235B429C460200844466461D239B1B1B
:101CB000260011005846DE400839884033000343AF
:101CC000994623008B409846164B00249B1A9A464F
:101CD0000023039382E65A46024391462AD100220A
:101CE0009A46022390460824039377E65A46009BBF
:101CF0001A430D4B9C46E244002A17D102231C4391
:101D000000239B46023389E6FF07000001FCFFFF2A
:101D10007C5C0308FF030000FFFFFFFEFE070000DE
:101D2000F30300000DFCFFFF01F8FFFF0323320067
:101D30001C4373E69A460323D9460C2403934DE6CD
:101D4000002398469A4601330424039346E6012370
:101D50001C4300239B46013360E600238024984601
:101D60000026924B240371E6012252420121C91A36
:101D7000382900DD66E61F2900DCABE01F20404269
:101D8000C31A5846D8400300202904D05846884931
:101D9000514488400243511E8A411A4307231900C7
:101DA0000024114013420CD00F231340042B00D108
:101DB000F9E0111D91429B410A005B4259075B0209
:101DC0001C0BD2080A43904600233FE680244B4672
:101DD0002403234209D05B46234206D11C4324033B
:101DE0002E009046714B240B30E680244B46240392
:101DF0001C432403029E6D4B240B27E6002B00D1CD
:101E000000E70098511E84466444844200D284E076
:101E1000BC4200D2AEE000D1C1E00A00F0E642458B
:101E200000D92CE64B46DC07580843465B081C43A8
:101E30004346DF072AE601F0CDF915239C4684448A
:101E40000200634620321C2B00DC2EE723000838FA
:101E5000834099460023984636E701F0BBF902001B
:101E60000300153220331C2A00DCFBE600990838F9
:101E7000814000228B4602E70099013B8C46644476
:101E8000A14200D99AE6A24200D897E6831E644494
:101E900094E6AC466144013F8D4200D980E68A4217
:101EA00000D87DE6871E61447AE6854200D05FE671
:101EB000B94500D95CE656E6A24200D81AE6831E70
:101EC000644417E68A4200D800E6AC46831E984672
:101ED0006144FBE537481400504482405B461700DC
:101EE0008340CC407A1E974123433B431A005B4614
:101EF000CB40510709D00F211140042905D0111DF5
:101F00009142924152429B180A00190200D455E7AF
:101F1000002201230024904698E50A00BC4200D02C
:101F20006EE64B4500D06BE66CE6234B234A5344E8
:101F3000924500DA18E7012149420A1D8A42894187
:101F400049428B4466E60F211140042900D161E625
:101F50001100F2E7BC4200D80AE602235B429C462D
:101F600000994F444F459B41E3448C465B42634498
:101F7000C018FFE54946009D480048458941AC46E8
:101F8000494261448146023A6418C7E780245B46AF
:101F900024031C4324039046044B240B56E5994527
:101FA000E8D30A00BDE7002308E7C046FF070000AA
:101FB0003E0400001E040000FF03000002FCFFFFBF
:101FC000F0B55746DE464E464546E0B50D000400E6
:101FD000E80F83460903D80F090B824619488C463F
:101FE0001F0369005E00490D3F0B760D814218D03A
:101FF00086420FD00120B1420DD1BC450BD1944295
:1020000009D1D3451CD0002905D160462043431E89
:10201000984100E00120F0BCBB46B246A946A0466C
:10202000F0BD01208E42F6D1614639430F001743BF
:102030002743F0D15B465246981A431E9841EAE77F
:102040000020E8E7FF070000F0B557464E4645463A
:10205000DE46E0B50D000F03390B83B00400804667
:1020600001915800E90F314F400D8C466E00190365
:1020700082469146760D090BD80FBE421FD0BA4555
:102080000FD0002E2FD15546019E3443002D27D16D
:102090000A433AD0002C45D100281AD101204042F1
:1020A00017E011433BD1002E02D1019F2743F3D00B
:1020B000844509D16346002BF0D0604609E0019FBA
:1020C00027432CD1B24524D063460220013B18405F
:1020D000013803B0F0BCBB46B246A946A046F0BDED
:1020E000002CD9D0E4E75446002CEDD08445EBD148
:1020F0005645E9DCDEDB019B8B42E5D8DAD1C845E9
:10210000E2D80020C845E4D2D4E70020002CE0D07B
:10211000DAE7114303D18445D6D10020D9E7022064
:102120004042D6E78445E6D0CEE7C046FF07000030
:10213000F0B557464E464546DE46E0B50D000F0366
:1021400004008046E80F390B844683B05800304FB6
:10215000400D01911E03690082469146490D360BE0
:10216000D80FB94220D0BA450FD000292BD1019900
:102170000C435146002937D1324338D0002C44D18A
:10218000002819D10120404216E0164313D100293E
:1021900002D1019F2743F3D0844520D0634602201B
:1021A000013B1840013807E0019F274303D18A45CE
:1021B000F4D116431FD0022003B0F0BCBB46B24698
:1021C000A946A046F0BD5446002CE7D08445E5D191
:1021D0005145E3DC03DB019BB342DFD80FD06346FC
:1021E000002BCFD06046E7E7002CC9D0D4E7002011
:1021F000002CE1D0D2E78445D0D10020DCE7C845EF
:10220000CCD80020C845D7D2E9E78445E3D0C5E75C
:10221000FF070000F0B55746DE464E464546E0B59E
:102220001F000B031B0B16009A46CA0F4B0004003D
:10223000934687B05B0D00D1D5E0BB4A934200D1F5
:10224000F8E05146420FC9000A43802109041143B6
:10225000C2009146B54A8A469D18002398460293CB
:102260003C037B00FA0F3000240B5B0D009200D181
:1022700096E0AD4A934231D0720FE40022438024AD
:1022800024041443A94AF000944663445B195A1C81
:102290000192424600260A2A42DC5A4600994A40E8
:1022A00093464246022A32DC013A012A00D949E12A
:1022B000022E00D1CAE0012E3DD1002300240022CD
:1022C00010005A461B052343D2071343190007B0D9
:1022D000F0BCBB46B246A946A046F0BD924B264391
:1022E000EB18002E00D1BBE00322414611435A46B1
:1022F000884600994A40802109018C4629006144A2
:10230000019141460A2900DD33E293460326424605
:1023100001279740A6213A00C9000A400F4231D058
:10232000029E022E00D135E2032E00D1D2E15446A6
:102330004846012EC1D0019A7D4B94466344002B40
:1023400000DCC0E0420709D00F220240042A05D079
:10235000021D82428041404224181000E20106D54D
:10236000744B019A1C4080239446DB006344724AFC
:1023700093426BDC6207C00864025B050243240BD6
:102380005B0D9DE7902189000F4263D188223A427C
:1023900000D1D7E0009BA2469B4681460296BFE74C
:1023A0002300334300D17FE0002C00D1ADE12000B9
:1023B00000F010FF020003000B3A1D201900821AE2
:1023C00030000839D0408C400443300088405B4ADC
:1023D000EB1A944663445A1C0192424600260A2A8C
:1023E00000DC5AE79CE753460343994654D05346D2
:1023F000002B00D177E1504600F0ECFE0B235B424E
:102400009C460200844411005046083988401D2330
:10241000804660461B1A2000D84003004046034314
:102420009A4623008B4099460023444D9846AD1AA6
:10243000029315E752460243914626D100221D0021
:102440000223924608329046029309E700240022B4
:10245000354B35E7002380249B462403324B2FE77E
:102460000222414611438022120194462A0062440E
:10247000884601920A2900DD52E75A460020009959
:1024800004004A40934602260BE70C221D0003235A
:10249000814690460293E3E600239A460433984629
:1024A000033B00250293DBE6424601331A432B002F
:1024B00090465A1C019242460024002001260A2A16
:1024C00000DCEAE62CE70122D21A382A00DDF4E625
:1024D0001F2A00DC2AE11F214942CB1A2100D940E2
:1024E0000B00202A05D0164A019D94466544AC4055
:1024F0002043421E90411843072319000024014045
:1025000003420CD00F230340042B00D140E1031DF4
:102510008342A4411800644261076402240BC2088C
:1025200000230A43CCE6C046FF07000001FCFFFF82
:10253000FF030000FFFFFFFEFE0700000DFCFFFF92
:102540003E04000049464A460904090C0D00160CD9
:10255000020C0004000C4543AC4605007543A84638
:1025600015000F007543009202952A00009D6F43ED
:1025700065462D0CA94647444F44B84505D915007A
:10258000802252029046454402953D0C03956546D3
:102590002D043F042D0CAC463D0065440495250CEC
:1025A0002404240CAC4625007543A84665460F005C
:1025B0006943414489466743390C49446E43884521
:1025C00003D980225202904646440D0CA84635009D
:1025D00045440595039D3F04A8463F0C0904C919CD
:1025E00088444546039555462E04360C2F0C35007D
:1025F0004543784381463800A8462D0CAA46009AE8
:10260000504372434A445244914503D980256D0298
:10261000A9464844150CA94645462D042D0CA8464C
:1026200065467D43120448449044A94632006546FD
:1026300062436E437C43170C3619BF19BC4203D961
:1026400080246402A446E144029C039EA446059DA6
:1026500066448E428941AC4612043C04120CA21816
:102660006244494254184644A4464645A441824621
:102670006442A046AA4292418C458941E244D0443A
:10268000494252420A43A045A441824589416442DD
:1026900049420C4341463F0CD2191219CC0D049902
:1026A00070020843411E884141464A44F60D5202D9
:1026B0003043490214430843D20135D5012243086F
:1026C00002401343E0071843640834E6009BA24627
:1026D0009B4681468024534624031C4324034A46D8
:1026E0002E4B240BECE500F075FD15239C4684442D
:1026F0000200634620321C2B00DC84E6002399464E
:102700002300083883409A468EE600F063FD0200FD
:102710000300153220331C2A00DC4EE60200340090
:10272000083A0020944052E6019304E61C4B210035
:102730009C460300019DD3406544A9401943030012
:10274000AB40581E834119430800D4404B0709D0C1
:102750000F230B40042B05D00B1D8B4280414042C0
:1027600024181800230200D4D6E6012300240022F6
:10277000A6E50F29AAD1802352461B031A42A9D0ED
:102780001C42A7D11C43009B02009B46034B97E5CC
:102790000024C1E60024014B220091E5FF07000060
:1027A0001E040000F0B54E464546DE465746E0B5ED
:1027B00085B0009001910C034F00CE0F610A009C80
:1027C000B046640F0C4300997F0DC80011001A0039
:1027D0001B039C460091019251004B0D9946019BB1
:1027E000009DD90F63466A0F5B0A1343EA009446C3
:1027F0009346C14A03900293914500D1CDE0012553
:1028000069404D467D1BAA468E4200D180E0002DD6
:1028100000DC35E34946002900D1DFE0974200D1D2
:1028200094E152460125382A19DC8022029B1204C9
:102830001343029352461F2A00DDE3E15346202250
:102840006146029DD21A9540D9400D4361469140A0
:102850000A00511E8A411543029ADA40A41A451B08
:10286000A84280414042241A230200D43DE1640280
:10287000640A002C00D147E1200000F0ABFC03000B
:10288000083B20212800CA1AD0409C4002009D40ED
:1028900022439F4200DD77E1D81B0130091A2C004A
:1028A0008D40C4406B1E9D411300C2408B402543A8
:1028B000002714001D436B0709D00F232B40042B66
:1028C00005D02B1DAB42AD416D4264191D002302A2
:1028D00000D440E1884A0137974200D101E1012646
:1028E00043468649ED0821404A072A437C054D02AC
:1028F0002D0B640D1E4024052C43F60734431000B5
:10290000210005B0F0BCBB46B246A946A046F0BDCA
:10291000002D00DCD0E24946002900D0D4E0614619
:10292000029B194300D12BE1691E012D00D1D9E191
:10293000954200D10AE10125382917DC8A46534621
:102940001F2B00DDE7E12022D21A029B6146934053
:102950001D005346D940634693401A000D43511E53
:102960008A4153461543029ADA40A4182D1885422D
:10297000804140422418230200D4B6E05E4B013768
:102980009F4200D1ADE001215C4B6A081C40294008
:102990000A43E507154364088DE7594A029B9246AE
:1029A0006246BA441A432CD08E422ED05246002A98
:1029B00060D0002F00D1DBE063460E00029CD808F7
:1029C00062070243E4081300234300D154E2802548
:1029D0002D0325432D03484C2D0B8CE76146029BAC
:1029E000194300D1CCE029000139012D00D188E143
:1029F000954200D1AAE00125382900DD2FE78A465B
:102A000018E7012251408E42D0D15346002B00D10D
:102A1000BEE0002F00D038E1CA462200024300D1B8
:102A2000E2E15346591E012B00D10DE2324A924594
:102A300000D1D2E10127382913DC1F2900DDEEE1A6
:102A40002022029B521A250007009A46CC40904053
:102A50009540CF40A244421E904153462F43074326
:102A600002933D00654465459241029B52424F46A8
:102A7000D41880E7234A7D1C154200D0AAE06246A4
:102A80002500029B05431A43002F00D0F5E0002DDE
:102A900000D16BE1002A00D152E16346C51A029BC6
:102AA000E21AA8429B415B42D31A1A0200D4D5E134
:102AB00063461D1AAC4592410126029B52421C1BE3
:102AC0008846A41A0E40F6E697423FD052460125AA
:102AD000382A00DD4AE78022029B12041343029346
:102AE0002DE73C000025002205E707232B40002BA3
:102AF00000D0E2E66BE0C046FF070000FFFF7FFF6B
:102B000001F8FFFFFE070000280000F063FB030050
:102B100018331F2B00DCB4E62A00083882409F429D
:102B200000DDB9E0DB1B581C1F2800DCA0E115000C
:102B30001F3BDD40202805D040231B1A9A40531E1E
:102B40009A411543072300272B40D0E7C0086207AE
:102B50000243E40837E7EA0863071A43D34BE40863
:102B60009F4200D12FE72403250B7C05640DC2E6AC
:102B7000CA462200024358D163460E00029C0393CA
:102B8000039B5746DA08E7E7C94CFF1A144092E660
:102B9000C84D7A1C2A4200D084E022000243002F54
:102BA00000D0EFE0002A00D1E5E0624602990A4336
:102BB00000D1C5E06346C5188C4685428041644417
:102BC00040422418230202D5B94B01371C40BA46B3
:102BD0000395D5E76246851AA84292415242914632
:102BE000029BE31A1A004B46D21A130091461A02AE
:102BF0006CD44A464C462A4300D03AE600260024CC
:102C0000002578E6029953460D00203AD540202B46
:102C100006D04022D21A0B00934062461A439346D4
:102C20005B465A1E93411D4319E653465A1E012B1B
:102C300000D1C6E09D4EB24500D1BDE688460E00EB
:102C40000125382A10DC1F2A7FDC20212500891A63
:102C5000070088408D40D740D440411E8841029BE8
:102C60003D431B1B054302936246551BAC459241F5
:102C7000029B52424F469C1AF6E5002D00D0B7E069
:102C8000002A00D1F0E001260E4063460298D908E0
:102C900042070A43C40896E6854CFF1A14406207AF
:102CA000E40860E781498A4200D1C9E06346C1185F
:102CB00081428041029B4042E3181B18DD075C08FB
:102CC000072349080D4317002B4010E763461D1AE0
:102CD000AC4592410126029B52421C1B8846A41A15
:102CE0000E40C6E56346C518029B854280419C465E
:102CF0004042644424180127230200D4F5E6022749
:102D000041E66346C51AA8428041029B4042E41A4C
:102D10000127241AA8E5029D52462B00203AD340F1
:102D200019005346202B06D04022D21A2B00934084
:102D300062461A4393465D466B1E9D410D4315E660
:102D40006207C0080243E4080DE71100270020399C
:102D5000CF40202A05D040218A1A944025000543FF
:102D60000395039D6A1E95413D437DE7002A00D1EE
:102D700044E701260E406346D908029B5A070A43DE
:102D8000DC08F0E6002A28D06246029FC0083A43D9
:102D900000D1DCE6620710438022E40812031442EB
:102DA00009D0FD08154206D1634601262C00D8083B
:102DB0007B0718430E40420FC000C0085207024371
:102DC00001E663461D1AAC459241029B52421C1B10
:102DD0000E0088460127A41A46E56346D908029BDF
:102DE0005A070A43DC08EEE56346029C0393C7E6F4
:102DF000C008002A00D1AAE6620710438022E40836
:102E000012031442D7D0029FFD081542D3D1634666
:102E10000126D8087B072C0018430E40CBE70A0098
:102E20002700203AD740202905D04022521A94404A
:102E3000250005430395039D6A1E95412F4310E627
:102E400014000025002256E5029B60449946604527
:102E500092414C4452420500A4184CE71A001C0051
:102E60002A4300D0B3E6C9E6802400262403AEE559
:102E700020210025091A17E5002200250B4C3AE510
:102E8000002D00D1F6E54B46DA1B9246002F00D10B
:102E90006FE6382A05DC80263604344388460E0067
:102EA000D1E688460E000125DEE6C046FF07000099
:102EB000FFFF7FFFFE070000002D00D168E64B46B4
:102EC000D91B002F01D18A46A7E50127382900DD4B
:102ED000C7E5802212041443AFE5C046F0B5C646EC
:102EE0001E03360BB0460D4E0C034D005F0000B5BF
:102EF000240B6D0D7F0DB5420BD0084900208F4289
:102F000004D1464616433000431E984180BCB84663
:102F1000F0BD04430120002CF8D1EEE7FF070000CC
:102F20000B00020070B5164D0C0382B04900002062
:102F300000920193240B490DDE0FA94204DD1148D4
:102F4000814203DD104BF01802B070BD80204003B9
:102F500020430E4C641A1F2C08DD0D4B5B1AD84021
:102F600003005842002EEFD11800EDE7094B009AFC
:102F70009C46030061448B40E2401343F1E7C046A6
:102F8000FE0300001D040000FFFFFF7F330400006C
:102F900013040000EDFBFFFF70B5002816D0C31727
:102FA000C5185D40C40F280000F014F9104B1B1A1F
:102FB0005B055B0D0A2814DC02002E0015329640DA
:102FC0000B22121AD5402D032D0B03E00024002301
:102FD000002500261B052B43E4072343300019007E
:102FE00070BD0B3885402D0300262D0BF2E7C0463F
:102FF0001E04000010B5041E10D000F0EBF80E4BBC
:103000001B1A5B055B0D0A280FDC0B222100121A2C
:10301000D14015300A038440120B01E00023002246
:103020001B0513432000190010BD22000B388240FD
:1030300012030024120BF3E71E04000070B54202D5
:103040004300C40FFE201B0E591C550A08420CD029
:10305000E02189008C466D07120B63441B05134366
:10306000E40723432800190070BD002B14D1002D64
:103070001BD0280000F0AEF80A281CDC0B232A0025
:103080001B1ADA40030015339D400E4B12031B1A26
:103090005B05120B5B0DE1E7002D09D0130B8022BD
:1030A00012031A436D07084BD8E700230022D5E727
:1030B0000022054BD2E703002A000B3B9A40002573
:1030C000E3E7C04689030000FF070000F0B54B00AE
:1030D0000F035B0D3B4C450F83B07F0A5E1C2F43F3
:1030E00000900191CA0FC50026420BD036495C18EA
:1030F000FE2C13DDFF200023C0051843D207104328
:1031000003B0F0BD002B02D100200023F4E73D43C3
:10311000F0D08023DB03FF203B43EDE7002C14DDE0
:10312000009BFF009B01581E8341690F3B430B43EB
:10313000590741D00F211940042928D004335901DF
:1031400025D501340023E0B2D6E721001731DBDBBF
:1031500080211E2009043943001B1F281BDD022685
:103160007642341B0E00E6403400202804D0174875
:103170008446634499400D432B00591E8B412343E1
:10318000590715D00F2100241940042917D19B019C
:103190005B0AE0B2B0E70E4C1C192B00A540C340FF
:1031A000A140681E854129430B4300245907C1D122
:1031B0009B0100205B0A9FE7DB08E0B29CE7043339
:1031C000E5E7C046FE07000080FCFFFFA2FCFFFF12
:1031D00082FCFFFF1C2101231B04984201D3000C39
:1031E00010391B0A984201D3000A08391B0998427A
:1031F00001D30009043902A2105C40187047C04690
:1032000004030202010101010000000000000000AF
:1032100010B5002903D1FFF7DDFF203002E00800E0
:10322000FFF7D8FF10BDC04680B500AFBFF34F8F8A
:10323000C046044B044ADA60BFF34F8FC046C04615
:10324000FDE7C04600ED00E00400FA0580B500AFE0
:1032500000F012F800F08EF800F0C0F800F02AF943
:1032600000F0B8F900F0CAFA00F03AFC00F0CAFC2D
:10327000C046BD4680BD000090B583B000AF3B1D89
:1032800000221A70BB1D08221A80BB1C00221A8063
:10329000334ABB1C12881A80BB1C1B88314A9342DC
:1032A00007D1314B01221A70304B00221A70FA23D9
:1032B00051E0BB1C1B881B0A9BB2DAB22A4B1A7066
:1032C000294B1B78002B02D1274B01221A70BB1C03
:1032D0001B88DAB2254B1A707B1D01221A7032E06E
:1032E0007B1C00221A7024E0BB1D1B881C4A9446DC
:1032F000634419007B1D1B785A1E7B1C1B78DBB2B4
:103300001C000B8898B21A4913009B009B185B00A5
:103310009B181B195B00021C5A52BB1DBA1D128858
:1033200008321A807B1C1B78DBB20133DAB27B1CBB
:103330001A707B1C1B78DBB20A2BD5D97B1D1A783F
:103340007B1D01321A70084B1B787A1D12789A4245
:10335000C6D93B1D1B781800BD4603B090BDC046C2
:1033600000A80708FFFF00007C0000202C130020AD
:10337000240F002080B582B000AFFB1D00221A7020
:10338000BB1D01221A7019E0BB1D1B789BB20133D3
:1033900098B2BB1D1B78013B5A000E4BD318190085
:1033A00011F061FBBB1D1B78192B02D9FB1D0A22F2
:1033B0001A70BB1D1A78BB1D01321A70064B1B78A0
:1033C000BA1D12789A42DFD9FB1D1B781800BD4642
:1033D00002B080BDF81200207C00002090B583B0C0
:1033E00000AFFB1C00221A70BB1D00221A803B009C
:1033F00000221A807B1D00221A704BE03B1D012227
:103400001A7033E0BB1D1B881C339BB23A001100BD
:10341000180011F028FB3B0018887B1D1A783B1D13
:103420001978C4B2214813009B009B185B00C31895
:10343000221C5A543B001B881B0A98B27B1D1A7829
:103440003B1D1B78591EC4B2184813009B009B18E3
:103450005B00C318221C5A54BB1D1A88BB1D0132C5
:103460001A803B1D3A1D127802321A703B1D1B78E0
:10347000092BC7D97B1D1A780C4913009B009B1898
:103480005B00CB18093300221A707B1D1A787B1D54
:1034900001321A70064B1B787A1D12789A42ADD908
:1034A000FB1C1B781800BD4603B090BD981100208E
:1034B0007C00002090B583B000AFFB1C00221A7086
:1034C000BB1D00221A803B0000221A807B1D0022B7
:1034D0001A707B1D00221A7015E0BB1D1B88CB33B0
:1034E00098B27B1D1B785A00374BD318190011F086
:1034F000BAFABB1D1A88BB1D01321A807B1D1A78CF
:103500007B1D01321A70314B1B787A1D12789A425A
:10351000E3D37B1D00221A704BE03B1D01221A7081
:1035200033E0BB1D1B8899339BB23A001100180091
:1035300011F099FA3B0018887B1D1A783B1D197809
:10354000C4B2234813009B009B185B00C318221CC5
:103550005A543B001B881B0A98B27B1D1A783B1DEE
:103560001B78591EC4B21A4813009B009B185B00BD
:10357000C318221C5A54BB1D1A88BB1D01321A8065
:103580003B1D3A1D127802321A703B1D1B78092B25
:10359000C7D97B1D1A780E4913009B009B185B004E
:1035A000CB18093300221A707B1D1A787B1D01325B
:1035B0001A707B1D1B78092BAFD9FB1C1B781800D8
:1035C000BD4603B090BDC046C41200207C00002060
:1035D000340A0020B0B588B002AF0B23FB180022DC
:1035E0001A703B1D00221A80BB1C00221A8008247E
:1035F0003B1900221A80BB1D00221A8017257B1957
:1036000000221A7000233B610023FB603B1D190060
:10361000E42011F028FA03001A003B191A803B1924
:103620001B88002B03D13B1D1A887B191A703B1D88
:103630001900E52011F017FA03001A0008243B19BD
:103640001A80BB1C1900E62011F00DFA03001A00C5
:10365000BB1D1A803B191B88002B0AD1BB1D1B8880
:10366000002B06D13B1D1B881B04BA1C12889B181B
:103670003B613B1D1900E72011F0F5F903001A002A
:1036800008243B191A80BB1C1900E82011F0EBF943
:1036900003001A00BB1D1A803B191B88002B0AD19E
:1036A000BB1D1B88002B06D13B1D1B881B04BA1CAD
:1036B00012889B18FB603B1D1900E92011F0D3F91B
:1036C00003001A0008217B181A807B181B88002B26
:1036D0000BD13B1D1B881B0A9BB2DAB2414B1A70FF
:1036E0003B1D1B88DAB2404B1A703B1D1900EA20C3
:1036F00011F0B9F903001A0008217B181A807B1811
:103700001B88002B0BD13B1D1B881B0A9BB2DAB216
:10371000364B1A703B1D1B88DAB2354B1A703B1DB5
:103720001900EB2011F09FF903001A0008217B1803
:103730001A807B181B88002B0BD13B1D1B881B0A92
:103740009BB2DAB22B4B1A703B1D1B88DAB22A4BA4
:103750001A70244B1B78002B11D0234B1B78002BA5
:103760000DD0204B1D78204B1B78FC68396917223F
:10377000BA18107800932B00220007F0CBF91B4BEE
:103780001B78002B11D01A4B1B78002B0DD0174B38
:103790001D78174B1B78FC6839691722BA18107806
:1037A00000932B00220007F0B5F9124B1B78002B79
:1037B00011D0114B1B78002B0DD00E4B1D780E4BEA
:1037C0001B78FC6839691722BA18107800932B000F
:1037D000220007F09FF90B23FB181B781800BD4649
:1037E00006B0B0BD53130020541300205513002021
:1037F000561300205713002058130020B0B584B092
:1038000000AF0F23FB1800221A7008243A198A23EC
:103810005B001100180011F026F903001A000C21BA
:103820007B181A807B181B88002B24D13B191B881E
:103830001A1C03231340DAB2A44B03210A4050019F
:103840001A7860218A43111C021C0A431A703B1922
:103850001B881B0A9BB21A1C01231340DAB29B4B34
:1038600001210A4090001A7804218A43111C021C8D
:103870000A431A701FE0964B1B785B069B0FDAB267
:10388000924B03210A4050011A7860218A43111C8F
:10389000021C0A431A708E4B1B785B07DB0FDAB2EF
:1038A0008A4B01210A4090001A7804218A43111C96
:1038B000021C0A431A7008243A198E235B00110077
:1038C000180011F0D0F803001A000C217B181A80A0
:1038D0007B181B88002B11D13B191B881BB29BB294
:1038E000DB0BDAB2794B01210A40D0001A780821AB
:1038F0008A43111C021C0A431A700FE0744B1B7898
:103900001B07DB0FDAB2714B01210A40D0001A7895
:1039100008218A43111C021C0A431A7008243A1910
:103920001623FF331100180011F09DF803001A0050
:103930000C217B181A807B181B88002B04D13B19A3
:103940001A88644B1A8003E0634B1A88614B1A8013
:1039500008243A198B235B001100180011F083F83A
:1039600003001A000C217B181A807B181B88002B7F
:1039700004D13B191A88574B5A8003E0564B5A889A
:10398000544B5A8008243A191823FF3311001800A9
:1039900011F069F803001A000C217B181A807B18BB
:1039A0001B88002B0CD13B191B88DAB2494B1A71CA
:1039B0003B191B881B0A9BB2DAB2464B5A7107E0CF
:1039C000454B1A79434B1A71434B5A79414B5A7103
:1039D00008243A198C235B001100180011F043F8F9
:1039E00003001A000C257B191A80BA1D1A23FF3315
:1039F0001100180011F037F803001A000A217B1893
:103A00001A807B191B88002B0DD17B181B88002B7B
:103A100009D13B191B881A00BB1D1B881B041A43C4
:103A20002C4B9A600CE02D4B1B78002B04D0294BBB
:103A3000E12252029A6003E0274B9A68254B9A6074
:103A400008243A198D235B001100180011F00BF8BF
:103A500003001A000C217B181A807B181B88002B8E
:103A60000CD13B191B88DAB21A4B1A733B191B880D
:103A70001B0A9BB2DAB2174B5A7305E0154B18229A
:103A80005A73144B00221A7308243A191C23FF336B
:103A90001100180010F0E7FF03001A000C217B183A
:103AA0001A807B181B88002B05D13B191B88DAB2C2
:103AB000084B9A7603E0084B9A7E064B9A760F23C2
:103AC000FB181B781800BD4604B0B0BD4C13002095
:103AD00050130020301300208000002052130020DB
:103AE00080B582B000AFBB1D00221A703B000022DF
:103AF0001A803B1D00221A80FB1C00221A70FB1D3D
:103B000000221A7071E0FB1D1B783B339BB29B00B7
:103B10009BB23A001100180010F0A5FF03001A0034
:103B20003B1D1A803B1D1B88002B59D13B001B8875
:103B30001B0A9AB2FB1C1A70FB1C1B781B09DBB218
:103B40001A00FB1D1B7801339A4249D1FB1C1B78DC
:103B50000F22134044D0FB1D1B785A1CFB1C1B7802
:103B60000F210B40D8B2264913005B009B18CB18DD
:103B70000133021C1A703B001988FB1D1B785A1C6C
:103B8000C8B21F4913005B009B18CB180233021CFC
:103B90001A70FB1D1B785A1C194913005B009B18F7
:103BA000CB1801331A78FB1D1B780133DBB21900E7
:103BB000100011F0E1FDFB1D1B780133D8B2FB1D95
:103BC0001B785A1C0E4913005B009B18CB1802335C
:103BD0001B7801221340DBB20022190011F0CAFF4A
:103BE000FB1D1A78FB1D01321A70FB1D1B78052B7B
:103BF00089D9BB1D1B781800BD4602B080BDC046E8
:103C0000344E002090B585B000AF0F23FB18002282
:103C10001A706F4BBB60322027F01CFD03003B6025
:103C20003B68002B01D1FB23CEE0BB681B78FE2B49
:103C300001D0FF23C8E0FB1D00221A70B8E00F235B
:103C4000FB1800221A7010E0BB685A1CBA601900F9
:103C50000F203B181B783A68D3180A78D2B21A7032
:103C60003B181A783B1801321A700F243B191B7845
:103C7000132BE9D9FB1D1A7813009B009B189B009E
:103C8000544A98183B6801331422190029F08BFA22
:103C90003B6814220021180029F05DF93B1900222D
:103CA0001A70BB681433BB600FE0BA680F203B1872
:103CB0001B783968CB1812781A70BB680133BB6067
:103CC0003B183A18127801321A70BB681B78FE2B29
:103CD00008D0BB681B78FF2B04D00F23FB181B7880
:103CE000312BE2D90F217B181B78013B3A68D3189E
:103CF0001B78002B04D07B187A18127801321A70C6
:103D00000F23FB181A78FB1D1C78100027F0A2FC6B
:103D1000030019002F4A23009B001B199B00D31896
:103D20000C331960FB1D1A782A4913009B009B185D
:103D30009B00CB180C331B68002B12D1FB1D1A788B
:103D400013009B009B189B00224A9B181422002101
:103D5000180029F000F93B68180027F085FC0E23B5
:103D600032E0FB1D1A781B4913009B009B189B0037
:103D7000CB180C3318680F243B191A783B681900CC
:103D800029F011FA144B1B780133DAB2124B1A7076
:103D90003B191A783B680021180029F0DCF8BB6851
:103DA0001B78FE2B0AD1FB1D1A78FB1D01321A70FD
:103DB000FB1D1B78042B00D841E700E0C0463B68A0
:103DC000180027F051FC00231800BD4605B090BD37
:103DD00000B00708E0130020D50A002080B582B0AB
:103DE00000AFFB1D00221A70BB1D01221A7021E0DA
:103DF000BB1D1B785A1E154B5200D35A002B0DD0F9
:103E0000BB1D1B789BB2013398B2BB1D1B785A1E99
:103E10000E4B5200D35A190010F046FEBB1D1B7802
:103E2000192B02D9FB1D0A221A70BB1D1A78BB1D63
:103E300001321A70064B1B78BA1D12789A42D7D9F4
:103E4000FB1D1B781800BD4602B080BDF812002093
:103E50007C00002090B583B000AFFB1C00221A70DC
:103E6000BB1D00221A803B0000221A807B1D00220D
:103E70001A7047E07B1D1A78284913009B009B1895
:103E80005B005B5C002B38D03B1D01221A7030E0D8
:103E90007B1D1A783B1D1B78591E204813009B0080
:103EA0009B185B00C3185B5C1B0299B27B1D1A78E0
:103EB0003B1D1878194C13009B009B185B00E318FE
:103EC0001B5C1A003B008A181A80BB1D1B881C3320
:103ED0009AB23B001B881900100010F0E5FDBB1DD5
:103EE0001A88BB1D01321A803B1D3A1D127802321E
:103EF0001A703B1D1B78092BCAD97B1D1A787B1DB4
:103F000001321A70064B1B787A1D12789A42B1D989
:103F1000FB1C1B781800BD4603B090BD9811002013
:103F20007C000020F0B587B000AFB9607A6019005E
:103F30000F243B19021C1A700E257B190A1C1A70DB
:103F40001726BB1900221A703B191B789BB2190067
:103F5000E42010F0A9FDBB681B0A9BB21900E52004
:103F600010F0A2FDBB689BB21900E62010F09CFD8A
:103F70007B681B0A9BB21900E72010F095FD7B6857
:103F80009BB21900E82010F08FFD7B191B789BB2C3
:103F90001B029AB2202310241B19DB191B789BB239
:103FA000D3189BB21900E92010F07EFD24231B19C1
:103FB000DB191B789BB21B029AB228231B19DB1951
:103FC0001B789BB2D3189BB21900EA2010F06CFD4D
:103FD0002C231B19DB191B789BB21B029AB23023CE
:103FE0001B19DB191B789BB2D3189BB21900EB206D
:103FF00010F05AFDBB191B781800BD4607B0F0BD84
:1040000080B582B000AFFB1D00221A70284B1A88C1
:104010001623FF331100180010F046FD244B5A8878
:104020008B235B001100180010F03EFD204B5B79E4
:104030001B021AB21E4B1B7B1BB213431BB29AB25C
:104040001823FF331100180010F02EFD184B9B6849
:104050009AB28C235B001100180010F025FD144B60
:104060009B681B0C9AB21A23FF331100180010F042
:104070001BFD0F4B5B7B1B021AB20D4B1B791BB256
:1040800013431BB29AB28D235B001100180010F08D
:104090000BFD074B9B7E1A001C23FF3311001800F9
:1040A00010F002FDFB1D1B781800BD4602B080BD5C
:1040B0003013002080B582B000AFFB1D00221A70C3
:1040C0001B4B34220021180028F045FFBB1D0122A4
:1040D0001A7021E0BB1D1B785A1E154B5200D35A93
:1040E000002B0DD0BB1D1B789BB2013398B2BB1DBA
:1040F0001B785A1E0E4B5200D35A190010F0D4FCF4
:10410000BB1D1B78192B02D9FB1D0A221A70BB1D7F
:104110001A78BB1D01321A70064B1B78BA1D127833
:104120009A42D7D9FB1D1B781800BD4602B080BD4E
:10413000F81200207C000020B0B58EB002AF14232E
:10414000F8180A257A191823F9180823FB18009380
:104150000300012010F078FE0C23F818BA1D10237C
:10416000F9183B1D00930300022010F06DFE1C2186
:104170007B1801225A607B1800229A607B191B88E9
:104180001A007B181A60BB691A000C007B18190012
:10419000100022F0B5F821007B1800225A607B182D
:1041A00002229A603B1D1B881A007B181A60FB686C
:1041B0001A007B181900100022F0A2F8BB69180041
:1041C0007B191B880022190022F0FBFA052012F04F
:1041D000FDFFFB681A003B1D1B881900100022F030
:1041E000D3FA031E17D1BB6918007B191B88012263
:1041F000190022F0E6FA052012F0E8FFFB681A0029
:104200003B1D1B881900100022F0BEFA0300012B91
:1042100001D1012300E000231800BD460CB0B0BD61
:1042200090B585B000AF78600F23FB1800221A709C
:104230001CE00F243B191A78114913005B009B18EE
:104240009B00CB1808331A687B6811001800FBF735
:104250005BFF031E04D13B191B780133DBB20BE07B
:104260000F217B181A787B1801321A700F23FB1864
:104270001B78002BDDD000231800BD4605B090BD93
:104280000C4D002080B584B000AF78600F23FB1880
:1042900000221A7041E0264A7B6811001800FBF7E3
:1042A00033FF031E01D101233DE0224A7B68110048
:1042B0001800FBF729FF031E01D1022333E01E4A39
:1042C0007B6811001800FBF71FFF031E01D10323B9
:1042D00029E01A4A7B6811001800FBF715FF031E3E
:1042E00001D104231FE0164A7B6811001800FBF778
:1042F0000BFF031E01D1052315E0124A7B68110054
:104300001800FBF701FF031E01D106230BE00F216C
:104310007B181A787B1801321A700F23FB181B7850
:10432000052BB8D900231800BD4604B080BDC04697
:104330004022030844220308482203084C220308B1
:10434000502203085422030880B582B000AF12F057
:104350005BFB12F055FD10F05BFB10F011FC10F050
:1043600027F812F099FE10F05DFA12F0CFFE10F06F
:10437000BDFC031E03D010F0EDFBFEF755FFFFF769
:10438000DBFE031E21D03A4B01221A70322012F0BC
:104390001DFF0DF067FA374BE12252029A60FB1DB8
:1043A00001221A700CE0334B9A68FB1D1B78110038
:1043B000180013F06DFBFB1D1A78FB1D01321A70FB
:1043C000FB1D1B78052BEED904E0322012F0FEFE17
:1043D0000DF048FAFEF73AFF13F0C4FC10F022F893
:1043E000254B1B78002B13D18023DB0123480122AE
:1043F000190022F0E6F9FA235B00180012F0E6FE3D
:104400008023DB011D480022190022F0DAF926E0A2
:104410008023DB0119480122190022F0D2F9FA2386
:104420005B00180012F0D2FE8023DB01134800224B
:10443000190022F0C6F9642012F0C8FE8023DB01C7
:104440000E480122190022F0BCF9642012F0BEFED1
:104450008023DB0109480022190022F0B2F906F09E
:1044600043F9074B01221A70C046BD4602B080BD19
:1044700052130020301300202C13002000040050A1
:10448000D30A002080B500AF1FF002FF0CF0D7FD6B
:10449000FFF75AFF06F04CF91CF0E4FBC046BD469E
:1044A00080BD0000F0B587B002AF0F23FB180022DB
:1044B0001A700E23FB1800221A700D23FB1800221D
:1044C0001A70BB1D00221A707B1D00221A700C236B
:1044D000FB1800221A700B23FB1800221A700A2303
:1044E000FB1800221A700923FB1800221A70BB1C4B
:1044F00000221A80D24B01221A70D24B1A78D24B6A
:104500001A700823FB1801221A7016E0CE4B1B7894
:1045100008217A1812789A4209D07B181B78180063
:1045200013F0D6FA03000121180013F0FBFA08215A
:104530007B181A787B1801321A700823FB181B7835
:10454000052BE3D9C04B1B78180000F0B5FCBF4B1E
:1045500002221A7032201CF08DFB0E23FB18012260
:104560001A700923FB1801221A7041E009217B18F7
:104570001B785A1EB64B9200D35A002B32D00E2411
:104580003B193A19127801321A70B24B3A19127863
:104590005A70B14B3A1912781A70AE4B00221A7049
:1045A0000D007B18187803230093102300220021AC
:1045B00006F0CEFE3B191B789BB21B029BB27A1908
:1045C0001278511EA24A89008A5AD2B211007A1971
:1045D0001278013A5B1899B29D4B9200D152322069
:1045E0001CF048FB09217B181A787B1801321A70DD
:1045F00009217B181B78052BB8D9984B1A88984B42
:104600001A807B1801221A705CE009243B191B7880
:104610005A1E8F4B9200D35A002B4DD03B191B785A
:10462000591EBB1C8A4A89008A5A1A80BB1C1B88E7
:104630001B0A9AB2BB1D1A703B191B785A1E844B79
:104640009200D25A7B1D1A70BB1D1B78DB001AB278
:104650007B1D1B781BB2134319B23B191A7889B220
:104660007F4B5200D1523B191B78013BBA1D127887
:10467000013A77499B00CB1802331888784B1621F2
:104680004A43011CD1526E4B1B78DB001AB23B1916
:104690001B781BB2134319B2BB1D1B785A1E7B1D1E
:1046A00018788CB26E4913009B009B185B009B1816
:1046B0001B185B00221C5A5209217B181A787B18A0
:1046C00001321A700923FB181B78052B9DD90C2386
:1046D000FB1802221A7017E00E23FB181B789BB2FE
:1046E0001622534399B25E4A0C243B1918780B00EA
:1046F000112106F0A7FD0A201CF0BCFA21007B184E
:104700001A787B1801321A700C23FA180E23FB1842
:1047100012781B789A42DFD979E10C23FB18022228
:104720001A7066E1FB1D01221A700AE0FB1D1B785E
:10473000013B484A0121D154FB1D1A78FB1D01326F
:104740001A70FB1D1B780A2BF0D9424B00229A727B
:104750000C243B191B780B220E21180006F020FDBB
:1047600032201CF087FA3B191B7800220C2118001C
:1047700006F016FD96235B0018001CF07BFA0B2355
:10478000FB1801221A7051E00B203B181B78591EB0
:10479000BB1C344A89008A5A1A80BB1C1B881B0A1E
:1047A0009AB2BB1D1A70BB1C1B88002B38D0BB1DD6
:1047B0001B78002B34D10E217B187A181278013225
:1047C0001A70244B7A1812785A70234B7A18127880
:1047D0001A707B181B789BB21B029BB23A18127896
:1047E000511E204A89008A5AD2B211003A18127812
:1047F000013A5B1899B21B4B9200D152154B012222
:104800001A70144B3A1812789A700C23FB181B7804
:1048100003221021180006F0C3FC32201CF02AFAF3
:104820000B217B181A787B1801321A700B22BB18E7
:104830001B780A2BA8D9BB1801221A70A3E0C04626
:104840002C13002051130020D00A0020D20A00208F
:10485000300E0020000C00207C0000207A00002098
:10486000240F0020440E00200B243B191B785A1EF5
:10487000E04B9200D35A002B00D17EE03B191B780D
:10488000591EBB1CDB4A89008A5A1A80BB1C1B8834
:104890001B0A9AB2BB1D1A703B191B785A1ED54BC6
:1048A0009200D25A7B1D1A70BB1D1B78012B64D05D
:1048B0000C257B191B785A1E3B191878CE4913001A
:1048C0009B009B185B009B181B185B005B5A002B1E
:1048D00018D1BB1D1B78DB001AB27B1D1B781BB2E5
:1048E000134319B27B191B785A1E3B1918788CB2E6
:1048F000C14913009B009B185B009B181B185B00B1
:10490000221C5A52BB1D1B785A1E7B1D1878BA49AF
:1049100013009B009B185B009B181B185B005B5AE5
:10492000002B2AD10B243B191B78013BBA1D1278AE
:10493000013AB0499B00CB1802331888AE4B1621C0
:104940004A43011CD1520C23FB181B78DB001AB21E
:104950003B191B781BB2134319B2BB1D1B785A1E9F
:104960007B1D18788CB2A44913009B009B185B0038
:104970009B181B185B00221C5A520B217B181A78BB
:104980007B1801321A700B243B191B780A2B00D8B4
:104990006AE7984B14220021180028F0DCFA3B1932
:1049A00002221A7017E00E23FB181B789BB2162206
:1049B000534399B2904A0B243B1918780B001121EC
:1049C00006F040FC64201CF055F921007B181A7891
:1049D0007B1801321A700B23FA180E23FB18127879
:1049E0001B789A42DFD90C217B181A787B18013288
:1049F0001A700C23FA180E217B1812781B789A4231
:104A000000D88FE60D23FB187A1812781A700D2340
:104A1000FA180E23FB1812781B789A4200D07CE615
:104A2000764B1A78764B1A70754B1B78180000F08D
:104A300043FA32201CF01EF90C23FB1801221A70D5
:104A400020E00C23FB181B78591EBB1C6D4A890003
:104A50008A5A1A80BB1C1B881B0A9AB2BB1D1A708B
:104A6000BB1C1B88002B07D0BB1D1B78002B03D160
:104A70000F23FB1805221A700C217B181A787B185B
:104A800001321A700C22BB181B78052BD9D9BB1820
:104A900002221A703DE00C23FB181B7800220C2127
:104AA000180006F07DFB96235B0018001CF0E2F86E
:104AB0000B23FB1801221A7020E00B23FB181B7834
:104AC000591EBB1C4B4A89008A5A1A80BB1C1B8882
:104AD0001B0A9AB2BB1D1A70BB1C1B88002B07D087
:104AE000BB1D1B78002B03D10F23FB1805221A7066
:104AF0000B217B181A787B1801321A700B23FB18D4
:104B00001B780A2BD9D90C217B181A787B18013213
:104B10001A700C23FA180E23FB1812781B789A428D
:104B2000B9D90F23FB181B78002B00D052E10923C1
:104B3000FB1801221A7017E0334B1B881BB20920A7
:104B40003A181278013A8021090211410A0012B282
:104B5000D24312B213401BB29AB22B4B1A803B18AD
:104B60001A783B1801321A700923FB181B78052BA1
:104B7000E2D90C23FB180E22BA1812781A7002E13F
:104B80000A23FB1801221A70B8E00C243B191B7889
:104B90005A1E0A257B191878174913009B009B1889
:104BA0005B009B181B185B005B5A002B30D17B19F4
:104BB0001B78013B154A0021D15420003B181B787B
:104BC0005A1E114B5200D35A1BB27A191278013A6D
:104BD0008021090211410A0012B2D24312B21340DD
:104BE00019B23B181B785A1E89B2074B5200D1529A
:104BF0007EE0C046440E0020240F00205113002008
:104C0000D00A0020300E0020F8120020000C0020F6
:104C10000C257B191B785A1E0A26BB191C78B91C57
:104C20009E4813009B009B185B009B181B195B00A0
:104C30001B5A0B80BB1C1B88DB089AB2BB1D1A7069
:104C4000BB1C1B88DAB27B1D07210A401A70BB1DF2
:104C50001B785A1E924B5200D35A19007B1D1B78A9
:104C6000013B802212021A4113000B401ED1BB19D6
:104C70001B78013B8B4A0121D1547B191B785A1EAA
:104C8000874B5200D35A1AB2BB191B78013B8021C3
:104C9000090219410B001BB2134319B27B191B788F
:104CA0005A1E89B27E4B5200D15221E00A203B1895
:104CB0001B78013B7B4A0021D1540C243B191B7803
:104CC0005A1E774B5200D35A1BB23A181278013A47
:104CD0008021090211410A0012B2D24312B21340DC
:104CE00019B23B191B785A1E89B26D4B5200D15232
:104CF0000A217B181A787B1801321A700A23FB18D4
:104D00001B780A2B00D840E70C243B191B781900AC
:104D1000012000F0F1FA20003B181B78013B624AA9
:104D2000D35C5A1EBB1D61498A5C1A707C1DBB1D79
:104D30001A7805003B181B781100180000F0DCFA07
:104D400003002370BA1D7B1912781B789A4206D093
:104D50007B1D1B78013B534AD35C012B02D1514B85
:104D600001229A720C243B191B780B220E21180089
:104D700006F016FA0A201BF07DFF21007B181A7836
:104D80007B18013A1A700C23FB181B78012B00D9F1
:104D9000F6E60923FB1801221A7016E0444B1B7833
:104DA00009217A1812789A4209D07B181B781800CA
:104DB00012F08EFE03000021180012F0B3FE09214C
:104DC0007B181A787B1801321A700923FB181B789C
:104DD000052BE3D90F23FB181B78002B25D10C23BF
:104DE000FB1802221A7019E00C243B191B780022D0
:104DF0000121180006F0D4F93B191B78013B2A4A1F
:104E0000D35C1A0013009B009B185B0018001BF07A
:104E100031FF3B191A783B1901321A70254B1B7868
:104E20000C22BA1812789A42DED90F23FB181B788D
:104E3000002B2CD10CF03AFAFEF7D0FF64201BF0C7
:104E400019FF0C23FB1802221A7019E00C243B19DD
:104E50001B7800221521180006F0A2F93B191B78D7
:104E6000013B114AD35C1A0013009B009B185B00A6
:104E700018001BF0FFFE3B191A783B1901321A701B
:104E80000C4B1B780C22BA1812789A42DED90F23E9
:104E9000FB181B781800BD4605B0F0BD240F00209C
:104EA000F8120020000C002060110020B41B00202C
:104EB000D00A00207C00002080B586B002AF02003E
:104EC000FB1D1A700E23FB1800221A700F23FB180B
:104ED00001221A7028E00F217A18FB1D12781B7826
:104EE0009A421BD0164B1B881B0A9BB2DAB2154B99
:104EF0001A70134B1B88DAB2124B5A70114B7A1886
:104F000012789A707B181878032300930A230022E2
:104F1000002106F01DFA05201BF0ACFE0F217B18C6
:104F20001A787B1801321A700F23FB181B78052B97
:104F3000D1D90E23FB181B781800BD4604B080BDE4
:104F40007A000020000C0020F0B58DB000AF1F23C8
:104F5000F918087069460E0013211823CB18D919C7
:104F60000020087017211823CB18D91900200870C9
:104F700016211823CB18D9190020087015201823E2
:104F8000C318D9190020087014201823C318D91980
:104F900000200870D5490978080001387862396125
:104FA000002078613A697B691000400F3A617B61AB
:104FB000DD0005433B69DC003960002078603C6817
:104FC0007D682300580F2B00DB00FB60FB68034368
:104FD000FB602300DB00BB600B000733DB08DB005A
:104FE0006A46D31A9D466B4600333B62162118234E
:104FF000CB18DB1900221A7018E016201823C318EA
:10500000DB191B783A6A0021D1541823C318DB1925
:105010001A78B74B52000021D1521823C318DB195C
:105020001A781823C318DB1901321A70AF4B1B789A
:10503000162218215218D21912789A42DDD315215E
:105040001823CB18DB1918228A18D21912780132CA
:105050001A701F23FB181B78013B3A6A08001824BA
:105060000919C9190978D1541823C318DB19182252
:105070008218D219127801321A70172318229B183D
:10508000DB1901221A7054E01F23FB181B785A1EEB
:1050900017241823E318DB191878964913009B008E
:1050A0009B185B009B181B185B005B5A002B36D0CB
:1050B0001F23FB181B785A1E8D4B5200D35A1AB26D
:1050C00020001823C318DB191B78013B01219940EC
:1050D0000B001BB2134319B21F23FB181B785A1E77
:1050E00089B2834B5200D1521F23FB181B785A1EE2
:1050F0001823C318DB1918787E4913009B009B18EE
:105100005B009B181B185B005B5ADB089BB2013BE2
:105110003A6A152118200918C9190978D15417219C
:105120001823CB18DB191A781823CB18DB19013296
:105130001A70172318229B18DB191B78062BA3D98A
:10514000142318229B18DB1900221A701522182329
:10515000D318DB1918215218D219127801321A709B
:10516000162318229B18DB1900221A70A2E01623BE
:1051700018229B18DB191B783A6AD35C1A00152396
:1051800018215B18DB191B78013B9A4200D087E09D
:10519000172318229B18DB1901221A7078E01624B5
:1051A0001823E318DB191A7817251823EB18DB19D5
:1051B0001878504913009B009B185B009B181B1824
:1051C0005B005B5A002B59D01823E318DB191A78BF
:1051D0001823EB18DB191878464913009B009B181D
:1051E0005B009B181B185B005B5ADB089BB2013B02
:1051F0003A6AD35C002B41D120001823C318DB1975
:105200001A783B4B5200D35A1AB22C001823E318D9
:10521000DB191B78013B012199400B001BB21343A2
:1052200019B21823C318DB191A7889B2304B52000F
:10523000D1521823C318DB191A781823E318DB1985
:1052400018782C4913009B009B185B009B181B18B7
:105250005B005B5ADB089BB2013B3A6A15211820C0
:105260000918C9190978D15414221823D318DB1945
:1052700018215218D219127801321A7017211823E6
:10528000CB18DB191A781823CB18DB1901321A70E6
:10529000172318229B18DB191B78062B00D87EE7F2
:1052A00016211823CB18DB191A781823CB18DB1911
:1052B00001321A700D4B1B78162218215218D21980
:1052C00012789A4200D252E7142318229B18DB1955
:1052D0001B78002B00D033E7132318229B18DB190F
:1052E0001B78B5461800BD460DB0F0BD7C0000200F
:1052F000580E0020240F0020B0B594B000AF02007B
:10530000FB1D1A70BB1D0A1C1A700823FB18002213
:105310001A6004332E220021180027F01CFE3B23C4
:10532000FB1800221A704F23FB1800221A703A2330
:10533000FB1800221A704E23FB1800221A709F4B94
:105340001A220021180027F006FEFB1D1B78013BE6
:105350009B4A0021D154FB1D1B78013B994A002137
:10536000D1540123BB6432E0FB1D1B785A1E9649C1
:1053700013009B009B185B009B18BA6C9B185B008A
:105380005B5A002B20D0FB1D1B785A1E8E49130040
:105390009B009B185B009B18BA6C9B185B005B5AC8
:1053A000DB089AB2BB1D1B789BB29A420CD1BB1D85
:1053B0001B78013B824A0121D154804BBA1D1278DF
:1053C0001A70BB6CDBB2F5E0BB6C0133BB64BB6C29
:1053D000062BC9DD01237B6411E0FB1D1B787A6C71
:1053E0009A4209D07B6C013B754AFF21D1547B6CFA
:1053F000013B744A0021D1547B6C01337B64734BB5
:105400001B781A007B6C9342E7DD77E008243A1999
:105410006B4B1100180000F0DBF803001A004F215D
:105420007B1801321A707A18BB1D12781B789A42C9
:105430006DD07B181B78013B3A190121D1544323CD
:10544000FB1801221A7054E04F243B191B785A1E96
:1054500043257B1918785C4913009B009B185B005F
:105460009B181B185B005B5A002B3CD03B191B7828
:105470005A1E7B191878544913009B009B185B0037
:105480009B181B185B005B5ADB089AB23A217B1809
:105490001A707B181B78013B0822BA18D35C002BCA
:1054A00021D13B191B78013B454AD25C3B203B187C
:1054B00001321A707B181B78013B414AD35C05000E
:1054C0003A1812789A420ED208007B181B78013BDA
:1054D0003B4A79190978D1543B181B78013B394A6A
:1054E00039190978D15443217B181A787B18013275
:1054F0001A704323FB181B78062BA5D90823FB1829
:10550000180000F0A9F8031E00D17FE700E0C046B4
:1055100013E04E22BB181B78BA18591C11701900E1
:10552000264B4F203A1812785A5401007B181B78EA
:105530005A1E7B1823498A5C1A704F23FB181B786C
:10554000013B204AD35C002BE3D10123FB632DE018
:10555000FB1D1B785A1E1C4913009B009B185B0007
:105560009B18FA6B9B185B005B5A002B1BD0FB1D32
:105570001B785A1E144913009B009B185B009B1854
:10558000FA6B9B185B005B5ADB089BB2BA1D127862
:10559000013A0B498A5C013A08498A5C934202D17C
:1055A000FB6BDBB206E0FB6B0133FB63FB6B062B93
:1055B000CEDD00231800BD4614B0B0BDB41B0020E2
:1055C000601100207C110020240F00207C000020AE
:1055D00080B584B000AF786039600F217B18FF225E
:1055E0001A700E23FB1800221A703B681B78002BE0
:1055F00003D17B187A6812781A700023BB601BE015
:10560000BB687A68D3181B780F217A1812789A42EF
:105610000FD9BB683A68D3181B78002B09D1BB6837
:105620007A68D2187B1812781A700E23FB18BA68A1
:105630001A70BB680133BB60064B1B781A00BB684D
:105640009342DDDB0E23FB181B781800BD4604B027
:1056500080BDC0467C00002080B584B000AF78607B
:105660000F23FB1801221A700023BB600CE0BB68FB
:105670007A68D3181A780F217B18791809780A40AC
:105680001A70BB680133BB60064B1B781A00BB68FD
:105690009342ECDB0F23FB181B781800BD4604B0C7
:1056A00080BDC0467C000020F0B587B002AF02008C
:1056B000FB1D1A70854A864B1100180027F0CCFBA1
:1056C000834B1800FAF72AFD03009AB28049FB1DAC
:1056D000187801235B420093322312F043F90F2321
:1056E000FB1801221A701BE00F243B191A78794924
:1056F000774B180027F0B0FB754B1800FAF70EFD3A
:1057000003009AB27249FB1D187801235B42009393
:10571000322312F027F93B191A783B1901321A701B
:105720000F23FB181B78052BDED96B49FB1D18785E
:1057300001235B4200933223032212F013F90E235C
:10574000FB1800221A70ABE00E243B191B785A1C80
:1057500062495F4B180027F07FFB5D4B1800FAF79A
:10576000DDFC03009AB25A49FB1D187801235B4205
:105770000093322312F0F6F83B191A78584B162191
:105780004A43D35A1A0013005B009B185B00554A2A
:1057900099184F4B0522180027F011FC4C49FB1DAE
:1057A000187801235B4200933223052212F0DAF8C5
:1057B0004D49FB1D187801235B42009332230122DF
:1057C00012F0D0F80D23FB1801221A7053E00E23BB
:1057D000FB181A780D23FB181878414913009B0019
:1057E0009B185B009B181B185B005B5A002B06D1B3
:1057F0003E49374B0022180027F02EFB26E00E25ED
:105800007B191A780D26BB191878354913009B00AF
:105810009B185B009B181B185B005B5ADB089BB254
:105820001C007B191A78BB1918782D4913009B00AE
:105830009B185B009B181B185B005B5A1A00072320
:1058400013402B492248220027F006FB204B18006A
:10585000FAF764FC03009AB21D49FB1D1878012376
:105860005B420093322312F07DF80D217B181A78E9
:105870007B1801321A700D23FB181B78052BA6D953
:105880001C49FB1D187801235B420093322302223E
:1058900012F068F80E217B181A787B1801321A7002
:1058A000154B1B780E22BA1812789A4200D24BE799
:1058B0001249FB1D187801235B4200933223012219
:1058C00012F050F8C046BD4605B0F0BD582203089E
:1058D000E00900206C2203087422030878220308E0
:1058E000240F0020781C0308842203088822030860
:1058F0008C220308942203087C00002098220308CD
:1059000090B587B002AF0200FB1D1A703C4A3D4BB8
:105910001100180027F0A0FA3A4B1800FAF7FEFB26
:1059200003009AB23749FB1D187801235B420093AC
:10593000322312F017F80F23FB1801221A703EE0F1
:105940000E23FB1801221A702EE00F203B181B7843
:105950005A1E2D4B5200D35A19000E243B191B78A6
:10596000013B802212021A4113000B4016D03B1853
:105970001A783B191B782549224827F06DFA214BEC
:105980001800FAF7CBFB03009AB21E49FB1D1878EA
:1059900001235B420093322311F0E4FF0E217B18B8
:1059A0001A787B1801321A700E23FB181B780A2B09
:1059B000CBD90F217B181A787B1801321A70144B3F
:1059C0001B780F22BA1812789A42B9D9114A0D4B96
:1059D0001100180027F040FA0A4B1800FAF79EFB56
:1059E00003009AB20749FB1D187801235B4200931C
:1059F000322311F0B7FFC046BD4605B090BDC0468A
:105A00009C220308E0090020F8120020B8220308B5
:105A10007C000020CC220308F0B589B002AF020060
:105A2000FB1D1A701223FB1800221A801BF0AEFA1D
:105A30000300FB60FB6800221A70C74B1B781A003A
:105A4000C649C74B180027F007FAC54AFB68110082
:105A5000180027F088FAC34B1B781A00C249C04BC4
:105A6000180027F0F9F9BE4AFB681100180027F06A
:105A70007AFABE49BA48002300930423002227F093
:105A8000EBF9B74AFB681100180027F06CFAB84A26
:105A9000B849B34B180027F0DFF9B14AFB68110091
:105AA000180027F060FAB44AB449AD4B180027F04B
:105AB000D3F9AB4AFB681100180027F054FAB04A3A
:105AC000A74B1100180027F0C7F9A54AFB68110081
:105AD000180027F048FA1723FB1801221A7048E033
:105AE00017243B191A78A7499D4B180027F0B4F9E1
:105AF0009B4AFB681100180027F035FA3B191B7808
:105B0000A14AD35C042B27D89A00A04BD3181B685A
:105B10009F469F4A924B1100180027F09DF91CE008
:105B20009C4A8F4B1100180027F096F915E09A4A0D
:105B30008B4B1100180027F08FF90EE0974A884B25
:105B40001100180027F088F907E0954A844B1100EE
:105B5000180027F081F900E0C046814AFB68110077
:105B6000180027F000FA17217B181A787B180132E9
:105B70001A701723FB181B78052BB1D9894A784B6B
:105B80001100180027F068F9754AFB681100180029
:105B900027F0E9F91623FB1801221A7043E01621B9
:105BA0007B181B785A1E804B9200D3581B68002B21
:105BB0000DD17B181A787D49694B180027F04CF9F4
:105BC000674AFB681100180027F0CDF925E016267A
:105BD000BB191C78BB191B785A1E734B9200D35803
:105BE0009B6A18000BF010FF03001D00BB191B7807
:105BF0005A1E6F4B9200D35818000BF005FF03009C
:105C00006C49574800932B00220027F025F9544A8D
:105C1000FB681100180027F0A6F916217B181A78E6
:105C20007B1801321A701623FB181B78062BB6D985
:105C3000FB681800FAF772FA03001A00FB689A185A
:105C40005D4B1000190003231A0027F0ACFAFB6823
:105C50001800FAF763FA03001A00FB689A18574B0A
:105C6000100019001D231A0027F09DFAFB68180088
:105C7000FAF754FA02001223FB181A801523FB18B6
:105C800001221A7023E0344B1B785A1E4C4B5200F1
:105C9000D35A190015203B181B78013B80221202B1
:105CA0001A4113000B400CD03B181A7845492C4B75
:105CB000180027F0D1F82A4AFB681100180027F0D5
:105CC00052F915217B181A787B1801321A701523A6
:105CD000FB181B78052BD6D91223FB181C88FB68F0
:105CE0001800FAF71BFA03009C420ED1FB6818005B
:105CF000FAF714FA03001A00FB689A18324B1000E6
:105D0000190005231A0027F04EFAFB681800FAF76D
:105D100005FA03001A00FB689A18274B10001900B7
:105D200003231A0027F03FFAFB1D1B78002B0ED02F
:105D3000FB681800FAF7F2F903009AB2F968FB1D44
:105D4000187801235B420093322311F00BFEC0460A
:105D5000BD4607B0F0BDC0462C130020EC2203085E
:105D6000E0090020D00A00200823030824230308A8
:105D700044230308502303086823030874230308FB
:105D800090230308A4230308E00A0020A8240308A2
:105D9000AC230308B4230308CC230308D823030847
:105DA000F4230308142403086C4D00202C2403085A
:105DB000101A0020482403089422030878240308BA
:105DC000F812002098240308A024030890B585B099
:105DD00000AF78600E23FB1800221A700F23FB1807
:105DE00000221A704A4A7B6811001800FAF78CF9F1
:105DF000031E03D1474B1B781BB285E0464A7B68E4
:105E000011001800FAF780F9031E01D1FF237BE08F
:105E10007B681B78232B25D17B680133180025F084
:105E200012FC02000E217B181A700A00BB181B78A6
:105E3000002B0AD0394B1B781100BA1812789A42FD
:105E400003D87B181B781BB25EE0324B1B780E2206
:105E5000BA1812789A4203D12E4B1B781BB253E02A
:105E6000662351E00F23FB1800221A701DE00F2457
:105E70003B191A7813009B009B185B00284A9A185C
:105E80007B6811001800FAF73FF9031E07D17B6801
:105E90001B78002B03D03B191B781BB234E00F2179
:105EA0007B181A787B1801321A701C4B1B780F2153
:105EB0007A1812789A42DAD37B1800221A701DE001
:105EC0000F243B191A7813009B009B185B00154A9E
:105ED0009A187B6811001800FAF716F9031E07D10B
:105EE0003B191B781B021BB2FE2213431BB20BE0B3
:105EF0000F217B181A787B1801321A700F23FB18B8
:105F00001B78092BDCD964231800BD4605B090BD71
:105F1000BC2403082C130020C02403087C000020AC
:105F200098110020340A0020B0B586B000AF0200FE
:105F30003960FB1D1A701323FB1800221A7000230E
:105F40007B6100237B610FE07B699A00404BD21894
:105F50003B6811001800FAF7D7F8031E01D1062399
:105F600071E07B6901337B617B69032BECDD0123ED
:105F70007B6112E07A6913009B009B185B00354A35
:105F80009A183B6811001800FAF7BEF8031E01D1F9
:105F9000072358E07B6901337B612F4B1B781A0084
:105FA0007B699342E6DB00237B6112E07A69130090
:105FB0009B009B185B00294A9A183B681100180047
:105FC000FAF7A2F8031E01D107233CE07B690133F5
:105FD0007B617B69092BE9DD214B224A1A6019E0BC
:105FE0001F4B1B681B681B68FB60FB681800FAF7F7
:105FF00095F80300BB60BA68F9683B68180026F0A2
:10600000CDFF031E01D108231DE0154B1B685A6804
:10601000134B1A60124B1B68002BE1D1FB1D1A7841
:1060200013009B009B185B000A4A9B183A681100FA
:10603000180027F0B0F813257C19FDF70BFF0300BB
:1060400023707B191B781800BD4606B0B0BDC04652
:106050008C1D0308981100207C000020340A0020C9
:106060005C1300206C02002080B588B000AF0200F5
:106070003960FB1D1A701723FB1800221A700023C9
:10608000FB610023BB610023FB6129E0FA69130077
:106090009B009B185B005B4A9A183B681100180034
:1060A000FAF732F8031E18D1FB1D1B785A1E564B07
:1060B0005200D35A1AB20121FB6999400B001BB25E
:1060C000134319B2FB1D1B785A1E89B24E4B520066
:1060D000D1521723FB181B7890E0FB690133FB6159
:1060E000FB69092BD2DD0023BB610FE0BB699A007D
:1060F000464BD2183B6811001800FAF705F8031E4A
:1061000001D106237AE0BB690133BB61BB69032B74
:10611000ECDD0123BB6112E0BA6913009B009B1800
:106120005B003B4A9A183B6811001800F9F7ECFF36
:10613000031E01D1072361E0BB690133BB61354B0D
:106140001B781A00BB699342E6DB334B334A1A6073
:1061500019E0314B1B681B681B683B613B691800E9
:10616000F9F7DCFF0300FB60FA6839693B68180047
:1061700026F014FF031E01D108233FE0264B1B68C5
:106180005A68254B1A60244B1B68002BE1D1002371
:10619000FB6118E01B49FA6913009B009B185B0028
:1061A0005B5C002B0CD1FA6913009B009B185B0011
:1061B000144A9B183A681100180026F0ECFF05E01D
:1061C000FB690133FB61FB69092BE3DDFB1D1B78D8
:1061D0005A1E0D4B5200D35A1AB20121FB69994045
:1061E0000B001BB2134319B2FB1D1B785A1E89B258
:1061F000054B5200D1521723FB181B781800BD46DF
:1062000008B080BD340A0020C41200208C1D030891
:10621000981100207C000020601300206C020020F8
:1062200080B586B000AFB9607A6019000F23FB1803
:10623000021C1A700E203B180A1C1A701623FB1839
:1062400020221A807A6880231B059A4200D3D4E06A
:106250007B68DAB2E54B1A70E44B3A1812785A7040
:106260003B181B78082B00D9BDE19A00E04BD318EE
:106270001B689F46BB681B78DAB2DC4B9A700F2311
:10628000FB181B7803222021180004F089FFB4E1D9
:10629000BB681B785BB2DAB2D44B9A700F23FB1841
:1062A0001B7803222021180004F07AFFA5E1BB68C7
:1062B0001B889BB2DAB2CD4B9A70BB681B889BB22D
:1062C0001B0A9BB2DAB2C94BDA700F23FB181B789A
:1062D00004222021180004F063FF8EE1BB681B88B4
:1062E0001BB2DAB2C14B9A70BB681B881BB21B127F
:1062F0001BB2DAB2BD4BDA700F23FB181B780422F5
:106300002021180004F04CFF77E1BB681B68DAB26B
:10631000B64B9A70BB681B681B0ADAB2B34BDA70D3
:10632000BB681B681B0CDAB2B04B1A71BB681B68E8
:106330001B0EDAB2AD4B5A710F23FB181B780622E5
:106340002021180004F02CFF57E1BB681B68DAB26B
:10635000A64B9A70BB681B681B12DAB2A34BDA70AB
:10636000BB681B681B14DAB2A04B1A71BB681B68B0
:106370001B16DAB29D4B5A710F23FB181B780622AD
:106380002021180004F00CFF37E1BB681B78DAB25B
:10639000964B9A70BB6801331B78DAB2934BDA7074
:1063A000BB6802331B78DAB2904B1A71BB680333B7
:1063B0001B78DAB28D4B5A71BB6804331B78DAB2A2
:1063C0008A4B9A71BB6805331B78DAB2874BDA7156
:1063D000BB6806331B78DAB2844B1A72BB6807338A
:1063E0001B78DAB2814B5A720F23FB181B780A22F2
:1063F0002021180004F0D4FEFFE07C4B00221A702C
:106400007A4B0E217A1812785A707B681B0EDAB21A
:10641000764B9A707B681B0CDAB2744BDA707B682F
:106420001B0ADAB2714B1A717B68DAB26F4B5A7180
:106430007B181B78082B00D9DEE09A006D4BD3182F
:106440001B689F46BB681B78DAB2684B9A711623AB
:10645000FB1819880F23FB181B780722180004F07B
:106460009FFECAE0BB681B785BB2DAB25F4B9A71E1
:106470001623FB1819880F23FB181B780722180016
:1064800004F08EFEB9E0BB681B889BB2DAB2574BB2
:106490009A71BB681B889BB21B0A9BB2DAB2534B42
:1064A000DA711623FB1819880F23FB181B780822B2
:1064B000180004F075FEA0E0BB681B881BB2DAB2BE
:1064C0004A4B9A71BB681B881BB21B121BB2DAB213
:1064D000464BDA711623FB1819880F23FB181B781B
:1064E0000822180004F05CFE87E0BB681B68DAB283
:1064F0003E4B9A71BB681B681B0ADAB23B4BDA71E0
:10650000BB681B681B0CDAB2384B1A72BB681B687D
:106510001B0EDAB2354B5A721623FB1819880F235B
:10652000FB181B780A22180004F03AFE65E0BB68ED
:106530001B68DAB22D4B9A71BB681B681B12DAB26A
:106540002A4BDA71BB681B681B14DAB2274B1A722C
:10655000BB681B681B16DAB2244B5A721623FB1851
:1065600019880F23FB181B780A22180004F018FE64
:1065700043E0BB681B78DAB21C4B9A71BB680133ED
:106580001B78DAB2194BDA71BB6802331B78DAB2C6
:10659000164B1A72BB6803331B78DAB2134B5A726C
:1065A000BB6804331B78DAB2104B9A72BB680533B0
:1065B0001B78DAB20D4BDA72BB6806331B78DAB29D
:1065C0000A4B1A73BB6807331B78DAB2074B5A734E
:1065D0001623FB1819880F23FB181B780E221800AE
:1065E00004F0DEFD09E0C04607E0C046000C0020D4
:1065F000C4240308E8240308C0463B6A002B13D0D8
:106600001DF0C2FE03003B61C0460A4B1B78002B05
:1066100007D01DF0B9FE02003B69D31A3A6A9A42CC
:10662000F3D8044B1B7800E000231800BD4606B0E9
:1066300080BDC0464D130020B0B584B002AF1E200F
:1066400025F008F803007B607B681E2200211800FB
:1066500026F081FC0C4B1B7D5A1E0C4B9200D2582D
:10666000094B9B7D1D00084B5B7D1C00064B1B8B63
:1066700007497868019300942B0026F0EDFB7B68B6
:106680001800BD4602B0B0BD30130020000000204D
:106690000C25030890B585B002AF0A2024F0DAFF7C
:1066A00003007B607B680A220021180026F053FC5F
:1066B000094B9B7C1A00084B5B7C1C00064B1B7C27
:1066C000064978680093230026F0C6FB7B68180013
:1066D000BD4603B090BDC0463013002020250308FE
:1066E00090B587B004AF0200FB1D1A70BB1D0A1CD9
:1066F0001A700D4B19780C4B1C78BB1D1A78FB1DBA
:1067000018780123039301235B42029301235B4228
:10671000019302230093230005F08AF80300180078
:10672000BD4603B090BDC0462C13002080B588B094
:1067300006AF0200FB1D1A70BB1D0A1C1A70002355
:106740000493002303930023029300230193002367
:1067500000930023002200210020FDF7E3FBFB1D36
:106760001B785A1E1F4B9200D3581B68002B14D065
:10677000BB1D1B785A1E1B4B9200D3581B68002B65
:106780000BD0FB1D1B7818000DF0E8FFBB1D1B781C
:1067900018000DF0E3FF002320E0FB1D1B785A1EBC
:1067A000104B9200D3581B68002B06D0FB1D1B78A2
:1067B00018000DF0D3FF002310E0BB1D1B785A1EFC
:1067C000084B9200D3581B68002B06D0BB1D1B78CA
:1067D00018000DF0C3FF002300E068231800BD4639
:1067E00002B080BD6C4D0020B0B588B002AF7860BB
:1067F0000D23FB1800221A701723FB1800221A70B1
:1068000000233B610E23FB1800221A8001235B4208
:10681000190001201CF0F4FF1AF0B8FB03003B61E3
:10682000784B9A68E1231B039A421ED01623FB186B
:1068300001221A7014E0744B1B7816217A18127812
:106840009A4207D0E1231A037B181B781100180025
:1068500011F01EF916217B181A787B1801321A7074
:106860001623FB181B78052BE5D9684B1B781C00F9
:10687000674B1B881A0013005B009B185B00654A7E
:106880009A18614B1B7864496448009313002200F6
:1068900026F0E2FA5C4B1C78614B1D68604B1B686C
:1068A0001800F9F73BFC03009AB20A2329002000E4
:1068B00011F0AEF8544B1C78584B1800F9F72EFC29
:1068C00003009AB255490A23200011F0A1F8554B54
:1068D0001B78012B00D091E0534B1A780D217B18C7
:1068E0001A70514B00221A704E4B00221A70464B00
:1068F00018780C0079180A23012211F089F83B1945
:106900001B787F2B3CD050DC0D2B05D04DDC082BA9
:1069100036D00A2B6DD048E03B4B1C78434B1D68AA
:10692000424B1B681800F9F7F9FB03009AB20A23DF
:106930002900200011F06CF81723FB181B785BB2BC
:10694000002B05D13A4A3B4B1100180026F023FCDE
:106950002D4B18783B69374A012100F06FF8354A12
:10696000334B1100180026F016FC1723FB180022E9
:106970001A70304B32220021180026F0ECFA3DE06C
:1069800017217B181B785BB2002B34DD7B181B783A
:106990005BB2DBB2013BDAB27B181A707B181B7852
:1069A0005BB2244A0021D15425E00D203B181B780E
:1069B0005A1C214BD3181B781A00972313401CD064
:1069C00017217B181B785BB2312B16DC3B181A7829
:1069D00008007B181B785BB251B2164AD1540100F3
:1069E0007B181B785BB2DBB20133DAB27B181A700A
:1069F00003E0C04602E0C04600E0C0461AF040FD99
:106A000065E7C04630130020D00A00202C13002078
:106A10007A000020781C03080C280308B413002017
:106A20009C000020D60A002001220020A0000020A7
:106A30007814002044140020105D0308F0B58DB0D8
:106A400002AFBA607B600F23FB18021C1A700E2382
:106A5000FB180A1C1A701423FB1800221A60043356
:106A600005220021180026F076FA00233B621E233F
:106A7000FB1800221A80BB68180000F09DFAC94B71
:106A80001B78002B22D1C849BB680322180026F0CE
:106A900085FA031E1AD1BB6803331900012000F0E8
:106AA000C1FA031E09D0C14A7B681100180026F004
:106AB000D3F9BC4B00221A7005E0BA4B02221A70BF
:106AC0007B680D221A7000237B6217E2B54B1B789E
:106AD000002B18D0B649BB680622180026F05EFAD3
:106AE000031E10D1AF4B00221A70B24B19000320C5
:106AF00000F098FAB04A7B681100180026F0ACF953
:106B000000237B62FAE1A74B1B78022B13D1BB68F1
:106B10001900022000F086FA031E06D0A34A7B6803
:106B20001100180026F098F902E07B680D221A7017
:106B300000237B62E2E1BB682E21180026F020FAD8
:106B400003003B623B6A002B00D1CEE13B6A033B72
:106B50009A490322180026F021FA031E00D1C4E14D
:106B60003B6A01331B785A1C954BD3181B781A00CB
:106B70000423134000D0B8E13A6ABB68D31A1A0064
:106B8000B96814257B19180026F019FA1E26BC19BD
:106B90007B191800FFF71AF903002380BB190022A4
:106BA0009B5E884A127893420AD13B6A013399224C
:106BB0009200796818001AF05BF903007B629DE18E
:106BC0001E23FB1800229B5E642B08D17E4A7B6843
:106BD0001100180026F040F900237B628EE11E238D
:106BE000FB1800229B5E662B08D1784A7B68110057
:106BF000180026F031F900237B627FE11E23FB1889
:106C000000229B5EFF2B48D1714B1A2200211800F5
:106C100026F0A1F93B6A5C1CBB681800F9F77EFA04
:106C200005001426BB191800F9F778FA0300EB1ACF
:106C30005A1E684B2100180026F0C1F9614B1D78DF
:106C4000BB681800F9F76AFA03009CB2BB19180078
:106C5000F9F764FA03009BB2E31A9BB21722FF21F3
:106C6000280004F053FA3B6A0133992292007968B4
:106C700018001AF0FDF803007B627B681800F9F732
:106C80004DFA03001A007B689A18534B1000190044
:106C90001D231A0026F087FA30E11E22BB181B883C
:106CA000DBB2FE2B59D1BB1800229B5E1B121BB21C
:106CB000DAB24A4B1A70464B1A220021180026F00D
:106CC0004AF93B6A5C1CBB681800F9F727FA050013
:106CD0001423FB181800F9F721FA0300EB1A5A1EC7
:106CE0003C4B2100180026F06AF9364B1D783B4BCF
:106CF0001E78BB681800F9F711FA03009CB2142340
:106D0000FB181800F9F70AFA03009BB2E31A9BB2CA
:106D100017223100280004F0F9F92A4B1B785A1E7B
:106D20002F4B5200D35A1A002C4B1B781A411300D8
:106D30000122134009D03B6A0133992292007968FD
:106D400018001AF095F803007B621423FB187A6888
:106D50002449786826F080F8D0E03B6A0133224964
:106D60000622180026F01AF9031E43D11F4B1A7889
:106D700060218A431A701E243B191B88DBB2002253
:106D80001921180004F00CFA642019F073FF0D4B60
:106D900018783B191B88D9B2154B1A7800230AF0D2
:106DA0007BFC7FE0AA140020382803083C28030855
:106DB00090280308982803089C280308E028030863
:106DC000105D03082C130020E42803080C29030895
:106DD000A8120020000C002034290308AB14002066
:106DE000C412002054290308802903084C130020F2
:106DF000D00A00203B6A5C1CBB681800F9F78EF9CA
:106E000005001426BB191800F9F788F90300EB1ADE
:106E10005A1E614B2100180026F0D1F81E23FB18E2
:106E20001B88DDB2BB681800F9F778F903009CB243
:106E3000BB191800F9F772F903009BB2E31A9BB271
:106E4000013B9BB21A001721280004F0A9F91E2368
:106E5000FB1800229A5E51497B68180025F0FCFF60
:106E60007B681B78002B13D00E23FB181B78002B9C
:106E70000ED07B681800F9F751F903009AB27968CF
:106E80000F23FB18187801230093322310F06AFDBA
:106E90007B681800F9F742F902007B6800211800AE
:106EA00026F059F83E4B1B7860221340DBB2602B72
:106EB00018D1FA239B00190001201CF0A1FC394BCA
:106EC0001B78002B0ED0384B1B8801339AB2364BFF
:106ED0001A801E23FB1800229B5E7A68334978686B
:106EE00025F0BAFF00237B6208E099239A007968B5
:106EF000BB68180019F0BCFF03007B627B681B783D
:106F0000002B14D00E23FB181B78002B0FD07B68AE
:106F10001800F9F703F903009AB279680F23FB18F8
:106F2000187801235B420093322310F01BFD7B682D
:106F30001800F9F7F3F802007B680021180026F02A
:106F40000AF87B6A002B00D095E51423FB18092270
:106F50000021180025F0FFFF154B1B78002B17D1DF
:106F60000E23FB181B78002B12D0124B1C68114B00
:106F70001B681800F9F7D2F803009AB20F23FB1828
:106F8000187801235B4200933223210010F0EAFCC1
:106F9000C046BD460BB0F0BD000C00208829030898
:106FA0004C1300204D130020DC130020AC290308F3
:106FB000AA140020A400002080B584B000AF78603F
:106FC0000023FB6020E0FB687A68D2180B217B1855
:106FD00012781A707B181B785A1C114BD3181B7827
:106FE0001A0003231340012B03D17B181B78203395
:106FF00002E00B23FB181B78FA6879688A18DBB269
:107000001370FB680133FB60FB687A68D3181B7848
:10701000002BD8D1C046C046BD4604B080BDC04696
:10702000105D030890B587B000AF02003960FB1D0A
:107030001A7000237B6100233B613E4B1B785A1E74
:1070400013009B009B189B003B4A9B18FB60FB1D99
:107050001B78032B05D065DC012B08D0022B0CD04C
:1070600060E0FB6801221A740AF0FEF95CE03B68FC
:10707000180000F063F8030057E0FB68DB68002BA2
:107080002FD0FB68DB681800F9F748F803003B6174
:10709000FB68DC683B681800F9F740F802003B69C0
:1070A000D31802331900200024F022FD0300BB6036
:1070B000BB68002B01D10E2337E0FB68BA68DA60A9
:1070C000FB68DA683B69D31813221A70FB68DA6828
:1070D0003B690133D3183A681100180026F05BF8B9
:1070E00022E03B681800F9F719F803000133180093
:1070F00024F0B0FA03001A00FB68DA60FB68DB6872
:10710000002B07D1FB6814220021180025F023FF73
:107110000E230AE0FB68DB683A681100180026F0CD
:107120003AF801E0FF2300E000231800BD4607B055
:1071300090BDC046D50A0020E0130020B0B58AB04B
:1071400000AF78602723FB1800221A7000233B62EF
:107150000023FB610023BB611723FB1800221A7078
:107160001623FB1800221A701523FB1800221A7030
:10717000914B1B78042B01D90E2319E18E4B1B7800
:107180001A0013009B009B189B008C4A9B183B61C4
:107190003B690A220021180025F0DDFE7B681B7880
:1071A000622B00D06AE07B6802331B782E2B65D1FE
:1071B0007B6801331B782F2B60D97B6801331B78E8
:1071C000342B5BD87B6801331A7817243B19303A8B
:1071D0001A703B6901221A703B693A1912789A7049
:1071E0007B68033376490722180025F0D7FE031E7B
:1071F00018D13B690522DA7020003B181A787149D2
:1072000013005B009B18CB1802331B781A00012374
:1072100013402BD13B181B780122052118000EF0DA
:10722000A9FC23E07B68033367490E22180025F090
:10723000B5FE031E18D13B690622DA7017203B18F1
:107240001A78604913005B009B18CB1802331B7837
:107250001A000223134009D13B181B780122062192
:1072600018000EF087FC01E06723A1E0524B1B7869
:107270000133DAB2504B1A70002399E07968534B0E
:107280003122180025F09BFE504B312200219954E9
:107290004F4A4E4B1100180025F0A6FE03003B623A
:1072A0004B4B1900002025F09FFE0300FB61484B6B
:1072B0001900002025F098FE0300BB613B6A002BFB
:1072C00001D1672374E016257C193B6A1800FCF78E
:1072D000A7FF0300237029007B181B78002B14D014
:1072E000FB69002B11D1BB69002B0ED13B69022237
:1072F0001A703B697A181278DA702F4B1B780133B9
:10730000DAB22D4B1A70002352E0FB69002B4ED0ED
:10731000BB69002B4BD015257C19BB691800FCF705
:107320007FFF0300237029007B181B78002B0CD0F3
:107330003B6904221A703B691622BA181278DA7077
:107340003B697A181278DA711BE03B6903221A70E4
:107350003B691622BA181278DA70BB69180024F05B
:1073600067F902000B0010001900FBF7AFFE031CC9
:10737000FB603B6906330C22B9180422180025F083
:1073800012FFFB691800FCF77DFF03001A003B6940
:107390005A703B695B78002B01D1672308E0064BEC
:1073A0001B780133DAB2044B1A70002300E0672324
:1073B0001800BD460AB0B0BDD50A0020E013002079
:1073C000CC290308344E0020D4290308AC14002033
:1073D000E429030890B587B000AF0200FB1D1A70C6
:1073E0001723FB1800221A7000233B610023FB6067
:1073F000FB1D1A78674913009B009B189B005B5C80
:10740000042B00D1BCE000DDBCE0032B2BD000DD61
:10741000B8E0012B03D0022B00D1B5E0B2E0FB1D98
:107420001A78172439195B4813009B009B189B009E
:10743000C31802331B780B70FB1D1A7855491300D3
:107440009B009B189B00CB18033319783B191A78C3
:10745000514813005B009B181B5C994201D101232A
:1074600094E0002392E0FB1D1A784A4913009B0028
:107470009B189B00CB1803331B781022BA181100FD
:1074800018000AF037FBFB1D1A7813009B009B18AD
:107490009B00404A9B18991D0C23FB1804221800DE
:1074A00025F081FEFB1D1A783A4913009B009B18BA
:1074B0009B00CB1801331B78062B00D95EE09A00A5
:1074C000364BD3181B689F463B69FA68111C181C81
:1074D000F9F700F8031E00D151E0012356E03B69A3
:1074E000FA68111C181CF9F70FF8031E00D146E0CA
:1074F00001234BE03B69FA68111C181CF8F7F0FFF8
:10750000031E00D13BE03B690021181CF8F7E2FFA5
:10751000031E00D033E0012338E03B69FA68111CF8
:10752000181CF8F7FBFF031E00D128E001232DE013
:107530003B69FA68111C181CF8F7DCFF031E00D128
:107540001DE03B690021181CF8F7C4FF031E00D0A2
:1075500015E001231AE03B69FA68111C181CF8F7C2
:10756000B9FF031E00D00AE03B690021181CF8F7A0
:10757000B1FF031E00D002E0012307E0C04604E093
:10758000C04602E0C04600E0C04600231800BD46E9
:1075900007B090BDE0130020344E0020E829030816
:1075A00080B582B000AF7B1D00221A70BB1D002287
:1075B0001A8000233B6019F0E9FC03003B60BB1D0F
:1075C00000221A8043E0BB1D1A88274913009B0044
:1075D0009B189B00CB1810331B78002B32D0BB1D9F
:1075E0001B88DBB21800FFF7F5FE031E2AD01F4BE5
:1075F0001A7860218A43111C20220A431A7010E075
:107600001B4B18783B681B4A0021FFF717FA3B68B1
:107610001800F8F783FD02003B680021180025F0F0
:107620009AFCBB1D1A88104913009B009B189B00F5
:10763000CB180C331B680F4A1100180000F01EF81D
:10764000031EDDD1BB1D1A88BB1D01321A800A4BF7
:107650001B781A00BB1D1B889342B4D37B1D1B787B
:107660001800BD4602B080BDE01300204C1300207E
:10767000D00A0020E0140020D50A002090B583B085
:1076800000AF78603960314B1B785A1E30491300C7
:107690009B009B189B00CB180C331B68002B01D15F
:1076A00000234FE02B4B1B68002B02D1294B7A683B
:1076B0001A60284B1B681B78002B04D1254B002235
:1076C0001A6000233EE0234B1B681321180025F0AD
:1076D00057FC0200204B1A601F4B1B68002B1BD06D
:1076E0001C4B19681C4B1A681A4B1B68D31A1A00DA
:1076F0003B68180025F063FC174B1A68154B1B6894
:10770000D31A1A003B689B1800221A70124B1B6890
:107710005A1C104B1A6014E00E4B19683B6831225A
:10772000180025F04CFC3B68313300221A70094BDD
:107730001C683B681800F8F7F1FC0300E218054BE1
:107740001A6001231800BD4603B090BDD50A002081
:10775000E0130020141500201815002080B500AF9C
:10776000BFF34F8FC046044B044ADA60BFF34F8F1C
:10777000C046C046FDE7C04600ED00E00400FA0543
:1077800080B500AFC046BD4680BD000080B500AFEB
:10779000464B180019F044FB454B180019F040FB0C
:1077A000444B180019F03CFB434B180019F038FB10
:1077B000424B180019F034FB414B180019F030FB14
:1077C000404B180019F02CFB3F4B180019F028FB18
:1077D0003E4B180019F024FB3D4B180019F020FB1C
:1077E0003C4B180019F01CFB3B4B180019F018FB20
:1077F0003A4B180019F014FB394B180019F010FB24
:10780000384B180019F00CFB374B180019F008FB27
:10781000364B180019F004FB354B180019F000FB2B
:10782000344B180019F0FCFA334B180019F0F8FA31
:10783000324B180019F0F4FA314B180019F0F0FA35
:10784000304B180019F0ECFA2F4B180019F0E8FA39
:107850002E4B180019F0E4FA2D4B180019F0E0FA3D
:107860002C4B180019F0DCFA2B4B180019F0D8FA41
:107870002A4B180019F0D4FA294B180019F0D0FA45
:10788000284B180019F0CCFA274B180019F0C8FA49
:10789000264B22221A70254B23221A700AF0F4F884
:1078A000FFF76EFFC046BD4680BDC046FC2A0308F8
:1078B000942A0308302B0308102D0308602D0308B9
:1078C000982D0308E82D0308582E0308942E03086A
:1078D000D42E0308942F03081030030868300308DF
:1078E000B830030850310308A4310308FC31030801
:1078F0007C320308B83203080833030858330308FE
:10790000B8330308003403084834030890340308EC
:10791000D034030818350308F83503087436030813
:10792000BC3603080C37030878370308D40A002054
:1079300080B586B000AFF860B9607A600B4B7B61B0
:107940007A69FB681100180025F025FC7B69180096
:10795000F8F7E4FB0200FB689B1818001BF00CFE14
:1079600000231800BD4606B080BDC0468837030816
:1079700080B586B000AFF860B9607A600B4B7B6170
:107980007A69FB681100180025F005FC7B69180076
:10799000F8F7C4FB0200FB689B1818001BF092FE6E
:1079A00000231800BD4606B080BDC046D837030886
:1079B00090B585B000AFF860B9607A601E4B1B7857
:1079C00019001E4A0B009B005B185B009B5C002BA0
:1079D00009D11B4B1968184B1B781A00FB6818005B
:1079E00025F03AFA11E0174B1968134B1B781C006D
:1079F000114B1B781A0013009B009B185B000F4A69
:107A00009B18F868220025F027FA8023DB010E4836
:107A1000012219001EF0D5FEC82019F02BF9802391
:107A2000DB010948002219001EF0CBFE00231800DC
:107A3000BD4605B090BDC0462C1300209811002013
:107A4000A8000020AC00002000040050B0B588B0B1
:107A500002AFF860B9607A601523FB1800221A7033
:107A6000694A7B680121180019F098FA0200674BF7
:107A70001A60664B1B68002B2AD1654B1968654B51
:107A80001B781A00FB68180025F0E6F9624B1A68AB
:107A9000FB681100180025F066FA604B1C78FB6843
:107AA0001800F8F73BFB03009AB2F96801235B4228
:107AB0000093322320000FF055FF594B594A1A60AA
:107AC000594B01221A700A2019F0D4F8FFF746FE2C
:107AD0004E4B18684C4B1B681A00544B190025F08C
:107AE0005DFA031E00D07AE0514A7B68022118003B
:107AF00019F054FA02004F4B1A604F4A7B68032179
:107B0000180019F04BFA02004C4B1A60494B1B68E5
:107B10001B785BB2232B0AD1464B1B68013318003C
:107B200023F091FD02001723FB181A7003E01523C0
:107B3000FB1868221A70414B1B681B785BB2702BD4
:107B40000AD13E4B1B680133180023F07CFD020074
:107B50001623FB181A7003E01523FB1868221A700D
:107B60002C4B1B7817257A1912789A421FD0344B68
:107B70001A7860218A431A70324B16243A19127807
:107B80001A707B191B7801221A21180003F008FBD8
:107B9000642019F06FF81F4B1878204B1A783B19A6
:107BA0001C787B191978230009F076FD1BE0162458
:107BB0003B1918780023009319230022002103F0B9
:107BC000C7FB642019F056F8124B1878114B19783E
:107BD000124B1A783B191B7809F05EFD03E0152360
:107BE000FB1868221A701523FB181B78682B06D126
:107BF000154B1A68FB681100180025F0CCFA002319
:107C00001800BD4606B0B0BD6C15002070150020F0
:107C1000B00000202C13002068000020D00A0020B3
:107C2000F03F0220EFBEADDED20A00201C38030870
:107C300074150020781500207C1500208015002088
:107C40004C130020000C0020B4000020B0B588B018
:107C500002AFF860B9607A6017257B1900221A70AC
:107C6000324B1A68FB681100180025F094FA304B6B
:107C70001C78FB681800F8F751FA03009AB2F9680B
:107C800001235B420093322320000FF06BFE7C192E
:107C9000FCF708FC030023707B191B78002B23D111
:107CA000244B1968244B1B781A00FB68180025F038
:107CB000D3F81F4B1C78FB681800F8F72FFA030065
:107CC0009AB2F96801235B420093322320000FF03F
:107CD00049FE174B1B781800FDF7E6FC144B1B7888
:107CE0001800FDF70DFE16E0144B1A68FB68110032
:107CF000180025F050FA0E4B1C78FB681800F8F7B6
:107D00000DFA03009AB2F96801235B420093322313
:107D100020000FF027FE0A4AFB681100180025F02A
:107D20009BF800231800BD4606B0B0BDB800002087
:107D3000D00A0020BC0000207C000020C0000020F1
:107D40002038030880B584B000AFF860B9607A606D
:107D5000FFF704FDB0B586B000AFF860B9607A6097
:107D60001723FB1800221A702D4A7B680121180086
:107D700019F014F902002B4B1A60294B1B68092BD0
:107D800004DD284B1B68093300221A70264B1A7831
:107D9000244B1B6817257C1919001000FEF7C4F846
:107DA000030023707B191B78002B0AD11F4B196825
:107DB0001D4B1B781A001B4B1B68F86825F04CF80C
:107DC00028E01723FB181B78062B08D1184B1968DD
:107DD000144B1A68FB68180025F03EF81AE01723C8
:107DE000FB181B78072B08D1124B19680D4B1A682A
:107DF000FB68180025F030F80CE01723FB181B78FF
:107E0000082B07D10C4B1968064B1A68FB68180041
:107E100025F022F800231800BD4606B0B0BDC046CC
:107E200084150020881500202C130020C400002099
:107E3000C8000020CC000020D0000020B0B594B0D5
:107E400000AFF860B9607A604F23FB1800221A7007
:107E50002023FB1800221A6004332322002118007B
:107E600025F079F84C23FB1800221A804A243B198C
:107E700000221A8014257B1900221A60043306227E
:107E80000021180025F067F89C4A7B680121180042
:107E900019F084F802009A4B1A60994B1968974BB5
:107EA0001B681A007B19180025F089F83B1901227C
:107EB0001A804923FB1800221A701BE04923FB1883
:107EC0001A7813009B009B185B008E4A9A181423A3
:107ED000FB1811001800F8F717F9031E04D14A2304
:107EE000FB1800221A800AE049217B181A787B18B7
:107EF00001321A704923FB181B78092BDED9824BFB
:107F000002221A70FA68814B100019000A231A0025
:107F100025F049F97C4B1B785BB219007C4A7B68E1
:107F2000180019F03BF802007A4B1A605DE0794BBB
:107F30001968774B1B681A0020243B19180025F09C
:107F40003EF8734B1B6820003A180021D1544C2591
:107F50007C193B181800FDF739FF030023807B19BB
:107F600000229B5E002B45DB7B191B88DBB24F2573
:107F70007C191422BA1811001800FEF775F80300D6
:107F800023707B191B78002B36D15F4B1B785BB2BB
:107F9000022B0EDDFB681800F8F7C0F803001A008A
:107FA000FB689A185C4B1000190003231A0025F097
:107FB000FAF82023FA18FB681100180024F0D3FF08
:107FC000514B1B785BB2DBB20133DBB25AB24E4B82
:107FD0001A704D4B1B785BB219004D4A7B68180034
:107FE00018F0DCFF02004B4B1A604A4B1B68002B59
:107FF0009DD102E0C04600E0C0464C23FB180022A1
:108000009B5E002B08DA454B19682023FA18FB68A1
:10801000180024F021FF6CE03B4B1B785BB2022B75
:1080200008D13F4B19681423FA18FB68180024F094
:1080300013FF5EE04F23FB181B78002B15D14A235A
:10804000FB1800229B5E002B0FD0364B19681423BF
:10805000FA1820243B19180024F0FEFE3A19FB6898
:108060001100180024F07FFF43E04F23FB181B781A
:10807000002B15D14A23FB1800229B5E002B0FD149
:10808000294B19681423FA1820243B19180024F0EE
:10809000E3FE3A19FB681100180024F064FF28E0A1
:1080A0004F23FB181B78062B08D1204B196814238B
:1080B000FA18FB68180024F0CFFE1AE04F23FB18D3
:1080C0001B78072B08D11A4B19681423FA18FB6880
:1080D000180024F0C1FE0CE04F23FB181B78082B7E
:1080E00007D1144B19681423FA18FB68180024F000
:1080F000B3FE00231800BD4614B0B0BD8C1500209F
:1081000090150020340A002094150020243803081C
:10811000981500209C15002030380308D40000205A
:10812000D8000020DC000020E0000020E400002057
:10813000E8000020EC00002080B584B000AFF860BB
:10814000B9607A600020FDF767FC00231800BD4687
:1081500004B080BD90B589B002AFF860B9607A60B4
:1081600017217B1800221A70334B1B78012B04D97E
:108170007C180FF063FD030023702F4B1B781A004F
:108180002E49FB68180024F067FE2D4B1C78FB6815
:108190001800F7F7C3FF03009AB2F96801235B42A6
:1081A0000093322320000FF0DDFB264AFB6811000C
:1081B000180024F051FE224B1C78FB681800F7F7DA
:1081C000ADFF03009AB2F96801235B4200933223AA
:1081D00020000FF0C7FB1A4B1B781800FDF764FA5C
:1081E000174B1B781800FDF78BFB1723FB181B7828
:1081F000022B15D1144AFB681100180024F02CFE44
:108200000F4B1C78FB681800F7F788FF03009AB241
:10821000F96801235B420093322320000FF0A2FB98
:108220000A4AFB681100180024F016FE002318000B
:10823000BD4607B090BDC0467C000020343803081E
:10824000D00A002050380308643803082038030897
:10825000F0B58BB002AFF860B9607A601D23FB18EF
:1082600000221A700023BB6100237B611F23FB18CF
:1082700000221A701E243B1900221A701823FA18C3
:108280007B680121180018F089FE02003D4B1A603E
:108290003C4B1B68BA693C49180024F07FFE031E62
:1082A00003D13B1901221A7028E0364B1B68BA69CA
:1082B0003649180024F072FE031E04D11E23FB1859
:1082C00002221A701AE02F4B1B68BA693049180055
:1082D00024F064FE031E04D11E23FB1803221A702F
:1082E0000CE0284B1B68BA692A49180024F056FE96
:1082F000031E03D11E23FB1804221A701423FA183C
:108300007B680221180018F049FE0200224B1A6017
:10831000214B1B681B785BB2702B09D11E4B1B686D
:108320000133180023F08FF902001F23FB181A7085
:108330001D26BC191F257B191A781E23FB181B78D4
:10834000110018000DF018FA03002370BB191B78F8
:10835000002B12D10B4B1B68BA699B1800221A70B4
:108360000E4B1968074B1A687B191C787B191B7810
:10837000F8680093230024F06FFD00231800BD4629
:1083800009B0F0BDA0150020A8380308B8380308CC
:10839000C8380308D4380308A4150020F0000020D2
:1083A000F0B587B000AFF860B9607A601623FB18AB
:1083B00000221A7000233B6117243B1900221A7017
:1083C0001023FA187B680121180018F0E7FD02005D
:1083D000164B1A60154B1B681B785BB2702B08D1CB
:1083E000124B1B680133180023F02DF902003B19D2
:1083F0001A701626BC1917257B191B7818000DF06A
:10840000EFFA03002370BB191B78002B08D1084B2F
:1084100019687B191A787B191B78F86824F01CFD01
:1084200000231800BD4607B0F0BDC046A8150020C7
:10843000F4000020F0B5C64600B592B004AFF86075
:10844000B9607A603723FB1800221A7000237B6220
:1084500000233B620023FB610023BB6100237B619F
:108460003023FB1800221A800023FB623623FB18FE
:1084700000221A703523FB1800221A703423FB18CF
:1084800000221A702B23FB1800221A703323FB18CA
:1084900000221A702423FA187B680121180018F0B2
:1084A0007DFD0200CB4B1A60CA4B1B68CA490422EF
:1084B000180024F073FD031E00D020E22023FA18D8
:1084C0007B680221180018F069FD0200C34B1A6096
:1084D000C04B1B68181D7B6A043B1A00C04B190077
:1084E00024F05CFD031E00D0A3E0BC4B1B683A6A7D
:1084F000BC49180024F052FD031E1CD1BA4B1A7857
:1085000060210A431A70B84B1B785B07DB0FDBB2A4
:108510001B021AB2B44B1B785B069B0FDBB21BB27B
:1085200013431BB29AB28A235B00110018000CF0AF
:10853000BBFA00F0FDFCA94B1B683A6AAB49180076
:1085400024F02CFD031E1FD1A74B1A7860218A430B
:10855000111C20220A431A70A34B1B785B07DB0F08
:10856000DBB21B021AB2A04B1B785B069B0FDBB27F
:108570001BB213431BB29AB28A235B00110018008E
:108580000CF092FA00F0D4FC944B1B683A6A9849BC
:10859000180024F003FD031E1FD1934B1A786021AD
:1085A0008A43111C40220A431A708F4B1B785B07C9
:1085B000DB0FDBB21B021AB28B4B1B785B069B0FE7
:1085C000DBB21BB213431BB29AB28A235B001100C9
:1085D00018000CF069FA00F0ABFC804B1B683A6A9B
:1085E0008449180024F0DAFC031E1CD17E4B1A7853
:1085F00060218A431A707C4B1B785B07DB0FDBB270
:108600001B021AB2784B1B785B069B0FDBB21BB2C6
:1086100013431BB29AB28A235B00110018000CF0BE
:1086200043FA00F085FC3723FB1868221A7000F02B
:108630007FFC684B1B68181D7B6A043B1A006E4B5D
:10864000190024F0ABFC031E2BD1644B1B683A6A63
:108650006449180024F0A2FC031E1CD1624B1A7856
:1086600004210A431A70604B1B785B07DB0FDBB2F7
:108670001B021AB25C4B1B785B069B0FDBB21BB272
:1086800013431BB29AB28A235B00110018000CF04E
:108690000BFA00F04DFC3723FB1868221A7000F02B
:1086A00047FC4C4B1B68181D7B6A043B1A00534B5C
:1086B000190024F073FC031E2DD1484B1B681800D1
:1086C00022F0BBFF0300FB62FA6AE1231B039A421C
:1086D0001BD84B4BFA6A9A60494B9B689AB28C2321
:1086E0005B00110018000CF0DFF9454B9B681B0C78
:1086F0009AB21A23FF33110018000CF0D5F9362373
:10870000FB1801221A7000F013FC3723FB186822B3
:108710001A7000F00DFC2F4B1B68181D7B6A043B80
:108720001A00384B190024F039FC031E22D12B4BC0
:108730001B68180022F081FF020030217B181A808C
:108740000A00BB181B88002B0ED02D4B1100BA1845
:1087500012881A807B181A881623FF33110018001C
:108760000CF0A2F900F0E4FB3723FB1868221A7022
:1087700000F0DEFB174B1B68181D7B6A043B1A00D8
:10878000214B190024F00AFC031E3FD1134B1B6838
:10879000180022F052FF020030217B181A800A00D4
:1087A000BB181B88002B0ED0154B1100BA1812886D
:1087B0005A807B181A888B235B00110018000CF07C
:1087C00073F900F0B5FB3723FB1868221A7000F02C
:1087D000AFFBC046AC150020E0380308B015002000
:1087E000E8380308F43803084C130020F83803086D
:1087F00000390308043903080C3903081439030845
:1088000030130020203903082C390308D74B1B688C
:10881000181D7B6A043B1A00D54B190024F0BEFBDF
:10882000031E2ED1D34B1B68180022F006FF020056
:1088300030217B181A800A00BB181B88002B1AD025
:10884000BB181B88FF2B16D8BB181B88DAB2CA4B83
:108850001A71C94B5B791B021AB2C74B1B791BB249
:1088600013431BB29AB21823FF33110018000CF007
:108870001BF900F05DFB3723FB1868221A7000F02B
:1088800057FBBA4B1B68181D7B6A043B1A00BB4B95
:10889000190024F083FB031E2CD1B64B1B68180073
:1088A00022F0CBFE020030217B181A800A00BB1890
:1088B0001B88002B19D0BB181B88FF2B15D8BB18A1
:1088C0001B88DAB2AC4B5A71AB4B5B791B021AB204
:1088D000A94B1B791BB213431BB29AB21823FF3367
:1088E000110018000CF0E0F822E33723FB1868228F
:1088F0001A701DE33723FB1867221A7018E39B4B8D
:108900001B689F490422180024F048FB031E00D076
:10891000A2E02023FA187B680221180018F03EFB21
:108920000200944B1A601C23FA187B68032118007C
:1089300018F034FB0200934B1A601823FA187B6876
:108940000421180018F02AFB02008F4B1A60142330
:10895000FA187B680521180018F020FB02008B4BE9
:108960001A60844B1B68180022F067FE0200352352
:10897000FB181A70834B1B68180022F05EFE020081
:108980003423FB181A70804B1B68180022F055FE28
:1089900002002B23FB181A707C4B1B68002B1FD086
:1089A0007A4B1B687A490222180024F0F7FA031E5A
:1089B00004D13323FB1801221A7011E0734B1B689A
:1089C00074490222180024F0E9FA031E04D133236B
:1089D000FB1802221A7003E03723FB1868221A7072
:1089E0003723FB181B78002B00D0A1E23523FB189E
:1089F0001B78172B09D83423FB181B783B2B04D882
:108A00002B23FB181B783B2B04D93723FB18682238
:108A10001A708DE20EF0F4F9574B987D564B597D44
:108A2000554B1A8B544B1D7D3723FC183323FB18F1
:108A30001B7803933523FB181B7802933423FB1810
:108A40001B7801932B23FB181B7800932B000EF04F
:108A50000DF9030023706BE2444B1B684E4904225E
:108A6000180024F09BFA031E00D05DE22023FA18C0
:108A70007B680221180018F091FA02003D4B1A6041
:108A80001C23FA187B680321180018F087FA0200EB
:108A90003C4B1A601823FA187B680421180018F060
:108AA0007DFA0200384B1A601423FA187B680521FE
:108AB000180018F073FA0200344B1A60324B1B682E
:108AC000180022F0BAFD02002B23FB181A702F4B5E
:108AD0001B68180022F0B1FD02003023FB181A8039
:108AE000244B1B682D490622180024F057FA031E58
:108AF00004D13523FB1801221A7079E01D4B1B6845
:108B000027490722180024F049FA031E04D135230F
:108B1000FB1802221A706BE0164B1B6821490922D0
:108B2000180024F03BFA031E04D13523FB1803225E
:108B30001A705DE00F4B1B681B490822180024F0D7
:108B40002DFA031E04D13523FB1804221A704FE0BE
:108B5000084B1B6815490622180024F01FFA031E53
:108B600026D13523FB1805221A7041E0AC150020F0
:108B70003C390308B0150020301300205039030899
:108B800060310308B4150020B8150020BC15002082
:108B90006439030868390308B43103086C390308E1
:108BA000743903087C3903088839030894390308A9
:108BB000BF4B1B68BF490822180024F0EFF9031EC1
:108BC00004D13523FB1806221A7011E0B84B1B683C
:108BD000B9490622180024F0E1F9031E04D1352317
:108BE000FB1807221A7003E03723FB1868221A705B
:108BF000B24B1B68B2490722180024F0CFF9031EBC
:108C000008D0AE4B1B68AF490222180024F0C6F909
:108C1000031E04D13423FB1801221A7000E1A74B74
:108C20001B68A9490822180024F0B8F9031E08D0CF
:108C3000A24B1B68A5490222180024F0AFF9031EBD
:108C400004D13423FB1802221A70E9E09B4B1B6805
:108C50009F490522180024F0A1F9031E08D0974B64
:108C60001B689C490222180024F098F9031E04D1C5
:108C70003423FB1803221A70D2E0904B1B689649EC
:108C80000522180024F08AF9031E08D08B4B1B68BC
:108C900092490222180024F081F9031E04D13423E2
:108CA000FB1804221A70BBE0844B1B688C4903221A
:108CB000180024F073F9031E08D0804B1B68894903
:108CC0000222180024F06AF9031E04D13423FB1891
:108CD00005221A70A4E0794B1B688349042218000E
:108CE00024F05CF9031E08D0744B1B687F490222F4
:108CF000180024F053F9031E04D13423FB18062274
:108D00001A708DE06D4B1B6879490422180024F01D
:108D100045F9031E08D0694B1B68764902221800EA
:108D200024F03CF9031E04D13423FB1807221A70E7
:108D300076E0624B1B6870490522180024F02EF97A
:108D4000031E08D05D4B1B686C490222180024F0FA
:108D500025F9031E04D13423FB1808221A705FE0A2
:108D6000564B1B6866490922180024F017F9031EA8
:108D700008D0524B1B6863490222180024F00EF9F8
:108D8000031E04D13423FB1809221A7048E04B4B10
:108D90001B685D490722180024F000F9031E08D063
:108DA000464B1B6859490222180024F0F7F8031EAD
:108DB00004D13423FB180A221A7031E03F4B1B68A0
:108DC00053490822180024F0E9F8031E08D03B4B51
:108DD0001B6850490222180024F0E0F8031E04D159
:108DE0003423FB180B221A701AE0344B1B684A49D3
:108DF0000822180024F0D2F8031E08D02F4B1B685D
:108E000046490222180024F0C9F8031E04D1342375
:108E1000FB180C221A7003E03723FB1868221A7023
:108E20003723FB181B78002B00D081E02B22BB18C6
:108E30001B78002B0FD0BB181B781F2B0BD83021B1
:108E40007B181A88FA23DB009A4204D37B181B880C
:108E5000334A934204D93723FB1868221A7067E01B
:108E60000DF0CEFF2F4B1B7C2E4A527C2D49897C66
:108E70002C48C07C37243C1935257D192D78A8460F
:108E800030257D192D88AC462B257D192E7834256B
:108E90007D192D780390029101920093434662461A
:108EA000310028000DF0E2FE0300237040E0C046D0
:108EB000B01500209C390308A8390308B415002018
:108EC000B0390308B8390308BC390308C8390308A6
:108ED000CC390308D4390308D8390308E03903082A
:108EE000E4390308E8390308EC390308F4390308C6
:108EF000F8390308003A0308043A03080C3A030857
:108F0000103A03081C3A0308203A0308283A0308D9
:108F10002C3A0308383A03083C3A0308483A030855
:108F200034080000301300203723FB1867221A7022
:108F30003723FB181B78002B22D1214B1B687A6A40
:108F40009B1800221A701F4B19681D4B1A681E4B84
:108F50001B68F86823F080FF3623FB181B78012B71
:108F600027D11A4B1A68FB681100180023F0FBFF89
:108F7000174B1A68FB681100180023F0F4FF18E083
:108F80003723FB181B78672B07D1124B1A68FB6835
:108F90001100180024F0FFF80BE03723FB181B78B2
:108FA000682B06D10C4B1A68FB681100180024F0DE
:108FB000F2F800231800BD460EB080BCB846F0BDE4
:108FC000AC150020F8000020B0150020FC000020A7
:108FD00000010020040100200801002080B588B0B5
:108FE00000AFF860B9607A601F23FB1800221A7086
:108FF0000023BB6100237B611E23FB1800221A7033
:109000001D23FB1800221A701C23FB1800221A7063
:109010001823FA187B680121180017F0BFFF02001F
:10902000BB4B1A60BA4B1B68BA490422180023F0E4
:10903000B5FF031E00D0CAE0B54B1B68181DBB6905
:10904000043B1A00B44B190023F0A8FF031E31D1D2
:10905000B24B1B7860221340DBB2602B07D1B04BC0
:109060001968B04AFB68180023F0F6FE31E1AB4BFB
:109070001B7860221340DBB2202B07D1A84B196864
:10908000A94AFB68180023F0E7FE22E1A34B1B78F6
:1090900060221340DBB2002B07D1A14B1968A34A11
:1090A000FB68180023F0D8FE13E11F23FB18682289
:1090B0001A700EE1964B1B68181DBB69043B1A0021
:1090C0009B4B190023F06AFF031E13D1934B1B78AF
:1090D00004221340DBB2002B07D0914B1968914A50
:1090E000FB68180023F0B8FEF3E01F23FB1868228A
:1090F0001A70EEE0864B1B68181DBB69043B1A0012
:109100008C4B190023F04AFF031E07D18A4B9A6843
:109110008A49FB68180023F09FFEDAE07C4B1B684D
:10912000181DBB69043B1A00854B190023F036FF5C
:10913000031E08D1804B1B881A008049FB68180069
:1091400023F08AFEC5E0724B1B68181DBB69043B07
:109150001A007C4B190023F021FF031E08D1764B27
:109160005B881A007549FB68180023F075FEB0E0B3
:10917000674B1B68181DBB69043B1A00724B190032
:1091800023F00CFF031E08D16B4B1B791A006B49AF
:10919000FB68180023F060FE9BE05D4B1B68181D08
:1091A000BB69043B1A00694B190023F0F7FE031E4C
:1091B00008D1614B5B791A006049FB68180023F005
:1091C0004BFE86E01F23FB1867221A7081E0504B8C
:1091D0001B685F490522180023F0E0FE031E00D043
:1091E00073E01423FA187B680221180017F0D6FEEA
:1091F0000200584B1A601E23FB1800221A701D2310
:10920000FB1800221A701AE0524B18681D23FB1835
:109210001A7813009B009B185B004F4A9B1819009B
:10922000F6F772FF031E04D11E23FB1801221A70E9
:109230000AE01D217B181A787B1801321A701D2351
:10924000FB181B78092BDFD91E23FB181B78002B7A
:1092500009D1424B19683F4B1A68FB68180023F08C
:10926000FBFD002350E03E4B19683A4B1A68FB683F
:10927000180023F0F1FD1C23FB1801221A701CE0DA
:109280001C217B181B785A1E364B5200D35A1A00E9
:109290001D23FB181B781A4113000122134006D02E
:1092A0007B181B78FA683049F86823F0D5FD1C213B
:1092B0007B181A787B1801321A702C4B1B781C22F1
:1092C000BA1812789A42DBD903E01F23FB186722F1
:1092D0001A701F23FB181B78672B07D1244B1A68C1
:1092E000FB681100180023F056FF0CE01F23FB1849
:1092F0001B78682B07D11F4B1968054B1A68FB6850
:10930000180023F0A9FD00231800BD4608B080BD59
:10931000C0150020E0380308E83803084C1300208B
:109320000C010020F43803084C3A03080439030800
:109330000C3903081439030830130020503A03088D
:10934000203903082C3903083C3903085039030835
:10935000F82D0308C4150020340A00201001002055
:1093600014010020C4120020583A03087C00002099
:10937000180100201C01002090B587B000AFF860F4
:10938000B9607A601723FB1800221A7000233B6132
:109390001023FA187B680121180017F0FFFD020066
:1093A0002A4B1A60294B1B683A692949180023F097
:1093B000F5FD031E11D1274B274A13CA13C313CA45
:1093C00013C312681A60FAF71BFE244B1A68FB6875
:1093D0001100180023F0DFFE26E01C4B1B683A69E1
:1093E0001F49180023F0DAFD031E19D100221621AF
:1093F000FF2001F0D5FE1B4B02221A70642017F0EB
:1094000039FCFAF757FE08F02BF9642017F032FC0C
:10941000154B1A68FB681100180023F0BCFE03E02E
:109420001723FB1868221A701723FB181B78682B68
:1094300006D10E4B1A68FB681100180023F0ABFE32
:1094400000231800BD4607B090BDC046C8150020D7
:10945000603A030830130020800000202001002023
:10946000683A0308D20A00202401002028010020C5
:10947000F0B589B004AFF860B9607A600DF0C0FC57
:109480002C4B5B7B182B14D12B4B1968294B9B7CE5
:109490001C00284B5B7C1D00264B1B7C1A00254BB7
:1094A000DB89F868019300922B00220023F0D4FCA2
:1094B0003AE0204B5B7B0C2B36D11E4BDB7C012B27
:1094C00017D11E4B19681B4B9B7C1D00194B5B7CF5
:1094D0001E00184B1B7C1A00164BDB891C00F86819
:1094E000174B02930194009233002A0023F0B4FC3E
:1094F0001AE0104BDB7C022B16D1104B19680D4B78
:109500009B7C1D000B4B5B7C1E000A4B1B7C1A00D6
:10951000084BDB891C00F8680A4B02930194009207
:1095200033002A0023F098FC00231800BD4605B044
:10953000F0BDC046301300202C0100203001002077
:10954000703A0308743A030890B585B000AFF8602C
:10955000B9607A600DF054FC074B1C68FDF76CF89D
:109560000200FB682100180023F076FC002318009D
:10957000BD4605B090BDC0463401002090B58BB00B
:1095800000AFF860B9607A602723FB1800221A70D8
:1095900000237B6100233B611423FA187B680121BF
:1095A000180017F0FBFC03003B623B6A1B785BB2C0
:1095B000702B09D13B6A0133180022F044F80200F5
:1095C0002623FB181A7003E02723FB1868221A7061
:1095D0001023FA187B680221180017F0DFFC030043
:1095E000FB61FB69180022F02EF80300BB61272302
:1095F000FB181B78682B07D10E4B1A68FB6811000B
:10960000180023F0C8FD0FE0BA6926243B191B7827
:10961000110018000EF03CFA074B19683B191B7833
:10962000BA69F86823F018FC00231800BD460BB097
:1096300090BDC046380100203C01002090B587B0A5
:1096400000AFF860B9607A601B4B1A681B49FB6871
:10965000180023F001FC1723FB1800221A7011E0F8
:1096600017243B191B789B00154A944663441B68DA
:10967000FA681449F86823F0EFFB3B191A783B1994
:1096800001321A701723FB181B78022BE8D9FB68EC
:109690001800F6F743FD03001A00FB689A180A4BFE
:1096A0001000190003231A0023F07DFD0023180089
:1096B000BD4607B090BDC04640010020783A03087F
:1096C0009075FF1F7C3A0308843A030890B587B071
:1096D00000AFF860B9607A6016243B1900221A8046
:1096E0001AF08CFE02003B191A803B191B88114AA4
:1096F000934207D1104B1968104AFB68180023F0F9
:10970000ABFB07E00C4B19680D4AFB68180023F00F
:10971000A3FBC0460B4B1C681AF064FE03001B0B36
:10972000FA68F868210023F097FB00231800BD4673
:1097300007B090BD6704000044010020883A030888
:10974000943A03084801002080B584B000AFF86067
:10975000B9607A60074B1968074B1B681B041A0C29
:10976000FB68180023F078FB00231800BD4604B006
:1097700080BDC0464C010020E075FF1FF0B58FB0E2
:1097800004AFF860B9607A601823FB18A34A13CAC3
:1097900013C312881A80A24B1C78A24B1D68A14BE0
:1097A0001B681800F6F7BAFC03009AB201235B426B
:1097B00000933223290020000EF0D4F82723FB1851
:1097C00001221A702623FB1800221A7011E12620AC
:1097D0003B181A78944913009B009B189B005B5C14
:1097E000002B1AD0914B1C682723FB181D783B18BF
:1097F0001A788D4913009B009B189B00CB181033DF
:109800001B7819001823FA180B00DB005B1AD31819
:10981000F8682A00210023F01FFB2623FB181A7882
:10982000814913009B009B189B005B5C012B02D0BD
:10983000032B51D097E02623FB181A787A4913009E
:109840009B009B189B00CB1803331B78052B02D081
:10985000062B20D03FE0764B1C6826203B181A7858
:10986000714913009B009B189B00CB1802331B7897
:109870001D003B181A786C4913009B009B189B0035
:10988000CB180C331B68FA68F86800932B00210092
:1098900023F0E2FA1FE0674B1C6826203B181A7879
:1098A000614913009B009B189B00CB1802331B7867
:1098B0001D003B181A785C4913009B009B189B0005
:1098C000CB180C331B68FA68F86800932B00210052
:1098D00023F0C2FAC04646E026243B191A7813004A
:1098E0009B009B189B00504A9B18991D1423FB1842
:1098F0000422180023F057FC4F4B1D6820003B1832
:109900001A78494913009B009B189B00CB1803331E
:109910001B785A1E494913005B009B189B00CB180B
:1099200008331E683B181A783F4913009B009B18A8
:109930009B00CB1801331B785A1E13005B009B1849
:109940003F4A9C187B69181CF9F778FB02000B0052
:10995000F968F86802920393009433000A00290022
:1099600023F07AFAC04610E0364B1968364BFA6895
:10997000F86823F071FA344B1800F6F7CFFB0200B9
:10998000314B0021180023F0E6FA26257B191A78BE
:10999000254913009B009B189B00CB180C331B68B8
:1099A000294A11001800FDF769FE031EDCD1274B80
:1099B0001A68FB681100180023F0D5FA184B1C78C0
:1099C000FB681800F6F7AAFB03009AB2F9680123B6
:1099D0005B420093322320000DF0C4FF2722BB1806
:1099E000BA18127801321A707B191A787B19013271
:1099F0001A70174B1B782622BA1812789A4200D296
:109A0000E5E6144B1A68FB681100180023F0C3FB4D
:109A100000231800BD460BB0F0BDC0469C3A0308B9
:109A2000D00A002050010020E01300205401002043
:109A3000580100205C010020600100200C4D002036
:109A40000C2A030864010020CC15002068010020C6
:109A5000D50A00206C01002080B588B000AFF86006
:109A6000B9607A6000233B611F23FB1800221A7043
:109A70001023FA187B680121180017F08FFA0300F1
:109A8000BB61BB69180021F0D8FD020017217B18CB
:109A90001A700A00BB181B78002B05D0184B1B78D6
:109AA000BA1812789A4203D91F23FB18FF221A70A2
:109AB0001F23FB181B78002B16D11723FB181B78CC
:109AC0005A1E104913009B009B189B00CB181033A3
:109AD00001221A7007F0C8FC0B4B1A68FB681100D2
:109AE000180023F058FB06E0084B1A68FB681100C9
:109AF000180023F050FB00231800BD4608B080BDBD
:109B0000D50A0020E0130020780100207C0100200D
:109B100080B588B000AFF860B9607A6000233B611F
:109B20001F23FB1800221A701023FA187B680121EA
:109B3000180017F033FA0300BB61BB69180021F06D
:109B40007CFD020017217B181A700A00BB181B78D5
:109B5000002B05D0184B1B78BA1812789A4203D9FB
:109B60001F23FB18FF221A701F23FB181B78002BE2
:109B700016D11723FB181B785A1E104913009B009F
:109B80009B189B00CB18103300221A7007F06CFC56
:109B90000B4B1A68FB681100180023F0FCFA06E072
:109BA000084B1A68FB681100180023F0F4FA002330
:109BB0001800BD4608B080BDD50A0020E013002083
:109BC000800100208401002090B589B000AFF860CA
:109BD000B9607A6000233B611F23FB1800221A70D2
:109BE0001023FA187B680121180017F0D7F9030039
:109BF000BB61BB69180021F020FD020017217B1812
:109C00001A700A00BB181B78002B05D05F4B1B781D
:109C1000BA1812789A4203D91F23FB18FF221A7030
:109C20001F23FB181B78002B00D096E017243B194C
:109C30001B785A1E564913009B009B189B0000225C
:109C40005A543B191B785A1E514913009B009B180C
:109C50009B00CB18013300221A703B191B785A1E47
:109C600013009B009B189B00494A9B180233042257
:109C70000021180023F06FF93B191B785A1E444944
:109C800013009B009B189B00CB18103300221A7006
:109C90003B191B785A1E3E4913009B009B189B00E2
:109CA000CB180C331B68180021F0DEFC20003B1899
:109CB0001B785A1E364913009B009B189B00CB183B
:109CC0000C3300221A601E23FB183A1812781A70FF
:109CD00034E01E203B181A782D4913009B009B1876
:109CE0009B005B5C002B23D001007B181B785A1E65
:109CF00013009B009B189B00254A98180C007B18AA
:109D00001A7813009B009B189B00214A9B18142271
:109D1000190023F048FA3B191A7813009B009B188E
:109D20009B001B4A9B1814220021180023F013F9F2
:109D30001E217B181A787B1801321A70134B1B787E
:109D40001E22BA1812789A42C3D3104B1B78013BDB
:109D5000DAB20E4B1A7007F087FB1F23FB181B7833
:109D6000002B07D10B4B1A68FB681100180023F079
:109D700012FA06E0084B1A68FB681100180023F07D
:109D80000AFA00231800BD4609B090BDD50A00208C
:109D9000E0130020880100208C01002090B58BB0DA
:109DA00000AFF860B9607A600023BB6100237B617B
:109DB0002723FB1800221A701823FA187B68012148
:109DC000180017F0EBF803003B623B6A1B785BB2AC
:109DD000702B09D13B6A0133180021F034FC0200DA
:109DE0002623FB181A7003E02723FB1867221A703A
:109DF0001423FA187B680221180017F0CFF803002B
:109E0000FB61FB691B785BB2702B09D1FB690133E5
:109E1000180021F018FC02002523FB181A7003E03B
:109E20002723FB1867221A702722BB181B78002BE8
:109E30000DD1BC182523FB181A782623FB181B7894
:109E400011001800FCF74CFC0300237003E02723EB
:109E5000FB1867221A702723FB181B78002B0BD1E5
:109E6000124B19682623FB181A782523FB181B7838
:109E7000F86822F0F1FF13E02723FB181B78672B0B
:109E800007D10B4B1A68FB681100180023F083F907
:109E900006E0084B1A68FB681100180023F07BF9F4
:109EA00000231800BD460BB090BDC04690010020B5
:109EB000940100209801002090B58BB000AFF860AD
:109EC000B9607A600023BB6100237B612723FB1804
:109ED00000221A701823FA187B680121180017F065
:109EE0005DF803003B623B6A1B785BB2702B09D1C3
:109EF0003B6A0133180021F0A6FB02002623FB1861
:109F00001A7003E02723FB1867221A701423FA182B
:109F10007B680221180017F041F80300FB61FB6920
:109F20001B785BB2702B09D1FB690133180021F05B
:109F30008AFB02002523FB181A7003E02723FB1875
:109F400067221A702722BB181B78002B0DD1BC1872
:109F50002523FB181A782623FB181B7811001800FC
:109F6000FCF7E4FB0300237003E02723FB186722C0
:109F70001A702723FB181B78002B0BD1124B196882
:109F80002623FB181A782523FB181B78F86822F083
:109F900063FF13E02723FB181B78672B07D10B4BBC
:109FA0001A68FB681100180023F0F5F806E0084B6A
:109FB0001A68FB681100180023F0EDF80023180060
:109FC000BD460BB090BDC0469C010020A001002002
:109FD000A4010020B0B58EB002AFF860B9607A601D
:109FE0000023FB612F23FB1800221A701823FB1893
:109FF000A54A12781A700023BB621C23FA187B68EA
:10A000000121180016F0CAFF03007B629F4A7B6A99
:10A0100011001800F6F778F8031E00D0AEE0BB6A16
:10A02000002B00D02BE12E23FB1801221A709EE09A
:10A03000974B1B782E243A1912789A4200D190E05F
:10A0400021F03CFD0300DAB218257B191A7079194A
:10A050003B191878642300930A2301220DF082FC37
:10A060003B191B7818000DF033FD03001B685B6A79
:10A07000DAB214217B181A707B191A787B181B78B6
:10A080009A4204D12F23FB1800221A7003E02F23D9
:10A09000FB1806221A702F23FB181B78002B18D1EF
:10A0A0007C4B19682E23FB181A78FB68180022F0E5
:10A0B000D3FE774B1C78FB681800F6F72FF80300E7
:10A0C0009AB2F968642300930A2320000DF04AFC39
:10A0D0001CE02F23FB181B78062B17D16E4B196839
:10A0E0002E23FB181A78FB68180022F0B5FE684B87
:10A0F0001C78FB681800F6F711F803009AB2F968AB
:10A10000642300930A2320000DF02CFC634B1A6893
:10A11000FB681100180023F03EF85D4B1C78FB68CB
:10A120001800F5F7FBFF03009AB2F9686423009367
:10A130000A2320000DF016FC02E001201AF02EF98F
:10A14000534B1B785A1EBB6A591C554813005B00C1
:10A150009B189B01C3185B5C002BEED0BB6A0133DC
:10A16000BB622E217B181A787B1801321A702E23BD
:10A17000FB181B78052B00D85AE780E07B6A1B7818
:10A180005BB2702B00D073E07B6A0133180021F0C2
:10A190005AFA020023243B191A703B191B78002B32
:10A1A00037D03B191B78052B33D82F23FB181B788E
:10A1B000002B1CD121F082FC0300DAB218217B189D
:10A1C0001A7079183B1918786423009332230122FE
:10A1D0000DF0C8FB2E23FB181B7818000DF078FC3F
:10A1E00003001B685B6ADAB21423FB181A70182389
:10A1F000FB181A781423FB181B789A4204D12F23DA
:10A20000FB1800221A7008E02F23FB1806221A7090
:10A2100003E02F23FB1866221A702F23FB181B78EC
:10A22000002B09D11B4B19682323FB181A78FB68F4
:10A23000180022F011FE22E02F23FB181B78662B5A
:10A2400007D1184B1A68FB681100180022F0A3FF11
:10A2500015E02F23FB181B78062B10D10E4B196825
:10A260002323FB181A78FB68180022F0F5FD06E09E
:10A270000D4B1A68FB681100180022F08CFF0023B8
:10A280001800BD460CB0B0BDAC3A0308F438030862
:10A29000D00A0020A8010020AC010020B00100205D
:10A2A00050160020B4010020B8010020B0B58CB0D9
:10A2B00000AFF860B9607A600023BB6100237B6166
:10A2C0002B23FB1800221A7000233B611823FA1875
:10A2D0007B680121180016F061FE03007B621423E5
:10A2E000FA187B680221180016F058FE03003B6242
:10A2F0007B6A1B785BB2322B04D07B6A1B785BB223
:10A30000332B57D17B6A180021F09DF902001F23DF
:10A31000FB181A702D4A3B6A11001800F5F7F4FE7D
:10A32000031E07D02A4A3B6A11001800F5F7ECFE1D
:10A33000031E37D1254A3B6A11001800F5F7E4FEE9
:10A34000031E02D1214BFB6209E0204A3B6A110047
:10A350001800F5F7D9FE031E01D11D4BFB62FA6A06
:10A360001F243B191B78110018000BF0BDFC1025B1
:10A370007A19F96A3B191B7818000BF00BFD7A1952
:10A38000FB681100180022F006FF3B69181CF6F765
:10A390001DF903009BB21A000E49FB68180022F059
:10A3A0005BFD0EE00C4B1A68FB681100180022F0F0
:10A3B000F2FE06E0094B1A68FB681100180022F053
:10A3C000EAFE00231800BD460CB0B0BDB03A030849
:10A3D000B43A0308BC3A0308BC010020C0010020C5
:10A3E00090B587B000AFF860B9607A6000237B61F8
:10A3F00000233B611023FA1814243B1911001800A4
:10A400000BF04EFD3A19FB681100180022F0C3FE54
:10A410007B69181CF8F712FE02000B000449F8686B
:10A4200022F01AFD00231800BD4607B090BDC046BB
:10A43000CC3A030890B587B000AFF860B9607A6095
:10A4400000237B6100233B611023FA1814243B197D
:10A45000110018000BF024FD3A19FB6811001800D8
:10A4600022F099FE3B69181CF8F7E8FD02000B008A
:10A470000449F86822F0F0FC00231800BD4607B03C
:10A4800090BDC046F03A030880B58AB000AFF860CE
:10A49000B9607A600023BB612723FB1800221A7081
:10A4A00000237B611823FA187B680121180016F03D
:10A4B00075FD03003B623B6A1B785BB2322B04D014
:10A4C0003B6A1B785BB2332B1AD13B6A180021F030
:10A4D000BAF802001F217B181A701423FA187B188F
:10A4E0001B78110018000BF0D3FD7B69181CF8F7DE
:10A4F000A5FD02000B000849F86822F0ADFC06E05B
:10A50000064B1A68FB681100180022F044FE002375
:10A510001800BD460AB080BD183B0308C4010020E6
:10A52000B0B586B000AFF860B960BB1D1A801725C2
:10A530007C19FB68180007F067FA030023707B1989
:10A540001B78204AD35C002B0BD07B191B781D4A4B
:10A55000D35C012B05D07B191B781A4AD35C032BE3
:10A5600022D117243B191B7818000AF0CDF82000DF
:10A570003B181B785A1E144B9200B968D1503B18F7
:10A580001B78104A0221D1543B181B785A1E0F4BDE
:10A5900092000021D150BB1D1A88B968FB681800D1
:10A5A00009F0EEFF002309E01723FB181B78054A8A
:10A5B000D35C022B01D1172300E017231800BD46FE
:10A5C00006B0B0BDE00A0020101A0020241A0020B6
:10A5D00080B584B000AF0200FB1D1A70FB1D1B7814
:10A5E0003B4AD35C022B09D0FB1D1B785A1E394B0A
:10A5F0009200D35818001BF059FB64E0FB1D1B7838
:10A600005A1E344B9200D35818001BF04FFBFB1D11
:10A610001B785A1E304B9200D358002B09D0FB1DDB
:10A620001B78013B2D4A99008A58511C2B4A9B00EC
:10A630009950FB1D1B785A1E284B9200D258FB1DC7
:10A640001B78591E244B8900CB589A4208D2FB1D17
:10A650001B785A1E224B5200D35ADBB20D2B32D13B
:10A66000FB1D1B785A1E1E4B5200D35A1B0A9AB26E
:10A670000F217B181A70FB1D1B785A1E184B5200B5
:10A68000D25A0E23FB181A707B181B78002B03D0AC
:10A690007B181B78012B08D1FB1D1B7818000AF0D2
:10A6A0005DF8104B01221A700DE0FB1D1B7818009D
:10A6B0000AF054F80E23FB181B7818000AF04EF825
:10A6C000084B01221A70C046BD4604B080BDC0468A
:10A6D000E00A00206C4D0020381A0020241A0020C7
:10A6E000901B0020C801002080B500AF0B4B1B68F9
:10A6F00008221A620A4B1B6808221A62094B1B685F
:10A7000008221A62084B1B6808221A62074B1B6852
:10A7100008221A62C046BD4680BDC0460C240020F7
:10A72000A024002034250020C82500205C2600201D
:10A7300080B58CB002AFFA239A00694969486A4B28
:10A74000019303230093002317F027FEFA239A00B6
:10A7500066496748674B019305230093002317F070
:10A760001CFEFA239A0064496448654B0193032355
:10A770000093002317F011FEFDF708F8FA239A0062
:10A7800060496148614B019303230093002317F054
:10A7900004FEFA239A005E495E485F4B019304234E
:10A7A0000093012317F0F9FDFA239A005B495948F9
:10A7B0005B4B019304230093022317F0EEFDFA2371
:10A7C0009A0058495348584B01930423009303239C
:10A7D00017F0E3FDFA239A0054494E48544B019375
:10A7E00004230093042317F0D8FDFA239A0051495B
:10A7F0004848514B019304230093052317F0CDFDE6
:10A8000000237B622423FB180121180016F046FA6E
:10A8100002004A4B5A6000233B622023FB180121AF
:10A82000180016F03BFA0200454B5A600023FB610A
:10A830001C23FB180121180016F030FA02003F4BD0
:10A840009A600023BB611823FB180121180016F041
:10A8500025FA02003A4B9A6000237B611423FB180F
:10A860000121180016F01AFA0200344BDA600023B6
:10A870003B611023FB180121180016F00FFA0200AB
:10A880002F4BDA600023FB600C23FB18012118001A
:10A8900016F004FA0200294B1A610023BB6008235A
:10A8A000FB180121180016F0F9F90200244B1A6177
:10A8B00000237B603B1D0121180016F0EFF9020018
:10A8C0001E4B5A6100233B603B000121180016F02B
:10A8D000E5F902001A4B5A61C046BD460AB080BD78
:10A8E000C844030845A90008C01A0020D44403083E
:10A8F00069BB0008C81A0020E0440308DBB4020862
:10A90000C41A0020EC440308E9670008CC1A0020B0
:10A91000F444030821C70008AC1A002000450308CE
:10A92000B01A00200C450308B41A0020184503088B
:10A93000B81A002024450308BC1A0020D01A0020B1
:10A94000EC1A002080B582B000AF78603A4B1B78DB
:10A95000032B2FD043DC012B02D0022B15D03EE07D
:10A960008023DB013548012219001BF02AFF50200B
:10A9700016F080F98023DB013048002219001BF01B
:10A9800020FF2D4B00221A702AE08023DB012B4888
:10A99000012219001BF015FF642016F06BF98023CB
:10A9A000DB012648002219001BF00BFF224B00227E
:10A9B0001A7015E08023DB012048012219001BF0EA
:10A9C00000FF1E2016F056F98023DB011B480022F1
:10A9D00019001BF0F6FE184B00221A7000E0C0466A
:10A9E0000AF00AFCFCF7DCFD154B1B78002B15D098
:10A9F00006F025FB124B00221A708023DB010F4862
:10AA0000012219001BF0DDFEC82019F0C7FC8023CD
:10AA1000DB010A48002219001BF0D3FE094B1B780A
:10AA200001225340DBB2002B02D0074B00221A70E8
:10AA300016F026FD8AE7C046D20A00200004005026
:10AA4000A41A0020F94D0020F84D002080B500AF79
:10AA5000064B1B6806491800F5F77CFB03001A003B
:10AA6000044B1A60C046BD4680BDC0464802002067
:10AA700010270000A81A002080B588B000AF00237E
:10AA8000FB610023BB6100237B611E4B1B68FA2224
:10AA900091001800F5F75EFB0300013B3B611A4B88
:10AAA000FB601A4BBB608023DB047B60FB681B6888
:10AAB0003A69D31AFB6117F0A9FF0300BB61BB68B9
:10AAC0001B687A68134007D0BB690133BB61FB6820
:10AAD0001B683A69D31AFB61BA6913009B009B1883
:10AAE0005B007B610A4B1B681900F869F5F732FBC4
:10AAF00003001A007B699B187B617B691800BD46C7
:10AB000008B080BD4802002018E000E004ED00E03D
:10AB1000A81A0020F0B589B002AFB9607A601900B8
:10AB20000F23FB18021C1A700E203B180A1C1A7007
:10AB300000237B6101007B181A78282308201B184A
:10AB4000DB191B789A4207D17B181B781A00DD4B62
:10AB5000022199546723B0E10E23FB181B78002BC8
:10AB600006D0282308229B18DB191B78002B01D163
:10AB70006723A2E10F23FB181B78002B5BD128254C
:10AB80000826AB19DB191B780D2B18D10E23FB18E7
:10AB90001B7818000CF09CFF0400AB19DB191B7824
:10ABA00018000CF095FF0100BB689BB21A00200052
:10ABB000FFF7B6FC0300172B1BD117237DE10E23F3
:10ABC000FB181B7818000CF083FF040028230822D0
:10ABD0009B18DB191B7818000CF07AFF0300012288
:10ABE00019002000FFF79CFC0300172B01D117234D
:10ABF00063E17A6813005B019B1A9B009B18DB00E2
:10AC00001A00FA2399001000F5F7A4FA03001900BE
:10AC10000E243A19AC48AD4B00931300002219F0F2
:10AC200039F803007B613B191B785A1EA84B920030
:10AC3000B968D150C1E00F23FB181B78012B3DD11F
:10AC4000282308229B18DB191B7818000CF040FF02
:10AC500004000E23FB181B7818000CF039FF0300CA
:10AC6000012219002000FFF75BFC0300172B01D124
:10AC7000172322E17A6813005B019B1A9B009B1843
:10AC8000DB001A00FA2399001000F5F763FA0300BD
:10AC90001900282408256319DB198B488B4A009278
:10ACA000002218F0F7FF03007B616319DB191B78A2
:10ACB0005A1E874B9200B968D1507EE00F23FB18D3
:10ACC0001B78022B77D10E23FB181B7818000CF091
:10ACD000FFFE0400282308229B18DB191B781800AC
:10ACE0000CF0F6FE0300012219002000FFF718FC0B
:10ACF0000300172B01D11723DFE07A6813005B01F3
:10AD00009B1A9B009B18DB001A00FA239900100085
:10AD1000F5F720FA030019000E257A196A486B4BE3
:10AD200000931300002218F0B5FF03007B617B192C
:10AD30001B785A1E664B9200B968D150282308220E
:10AD40009B18DB191B7818000CF0C2FE04007B195D
:10AD50001B7818000CF0BCFE030001221900200033
:10AD6000FFF7DEFB0300172B01D11723A5E07A685C
:10AD700013005B019B1A9B009B18DB001A00FA234F
:10AD800099001000F5F7E6F90300190028240825BA
:10AD90006319DB194C484D4A0092002218F07AFFE3
:10ADA00003007B616319DB191B785A1E484B920024
:10ADB000B968D15001E067237FE00F22BB181B78F0
:10ADC000002B14D1BB181B789BB21B0299B228230D
:10ADD00008229B18DB191B7818000E23FB181B7820
:10ADE0005A1E0B1899B23B4B5200D15244E00F222D
:10ADF000BB181B78012B14D1BB181B789BB21B020C
:10AE000099B20E23FB181B781800282308229B18E0
:10AE1000DB191B785A1E0B1899B22E4B5200D152D7
:10AE20002AE00F243B191B78022B25D13B191B78F4
:10AE30009BB21B0299B228250823EA18D3191B7864
:10AE400018000E26BB191B785A1E0B1899B2214BFD
:10AE50005200D1523B191B789BB21B0299B2BB190D
:10AE60001B7818000823EB18DB191B785A1E0B18E7
:10AE700099B2184B5200D1520F23FB181B781A04B9
:10AE8000282308215B18DB191B781B02D3180E221C
:10AE9000BA1812789B181A000F4B1A607B69002BA6
:10AEA0000AD017F0A5FD0200786901235B420093E8
:10AEB0000023012118F03EFF00231800BD4607B013
:10AEC000F0BDC046E00A002038450308DDAE0008AA
:10AED000381A0020901B00209C1B002090B585B0E4
:10AEE00000AF78600F203B1800221A700E243B1927
:10AEF00000221A700D217B1800221A701E4B1B684D
:10AF00001A0C7B181A701C4B1B681A0A3B191A7012
:10AF1000194B1A683B181A707B181B78022B16D035
:10AF200025DC002B02D0012B07D020E00F23FB18DB
:10AF30001B78180009F012FC1AE00E23FB181B788E
:10AF4000180009F00BFC0D4B01221A7010E00F23C2
:10AF5000FB181B78180009F001FC0E23FB181B7866
:10AF6000180009F0FBFB054B01221A7000E0C046F7
:10AF7000C046BD4605B090BD9C1B0020C801002006
:10AF8000F0B587B002AF0200FB1D1A700F23FB184B
:10AF900000221A700E243B1900221A700D257B190D
:10AFA00000221A70164B00221A70FB1D1B785A1EC5
:10AFB000791914481300DB009B1ADB001B5C0B7033
:10AFC000114B1A7826003C197B191B7819001000C8
:10AFD000FAF792F903002370FB1D1B789BB27A19D4
:10AFE0001178BA191078009300230A00002100F0AC
:10AFF000AFF90F23FB181B781800BD4605B0F0BD54
:10B00000320A0020E80A00202C13002080B586B008
:10B0100002AF0200FB1D1A70BB1D0A1C1A700F2321
:10B02000FB1800221A70134B00221A70124BFA1DE3
:10B0300012781A70FB1D1B78FF2B0AD1BB1D1B78E1
:10B040009BB200930023FF220021002000F080F932
:10B0500009E0BB1D1B789BB200930023FE22002158
:10B06000002000F075F90F23FB181B781800BD466F
:10B0700004B080BD320A00207800002080B582B084
:10B0800000AF0200FB1D1A70FB1D1B78052B2CD88E
:10B090009A00184BD3181B689F46174B186800235B
:10B0A0000222002118F0EEFB20E0144B1868002368
:10B0B0000222002118F0E6FB18E0114B186800236B
:10B0C0000222002118F0DEFB10E00E4B186800236E
:10B0D0000222002118F0D6FB08E00B4B1868002371
:10B0E0000222002118F0CEFB00E0C046C046BD465B
:10B0F00002B080BD44450308AC1A0020B01A0020FD
:10B10000B41A0020B81A0020BC1A0020B0B584B0D0
:10B1100002AF05000C0010001900FB1D2A1C1A705C
:10B12000BB1D221C1A703B1D021C1A80BB1C0A1C72
:10B130001A80184B01221A70174BBA1D12781A7018
:10B14000BB1D1B78FF2B0CD13B1D1A88FB1D1978EA
:10B15000BB1C1B8800931300FF22002000F0F8F8AE
:10B160000BE03B1D1A88FB1D1978BB1C1B88009344
:10B170001300FE22002000F0EBF8BB1C1A88074BDE
:10B180000021180021F0E7FE00231800BD4602B0A0
:10B19000B0BDC046320A002078000020000C00201C
:10B1A000B0B586B002AF040008001100FB1D221CE0
:10B1B0001A703B1D021C1A80BB1C0A1C1A800F232C
:10B1C000FB1800221A700E257B1900221A70FB1D35
:10B1D0001B78FF2B20D0194B1A787C19FB1D1B788C
:10B1E00019001000FAF788F803002370134B197840
:10B1F0003B1D1C88FB1D1A787B191878BB1C1B880B
:10B200000093230000F0A4F8BB1C1A880C4B00210B
:10B21000180021F0A0FE09E0084B1878BB1C198823
:10B220003B1D1A880B00FF21FFF770FF0F23FB184F
:10B230001B781800BD4604B0B0BDC0462C130020DA
:10B24000000C0020F0B587B000AF04000800BA6021
:10B2500019000F257B19221C1A700C23FB18021CE5
:10B260001A80BB1D0A1C1A801623FB18BA1D1288EF
:10B270001A801423FB1800221A801223FB180022C4
:10B280001A8011217B1800221A701023FB1800224B
:10B290001A702C4B1A787C187B191B781900100037
:10B2A000FAF72AF80300237041E01223FA18162354
:10B2B000FB181B8899B22E2900D92E231380142441
:10B2C0003B191B88BA68D11812257B191A881E4BA6
:10B2D000180021F068FF1626BB19B91928003A1882
:10B2E000098812888A1A1A803B1939193A1809886C
:10B2F00012888A181A80BB191B88002B06D0134BA2
:10B300001A78802149420A431A7004E00F4B1A78D8
:10B310007F210A401A701223FB181A880C23FB188D
:10B3200019880F23FB181B781800FFF739FF162325
:10B33000FB181B88002BB8D100231800BD4607B0AE
:10B34000F0BDC0462C130020000C00204C13002040
:10B35000B0B586B000AF05000C0010001900FB1D51
:10B360002A1C1A70BB1D221C1A707B1D021C1A702D
:10B37000BB1C0A1C1A801023FB1800221A700F2312
:10B38000FB1800221A700E23FB1800221A701723D4
:10B39000FB1800221A701623FB1800221A701523BE
:10B3A000FB1800221A70FB1D1B78002B03D17B1D9C
:10B3B0001B78002B17D0FB1D1B78002B07D17B1DA2
:10B3C0001B78FF2B03D07B1D1B78FE2B0BD1FB1DA5
:10B3D0001B78002B09D0BB1D1B78002B05D07B1DD3
:10B3E0001B78002B01D1672314E2002017F092F99B
:10B3F0000300BB600521002017F0A6F9CA4B4822C4
:10B400001A70C94B5A225A70FB1D1B78002B0BD1A6
:10B41000BB1D1B78002B07D17B1D1B78FF2B07D092
:10B420007B1D1B78FE2B03D0BB1C1B88002B18D167
:10B4300028203B181B885A1E16243B19BB498A5CDE
:10B440001A703B181B885A1E1300DB009B1ADB0086
:10B45000B74A99183B191A78B64B180021F0A3FE89
:10B4600029E1BB1D1B78002B03D1BB1DB24A12780A
:10B470001A70B24B1B7801221340DBB2002B05D0AF
:10B480001722BB18BA18127801321A70BB1C1B881D
:10B49000FF2B04D9A94B1A7802210A431A70A24B38
:10B4A0001622BA1812789A709F4B7A1D1278DA70A9
:10B4B0009D4BBA1D12781A71A04B1A789A4B5A718B
:10B4C00017203B181B780633BA1C1288D1B2964A53
:10B4D000D1549A4B1B7802221340DBB2002B0ED0C2
:10B4E0003B183A18127801321A70BB1C1B881B0AD1
:10B4F0009AB23B181B780633D1B28B4AD154282418
:10B500003B191B882E2B1AD817257B191B78DA1D9F
:10B51000854BD0188A4B1B881A008A4BD1183B19CF
:10B520001B881A0021F03FFE3B191B88DAB27B19F9
:10B530001B78D318DAB21623FB1804321A70824B28
:10B540001B78002B00D1B6E0804B1B78FF2B52D02C
:10B550001223FB1801221A8035E012203B181B88A9
:10B560005A1E7B4B5200D35A1A00784B1B781A4153
:10B5700013000122134020D015217B187A1812786D
:10B5800001321A7028243B191A887B181B78D318AB
:10B590002C2B10DC1723FB181B78DA1D3B191B889A
:10B5A000D2187B181B78D318013B3A181288D1B2F5
:10B5B0005D4AD15401E069232CE112217B181A88DD
:10B5C0007B1801321A80634B1B781A001223FB1878
:10B5D0001B889342C1D91723FB181B78DA1D282337
:10B5E000FB181B88D21815217B181B78D3184E4ADC
:10B5F00079180978D154554B1B78FF2B16D1282187
:10B600007B181B882C2B11D8534B1B780133DAB2D3
:10B61000514B1A701723FB181B78DA1D7B181B88F7
:10B62000D3184D4A1178404AD1542EE0474B1B782D
:10B63000FF2B01D16923EDE0444B1B78FF2B1ED07B
:10B6400028217B181A8815203B181B78D3182B2B20
:10B6500015DC414B1B780133DAB23F4B1A701723CC
:10B66000FB181B78DA1D7B181B88D2183B181B7837
:10B67000D3180133384A11782B4AD15405E0334BA3
:10B680001B78FF2B01D06923C4E0304B1B78FF2BC4
:10B6900006D11622BB18BA18127801321A700AE0C5
:10B6A0001523FA1816217B1812781B78D318DAB2F2
:10B6B0007B1802321A701C4B16257A1912789A7070
:10B6C0007B191B7803331A001749244B180021F00B
:10B6D0006AFD7B191B789BB203339AB27B191B78E6
:10B6E000DC1C1E4B1100180009F0D6F803001A00EC
:10B6F0000D4B1A55194B38220021180021F02BFC54
:10B700007B1D1B78FF2B2BD07B1D1B78FE2B27D09E
:10B710007B191B789BB204339AB20349FB1D18783E
:10B7200032230CF075F96AE0980A0020D80A00204C
:10B73000E80A00209B0A00202C1300204C13002054
:10B74000CE1B0020000C0020320A002078000020D0
:10B75000C41200207C000020D10A0020581B0020C9
:10B76000BB1C1B88002B07D1BB1D1B78002B03D1F2
:10B77000BB1D2A4A12791A70BB1D1B781800F9F7F5
:10B78000E3FB1123FB1801221A7033E0244B1B78D2
:10B790005A1E244B5200D35A1A0011203B181B7812
:10B7A000013B1A411300012213401AD016243B1901
:10B7B0001B789BB204339AB218493B18187832238D
:10B7C0000CF026F9184B1B78002B0AD03B191B787C
:10B7D0009BB204339AB21149FB1D187832230CF046
:10B7E00017F90A200BF0CEFC11217B181A787B1870
:10B7F00001321A701123FB181B78052BC6D9BB68C0
:10B800001900002016F0A0FF084B02221A70102326
:10B81000FB181B781800BD4606B0B0BD980A002082
:10B820002C130020580E0020310A00204D13002058
:10B83000F0B58BB006AF05000C0010001900FB1D21
:10B840002A1C1A70BB1D221C1A707B1D021C1A7048
:10B850003B1D0A1C1A700B243B1900221A700F237F
:10B86000FB1800221A700E23FB1800221A700D23F9
:10B87000FB1800221A70B04B1B78BA1D12789A423E
:10B8800048D0FB6A1B0EDAB2AC4B1A70FB6A1B0C79
:10B89000DAB2AA4B5A70FB6A1B0ADAB2A74B9A704B
:10B8A000FB6ADAB2A54BDA703B6B1B0EDAB2A34B24
:10B8B0001A713B6B1B0CDAB2A04B5A713B6B1B0A23
:10B8C000DAB29E4B9A713B6BDAB29C4BDA719B4AAF
:10B8D000202308215B18DB191B781372974BFA1D84
:10B8E00012785A72954B3A1D12789A72934B7A1DC0
:10B8F0001278DA722C235B18DB191A788F4B1A73C3
:10B90000BB1D1B780D221C211800FFF749FC3B19B9
:10B910001B780CE10C23FB1800221A70B6E03B1DCB
:10B920001A78BB1D1B7811001800F9F7E5FC0C21F3
:10B930007B181B78824AD35C002B00D1A0E07B18D7
:10B940001B7801337E4AD35C002B10D07B181B7808
:10B950007B4AD05C7B181B780133794AD35C0E227A
:10B96000BC181900F9F7C8FC030023700EE00C2383
:10B97000FB181B78724AD25C0E23FC18BB1D1B7887
:10B9800019001000F9F7B8FC030023703B1D1A786A
:10B99000BB1D1B7811001800F9F7AEFC0C23FB1837
:10B9A0001B78674AD35C3A1D12789A4205D10D2361
:10B9B000FB187A1D12781A7010E00C217B181B7886
:10B9C0005F4AD05C7B181B78013B5D4AD35C0D223B
:10B9D000BC181900F9F790FC03002370FB6A1B0EDA
:10B9E000DAB2564B1A70FB6A1B0CDAB2534B5A7020
:10B9F000FB6A1B0ADAB2514B9A70FB6ADAB24F4B00
:10BA0000DA703B6B1B0EDAB24C4B1A713B6B1B0CA2
:10BA1000DAB24A4B5A713B6B1B0ADAB2474B9A7146
:10BA20003B6BDAB2454BDA71444A202308215B189C
:10BA3000DB191B781372414B0E22BA1812785A7216
:10BA40003E4B0D22BA1812789A722C235B18DB1920
:10BA50001A783A4BDA723B1D1A78BB1D1B7811001D
:10BA60001800F9F749FC0C23FB181B78344AD35C07
:10BA70000C221B211800FFF793FB0A2015F0FAF89F
:10BA80000C217B181A787B1801321A700C23FB18D2
:10BA90001B78192B00D842E7FB1D1B780D2B43D0D8
:10BAA000BA1D3B1D12781B789A4205D10F23FB1853
:10BAB0007A1D12781A700BE00F23FC183B1D1A78C0
:10BAC000BB1D1B7811001800F9F716FC030023704A
:10BAD000FB1D1C783A6BF96A202508202B18DB190E
:10BAE00018780F26BB191B7800932300FFF712F874
:10BAF0002C2308201B18DB191B78002B14D0FB1DEE
:10BB00001C783A6BF96A2B18DB1918780023049318
:10BB1000002303930023029300230193BB191B7896
:10BB200000932300F8F7FEF90B23FB181B7818008D
:10BB3000BD4605B0F0BDC0462C130020000C00200F
:10BB4000B41B002080B500AFBFF34F8FC046044B3D
:10BB5000044ADA60BFF34F8FC046C046FDE7C046D7
:10BB600000ED00E00400FA05F0B58BB000AF78609E
:10BB70002723FB1800221A701023FB1800221A60DA
:10BB800000221A710823FB1800221A6000221A7181
:10BB90001A23FB1800221A7001235B4219000120AE
:10BBA00017F02EFED54B00221A7000F0A8FD1923C5
:10BBB000FB18D24A12781A70D04B1B781A00D04B5F
:10BBC0009200D3581B68DBB2CC4A12781100402295
:10BBD0005242D31ADAB2CB4B5A54C84B1B781A00D4
:10BBE000C84B9A5CC54B1B781900C74B5B5C9A42EB
:10BBF00000D125E2C14B1A7818243B1901321A7082
:10BC00003B191B785A1EBD4B1B781900BE4B5B5C61
:10BC10001800BE4913005B009B189B01CB181B5CEE
:10BC20000D2B4BD13B191B78B94AD35C002B45D166
:10BC300000233B620DE0B64A3B6AD3181B78032B06
:10BC400004D1B34A3B6AD31800221A703B6A01330D
:10BC50003B623B6A052BEEDD18203B181B78AC4A93
:10BC60000321D154AB4B3A1812781A70AA4B3A18E8
:10BC700012781A703B181B785A1EA04B1B781900BB
:10BC8000A14B5B5C1800A14913005B009B189B0152
:10BC9000CB181A5CA14B1A70A14B18680023022222
:10BCA000002117F0EFFD9F4B1B78012B02D19E4B1B
:10BCB00001221A709B4B01221A70ABE118217B18EC
:10BCC0001B78934AD35C032B15D17B181B785A1E23
:10BCD0008A4B1B7819008C4B5B5C18008B49130056
:10BCE0005B009B189B01CB181A5C8C4B1A708E4B17
:10BCF00001221A708EE118243B191B785A1E7F4BC3
:10BD00001B781900804B5B5C1800804913005B00B6
:10BD10009B189B01CB181B5C482B0BD13B191B7844
:10BD20007B4AD35C002B05D13B191B78784A07214D
:10BD3000D1546FE118243B191B785A1E6F4B1B78A6
:10BD40001900714B5B5C1800704913005B009B1875
:10BD50009B01CB181B5C5A2B0BD13B191B786C4AEF
:10BD6000D35C072B05D13B191B78694A0821D154B4
:10BD700050E118243B191B785A1E604B1B781900A0
:10BD8000614B5B5C1800614913005B009B189B01D1
:10BD9000CB181B5C5A2B0BD03B191B785C4AD35C2D
:10BDA000072B05D13B191B78594A0021D15431E1A9
:10BDB0001826BB191B78564AD35C082B4CD1BB19EB
:10BDC0001B78534A0121D154BB191B785A1E4B4B87
:10BDD0001B7819004C4B5B5C1D0019243B1919782A
:10BDE0003B191B785148C35C1C00484813005B009A
:10BDF0009B189B01C3185D5D4D482300DB001B1B96
:10BE0000DB000A0092005218D100891ACA00110002
:10BE10005B18C31802332A1C1A7019243B191B78AB
:10BE20000822BA180321D154BB191B785A1E334B70
:10BE30001B781900344B5B5C1800344913005B001D
:10BE40009B189B01CB181A5C3B191B780132D1B2AD
:10BE50001022BA18D154DDE018217B181B782C4A27
:10BE6000D35C012B00D0D5E019203B181B781022A1
:10BE7000BA18D35C012B5DD97B181B785A1E1F4B57
:10BE80001B781900204B5B5C1E003B1819780500DD
:10BE90003B181B782548C35C1C007B191B780825C0
:10BEA0007819C35C1D00194813005B009B189B01A7
:10BEB000C3189E5D1E482300DB001B1BDB000A002D
:10BEC00092005218D100891ACA0011005B18C318D9
:10BED000321C5A5519203B181B7808243A19D25C99
:10BEE0000132D1B23A19D1543B181B7810203A18BC
:10BEF000D25C013AD1B23A18D1548BE00222002030
:10BF0000040F0020FC210020F42100205016002006
:10BF1000E00A0020D00A0020511300200122002056
:10BF2000CC1A0020601C0020D60A00206C1C0020C7
:10BF3000741C00201823FB181B785A1EE04B1B783A
:10BF40001900E04B5B5C1E0019257B1919787B19E1
:10BF50001B78DD48C35C1C007B191B78082038184F
:10BF6000C35C1D00D94813005B009B189B01C318DC
:10BF70009E5DD7482300DB001B1BDB000A009200FC
:10BF80005218D100891ACA0011005B18C318321C5C
:10BF90005A5519203B181B7808243A19D25C0132F3
:10BFA000D1B23A19D1543B181B7810243A19D25CFB
:10BFB000013AD1B23A19D1543B181B78C24AD25C2B
:10BFC0000132D1B2C04AD1543B181B78BE4AD35C6F
:10BFD000052B04D13B181B78BB4A0021D154BD4B23
:10BFE0001B781900BC4B1822BA1812785A54B94B56
:10BFF0001B780133DAB2B74B1A70B64B1B78052B9E
:10C0000002D1B44B00221A701823FB181B78B34AD4
:10C010000021D154AA4B1B78AA4AD25C0132D1B27A
:10C02000A84AD154A64B1B781A00A64B9B5CC02B88
:10C0300018D1A34B1B781A00A24B0021995411E090
:10C040009F4B1B781A00A64B9A5C9D4B1B781900DE
:10C050009C4B5B5C9A4205D1994B1B780133DAB259
:10C06000974B1A709B4B1A789E4B1B789A4200D1C3
:10C0700045E39C4B1B78190018203B18964A525CEC
:10C080001A7019257B193A181278013A1A707B191F
:10C0900019787B191B78944AD35C1A008C481300DA
:10C0A000DB009B1ADB000A0092005218D100891AAB
:10C0B000CA0011005B1848221A547B1919787B19A1
:10C0C0001B78894AD35C1A0081481300DB009B1A55
:10C0D000DB000A0092005218D100891ACA00110030
:10C0E0005B18C31801335A221A707B1919787B190F
:10C0F0001B787D4AD35C1A0017243819744C13003E
:10C10000DB009B1ADB000A0092005218D100891A4A
:10C11000CA0011005B18E31802331B7803707B1907
:10C1200019787B191B78704AD35C1A001626B81947
:10C13000674C1300DB009B1ADB000A0092005218C8
:10C14000D100891ACA0011005B18E31803331B7869
:10C150000370664B1B78BA1912789A4263D0BB19E8
:10C160001B78002B5FD0BB191B78FF2B5BD0BB1952
:10C170001B78FE2B57D07B191B785D4A1724391981
:10C180000978D1547B191A781300DB009B1ADB0065
:10C19000584A98187B1919787B191B78524AD35C36
:10C1A0001A001300DB009B1ADB000A0092005218F1
:10C1B000D100891ACA0011005B18DA1C444BD1184F
:10C1C0003B191B781A0020F0EEFF18203B181B7853
:10C1D0005A1E48491300DB009B1ADB00CB180233C0
:10C1E0001B789B08DBB21A1C01231340DAB2424BC6
:10C1F00001210A4090001A7804218A43111C021C74
:10C200000A431A703C4B1B7804221340DBB2002B0C
:10C2100002D03A4B03221A701823FB181B7818001F
:10C22000FEF7AEFE4AE219243B1919783B191B7838
:10C230002D4AD35C1A0026481300DB009B1ADB0052
:10C240000A0092005218D100891ACA0011005B1826
:10C250001A5C2B4B1A703B1919783B191B78224A30
:10C26000D35C1A001A481300DB009B1ADB000A009B
:10C2700092005218D100891ACA0011005B18C31825
:10C2800001331A781E4B5A703B1919783B191B78E9
:10C29000154AD35C1A000E481300DB009B1ADB0022
:10C2A0000A0092005218D100891ACA0011005B18C6
:10C2B000C31802331A78124B9A700023FB6141E0D5
:10C2C00002220020F42100206C1C002050160020C7
:10C2D000741C0020F2210020EC210020E00A002044
:10C2E000FC210020F1210020641C00202C130020E0
:10C2F000D80A0020E80A00204C130020D20A0020AF
:10C30000281C00201922BB181978BB181B78DE4A9C
:10C31000D35C1A00FB69DC1CFB69D81CDB4D1300E5
:10C32000DB009B1ADB000A0092005218D100891A28
:10C33000CA0011005B18EB181A5DD54B1A54FB6943
:10C340000133FB611726BB191B78FA699A42D9DBC6
:10C35000BB191B789BB203339AB21523FC18CC4B44
:10C360001100180008F098FA03002370C94B1B88CD
:10C3700001339AB2C74B1A8019257B1919787B199A
:10C380001B78C14AD35C1A00BB191B78D81CBF4C60
:10C390001300DB009B1ADB000A0092005218D10048
:10C3A000891ACA0011005B18E3181B5C1522BA1821
:10C3B00012789A4200D07BE1B74B1B8801339AB2C6
:10C3C000B54B1A807B191B78B44A3400B919097827
:10C3D000D1547B191A781300DB009B1ADB00B04A9A
:10C3E00098187B1919787B191B78A74AD35C1A0017
:10C3F0001300DB009B1ADB000A0092005218D100E8
:10C40000891ACA0011005B18DA1CA04BD1183B191D
:10C410001B781A0020F0C7FE2723FB1800221A7091
:10C420001622BB181B78FF2B04D0BB181B78FE2BE1
:10C4300000D01CE11623FB181B78FF2B42D11824D7
:10C440003B191B785A1E3B191B78013B9349CB5C67
:10C45000591E93481300DB009B1ADB00C3185A5C7B
:10C46000904B1B78DBB29A422CD03B191B785A1E9A
:10C470003B191B78013B8949CB5C591E8848130046
:10C48000DB009B1ADB00C3185A5C864B111C197029
:10C49000854B1A703B191B781900FF20FEF7B6FD7B
:10C4A0003B191B785A1E3B191B78013B7B49CB5C1F
:10C4B000591E7B481300DB009B1ADB00C3180022C7
:10C4C0005A541EE01623FB181B78FF2B19D1182194
:10C4D0007B181B785A1E7B181B78013B6F49CB5C7D
:10C4E000591E6F481300DB009B1ADB00C3185A5C0F
:10C4F0006C4B1B78DBB29A4203D12723FB18032233
:10C500001A701623FB181B78FE2B00D090E018241D
:10C510003B191B785A1E3B191B78013B5F49CB5CCA
:10C52000591E5F481300DB009B1ADB00C3185A5CDE
:10C530005C4B1B78DBB29A4200D179E03B191B7847
:10C540005A1E3B191B78013B5449CB5C591E544879
:10C550001300DB009B1ADB00C3185A5C514B111C03
:10C560001970514B1A703B191B781900FE20FEF709
:10C570004DFD3B191B785A1E3B191B78013B47495F
:10C58000CB5C591E46481300DB009B1ADB00C31826
:10C5900000225A543B191B785A1E3B191B78013B49
:10C5A0003E49CB5C981E1A23F9183D4C1300DB0062
:10C5B0009B1ADB00E3181B5C0B702723FB18662219
:10C5C0001A701B23FB1800221A7028E018217B1810
:10C5D0001B785A1E7B181B78013B3049CB5C991E97
:10C5E0001A23FB181B78C91A1B23FB181B78C918C0
:10C5F0002B481300DB009B1ADB00C3185A5C2B4B43
:10C600001B789A4205D12723FB1800221A70C046D6
:10C610002DE01B217B181A787B1801321A701B231E
:10C62000FA181A23FB1812781B789A42CED31EE010
:10C630001623FB181B78FE2B19D118217B181B78A9
:10C640005A1E7B181B78013B1449CB5C591E1448B9
:10C650001300DB009B1ADB00C3185A5C114B1B78DC
:10C66000DBB29A4203D12723FB1803221A70272337
:10C67000FB181B78002B21D11823FB181B781800FE
:10C68000FEF7FCFC1AE0C046641C0020741C00206D
:10C69000281C00200822002004220020D80A0020A4
:10C6A000E80A0020F3210020D10A00202C130020EA
:10C6B000174B1B8801339AB2154B1A8019203B186F
:10C6C0001B78144AD25C0132D1B2124AD1543B18C1
:10C6D0001B78104AD35C052B04D13B181B780D4AFC
:10C6E0000021D1540C4B1B780133DAB20A4B1A707B
:10C6F000094B1B78052B02D1074B00221A70074B00
:10C700001B78042B01D8FFF752FAFFF745FAC04611
:10C7100006220020641C0020F121002002220020BB
:10C72000F0B5C64600B5B2B004AF84243B1918601A
:10C73000372380215B18DA190023137024235B1838
:10C74000DA190023137023235B18DA1900231370FE
:10C7500022235B18DA190023137030235B18DA19CF
:10C76000002313803B191B6821225218D219137021
:10C77000372380269B19DA190023137001235B42AB
:10C780001900012017F03CF82124A319DB191B78AC
:10C790005A1EED4B9B5C002B01D104F0DAFBA31970
:10C7A000DB191B785A1E20239B19D819E74913005F
:10C7B000DB009B1ADB005B5C0370A319DB191B78A1
:10C7C0005A1E36239B19D819E0491300DB009B1A27
:10C7D000DB00CB1801331B7803703325AB19DA1952
:10C7E00000231370A319DB191B785A1ED848D749A8
:10C7F0001300DB009B1ADB00CB1802331B7803709D
:10C80000D34B1A7801231340DBB2002B0BD0222329
:10C810009B19DA1901231370AB19DA19AB19DB195B
:10C820001B7801331370CA4B1A7802231340DBB212
:10C83000002B31D021268022B318DB191B78591E1A
:10C840003325AB18DB191B78181DC04A0B00DB0021
:10C850005B1ADB00D3181B5C1B029CB28022B3184E
:10C86000DB191B78591E1600AB18DB191B78D81C76
:10C87000B64A0B00DB005B1ADB00D3181B5C2E22D0
:10C880009219D219E3181380AB19DA19AB19DB1915
:10C890001B780133137015E0212380241B19DB1949
:10C8A0001B78591E33231B19DB191B78D81CA74A88
:10C8B0000B00DB005B1ADB00D3181B5C2E22121965
:10C8C000D2191380A24B1A7808231340DBB2002B35
:10C8D0000FD09F490A7808239A4313000B70362320
:10C8E00080229B18DB191B7800222C211800FEF7F0
:10C8F00057FC332080240319DA190319DB191B783C
:10C900000433137021231B19DB191B785A1E8E4B1D
:10C910009A5C1F231B19D9190319DB191B78D31A29
:10C920000B7037231B19DB191B78002B01D004F087
:10C9300010FB2E231B19DB191A88302A0CDC002A65
:10C9400001DA04F0A3FA302A01D904F09FFA920028
:10C95000804BD3181B689F467F4B9A4200D173E1EE
:10C9600004F094FA7D4A01231370794B1A786023FE
:10C970001340DBB2602B08D0754B1A78602313404C
:10C98000DBB2202B01D004F0D3FA362380229B188F
:10C99000DB191B78002202211800FEF701FC04F0CD
:10C9A000C7FA6F4B1B78002B39D16E4B1B781900DF
:10C9B0006D4A0B009B005B185B009B5C002B0AD14F
:10C9C000362380229B18DB191A786849684B1800B7
:10C9D00020F042FA13E0362280215318DB191C782C
:10C9E0005318DB191B781A009200D21853001A0052
:10C9F0005D4BD3185F495E48220020F02DFA584B5A
:10CA00001C785B4B1800F3F789FB03009AB2584976
:10CA100001235B420093322320000AF0A3FF564A11
:10CA20000023137004F095FA8023DB0153480122A0
:10CA3000190019F0C6FE04F08CFA8023DB014F4880
:10CA40000022190019F0BDFE04F083FA8023DB01F7
:10CA50004A4A1900100019F0D1FE04F07AFA362380
:10CA600080201B18DB191B789BB21B029CB221256E
:10CA70002B18DB191B78591E33263318DB191B784A
:10CA8000981C324A0B00DB005B1ADB00D3181B5CDE
:10CA9000190080202B18DB191B785A1E63189BB2D3
:10CAA0003749920053522B18DB191B785A1E331842
:10CAB000DB19187825491300DB009B1ADB00CB1823
:10CAC0001B5C1B029CB280202B18DB191B78591EA3
:10CAD0003318DB191B78581C1C4A0B00DB005B1A4F
:10CAE000DB00D3181B5C1A008026AB19DB191B78FE
:10CAF000591EA31898B2224A8B00D3189A1C031C03
:10CB00001380164A022313701E4B1B881B0A9BB20C
:10CB1000DBB21D4A13701B4B1B88DBB21A4A5370E1
:10CB2000194AAB19DB191B789370022014F0A2F894
:10CB3000AB19DB191878032300930B230022002183
:10CB4000FEF706FC04F005FAD80A0020E80A0020E7
:10CB50004C130020A0450308B3050000D20A0020B2
:10CB6000D00A00202C1300209811002064450308EF
:10CB7000D81B0020784503084D1300200004005006
:10CB8000300E00207A000020000C00203623802088
:10CB90001B18DB191B789BB21B029CB221252B189A
:10CBA000DB191B78591E33263318DB191B78981CA8
:10CBB000224A0B00DB005B1ADB00D3181B5C190058
:10CBC00080202B18DB191B785A1E63189BB21C4956
:10CBD000920053522B18DB191B785A1E3318DB199D
:10CBE000187816491300DB009B1ADB00CB181B5C7E
:10CBF0001B029CB280202B18DB191B78591E33189E
:10CC0000DB191B78581C0D4A0B00DB005B1ADB009C
:10CC1000D3181B5C1A0080202B18DB191B78591EB7
:10CC2000A31898B2064A8B00D3189A1C031C1380D1
:10CC3000044A0023137004F08CF9C046E80A00206F
:10CC4000300E00204D13002021248026A319DB196B
:10CC50001B785A1E3325AB19DB191878FE491300CF
:10CC6000DB009B1ADB00CB181B5CFC4A1370A3197A
:10CC7000DB191B78591EAB19DB191B78581CF64AB7
:10CC80000B00DB005B1ADB00D3181B5CF34A53700C
:10CC9000A319DB191B78591EAB19DB191B78981CDB
:10CCA000ED4A0B00DB005B1ADB00D3181B5CEB4A80
:10CCB0009370A319DB191B78591EAB19DB191B786C
:10CCC000D81CE54A0B00DB005B1ADB00D3181B5CA9
:10CCD000E24AD370A319DB191B78591EAB19DB1973
:10CCE0001B78181DDC4A0B00DB005B1ADB00D31835
:10CCF0001B5CDA4A1371A319DB191B78591EAB1997
:10CD0000DB191B78581DD44A0B00DB005B1ADB00D3
:10CD1000D3181B5CD14A5371A319DB191B78591E18
:10CD2000AB19DB191B78981DCB4A0B00DB005B1A93
:10CD3000DB00D3181B5CC94A9371A319DB191B785C
:10CD4000591EAB19DB191B78D81DC34A0B00DB0039
:10CD50005B1ADB00D3181B5CC04AD371A319DB1923
:10CD60001B78591EAB19DB191B7808331800BA4A17
:10CD70000B00DB005B1ADB00D3181B5CB74A137295
:10CD8000A319DB191B78591EAB19DB191B78093362
:10CD90001800B14A0B00DB005B1ADB00D3181B5CE8
:10CDA000AE4A5372A319DB191B78591EAB19DB1954
:10CDB0001B780A331800A84A0B00DB005B1ADB0063
:10CDC000D3181B5CA54A9372A319DB191B78591E53
:10CDD000AB19DB191B780B3318009F4A0B00DB00E3
:10CDE0005B1ADB00D3181B5C9C4AD372A319DB19B6
:10CDF0001B78591EAB19DB191B780C331800964AA7
:10CE00000B00DB005B1ADB00D3181B5C934A137327
:10CE1000A319DB191B78591EAB19DB191B780D33CD
:10CE200018008D4A0B00DB005B1ADB00D3181B5C7B
:10CE30008A4A5373A319DB191B78591EAB19DB19E6
:10CE40001B780E331800844A0B00DB005B1ADB00F2
:10CE5000D3181B5C814A9373A319DB191B78591EE5
:10CE6000AB19DB191B780F3318007B4A0B00DB0072
:10CE70005B1ADB00D3181B5C784AD373A319DB1948
:10CE80001B78591EAB19DB191B7810331800724A36
:10CE90000B00DB005B1ADB00D3181B5C6F4A1374BA
:10CEA000A319DB191B78591EAB19DB191B78113339
:10CEB0001800694A0B00DB005B1ADB00D3181B5C0F
:10CEC000664A5374A319DB191B78591EAB19DB1979
:10CED0001B7812331800604A0B00DB005B1ADB0082
:10CEE000D3181B5C5D4A9374A319DB191B78591E78
:10CEF000AB19DB191B7813331800574A0B00DB0002
:10CF00005B1ADB00D3181B5C544AD374A319DB19DA
:10CF10001B78591EAB19DB191B78143318004E4AC5
:10CF20000B00DB005B1ADB00D3181B5C4B4A13754C
:10CF3000A319DB191B78591EAB19DB191B781533A4
:10CF40001800454A0B00DB005B1ADB00D3181B5CA2
:10CF5000424A5375A319DB191B78591EAB19DB190B
:10CF60001B78163318003C4A0B00DB005B1ADB0011
:10CF7000D3181B5C394A9375A319DB191B78591E0A
:10CF8000AB19DB191B7817331800334A0B00DB0091
:10CF90005B1ADB00D3181B5C304AD375A319DB196D
:10CFA0001B78591EAB19DB191B78183318002A4A55
:10CFB0000B00DB005B1ADB00D3181B5C274A1376DF
:10CFC000A319DB191B78591EAB19DB191B78193310
:10CFD0001800214A0B00DB005B1ADB00D3181B5C36
:10CFE0001E4A5376A319DB191B78591EAB19DB199E
:10CFF0001B781A331800184A0B00DB005B1ADB00A1
:10D00000D3181B5C154A9376A319DB191B78591E9C
:10D01000AB19DB191B781B3318000F4A0B00DB0020
:10D020005B1ADB00D3181B5C0C4AD376A319DB19FF
:10D030001B78591EAB19DB191B781C331800064AE4
:10D040000B00DB005B1ADB00D3181B5C034A137771
:10D05000A319DB1904E0C046E80A002020220020C2
:10D060001B78591EAB19DB191B781D331800E94AD0
:10D070000B00DB005B1ADB00D3181B5CE64A53771E
:10D0800003F067FF212380241B19DB191B7818008C
:10D09000F7F712FFE14A02231370322013F0EAFD82
:10D0A00035231B19DA190023137027231B19DA19EA
:10D0B0000123137036E0272080214318DB191B78E9
:10D0C000013BD74A9B009B5A002B22D035240E00EF
:10D0D000A319DB191978D34A05008319DB191B78CA
:10D0E0005354A319DB191B785A1CCE4BD018AB191B
:10D0F000DB191B78013B9A00C94BD3180422190095
:10D1000020F051F8A319DA19A319DB191B7805339C
:10D110001370272280215318DB191B785218D2195B
:10D1200001331370272380215B18DB191B78052B33
:10D13000C1D935235B18DB191B789AB236235B18EB
:10D14000DB191B780D211800FEF72AF803F001FF08
:10D15000352380255B19DC191F235B19DB191B782C
:10D1600005211800F2F7F6FF0300237026235B1950
:10D17000DA190023137041E021268022B318DB194D
:10D180001B78581E33239B18DB1919782625AB18FA
:10D19000DB191A7813009B009B18C9189D4A0300DD
:10D1A000DB001B1ADB00D3185B5C013B9A009E4B33
:10D1B000D4188022B318DB191B78581E33231600AD
:10D1C0009B19DB191B78591CAB19DB191A78130052
:10D1D0009B009B18CA180300DB001B1ADB009A187F
:10D1E0008C4BD3180422190020001FF0DCFFAB1970
:10D1F000DB191B78AA19D219013313702623802159
:10D200005B18DA1935235B18DB1912781B789A4200
:10D21000B2D3864A0023137003F09BFE252380229D
:10D220009B18DA190123137033E0252580216B1830
:10D23000DA1921267318DB1912781B789A421FD04D
:10D240006B18DB191B7818000AF042FC04008021DF
:10D250007318DB191B78581E33235B18DB191A78F7
:10D260006B18DB191B78D318591E6A4A0300DB00C0
:10D270001B1ADB00D3185B5C190020000AF052FC7B
:10D28000252280215318DB191B785218D21901333B
:10D290001370252380269B19DB191B78052BC4D915
:10D2A0002125AB19DB191B7818000AF011FC0400CA
:10D2B000AB19DB191B78591E33239B19DB191B781B
:10D2C0000A331800534A0B00DB005B1ADB00D3184B
:10D2D0001B5C190020000AF025FC03F03AFE212413
:10D2E0008026A319DB191B785A1E3325AB19DB19CD
:10D2F000187848491300DB009B1ADB00CB181B5C35
:10D30000002B12D1A319DB191B78591EAB19DB199D
:10D310001B78581C3F4A0B00DB005B1ADB00D3185C
:10D320001B5C434A137003F005FE21248026A319D9
:10D33000DB191B785A1E3325AB19DB1918783549D0
:10D340001300DB009B1ADB00CB181B5C012B01D008
:10D3500003F0F0FD334A00231370A319DB191B7887
:10D36000591EAB19DB191B78581C2A4A0B00DB002D
:10D370005B1ADB00D3181B5C2A4A5370A319DB1914
:10D380001B78591EAB19DB191B78981C214A0B001E
:10D39000DB005B1ADB00D318185C03230093102317
:10D3A00000220021FDF7D4FF03F0C4FD214B1A78C1
:10D3B0007F239A431300DBB2002B3FD0302480261A
:10D3C000A319DB191A881C4BD01821239B19DB19D0
:10D3D0001B785A1E33239B19DB1919781300DB00C5
:10D3E0009B1ADB005A180B4BD1181F25AB19DB1900
:10D3F0001B781A001FF0D7FEAB19DB191B789AB205
:10D40000A319D919A319DB191B88D3180B8003F0B2
:10D41000A0FDC046E80A002020220020D20A0020F9
:10D42000300E0020000C0020440E00204D13002080
:10D430002C1300204C13002068220020302480266A
:10D44000A319DB191A88EA4BD01821239B19DB1981
:10D450001B785A1E33239B19DB1919781300DB0044
:10D460009B1ADB005A18E34BD1181F25AB19DB19A7
:10D470001B781A001FF097FEAB19DB191B789AB2C4
:10D4800035006319D9196319DB191B88D3180B8070
:10D490006319DB191B8816211800F2F75BFE0300E5
:10D4A0009BB2DBB2D44A13706319DB191A88D049D6
:10D4B000D24B18001FF077FE6319DA19002313808E
:10D4C000CF4A0223137003F044FD362380229B18B9
:10D4D000DB191B7818000AF005FC03F03AFD342331
:10D4E00080229B18DA190023137036E0362680213B
:10D4F0007318DB191B78013BC24A5B009B5A1CB2B4
:10D5000021235B18DB191B78581E33235B18DB19AA
:10D510001A7834256B18DB191B78D118B54A03002B
:10D52000DB001B1ADB00D3185B5C5A1E80231B0236
:10D5300013411BB223431AB280243319DB191B7821
:10D54000013B90B2AF495A00031C53522B19DB190F
:10D550001B782A19D21901331370342380215B18E8
:10D56000DA191F235B18DB1912781B789A42BDD396
:10D57000A54A0023137003F0ECFC0023A8217A18BD
:10D580001360352380215B18DA19002313702125DD
:10D590006B18DB191B785A1E33267318DB191878A1
:10D5A00094491300DB009B1ADB00CB181B5C1C06A4
:10D5B0008022AB18DB191B78591EB318DB191B78B6
:10D5C000581C8C4A0B00DB005B1ADB00D3181B5C79
:10D5D0001B04E4188022AB18DB191B78591EB31802
:10D5E000DB191B78981C834A0B00DB005B1ADB00FD
:10D5F000D3181B5C1B02E4188022AB18DB191B78C4
:10D60000591EB318DB191B78D81C7A4A0B00DB00B3
:10D610005B1ADB00D3181B5CE318A82179180B6098
:10D6200080242B19DB191B78591E3319DB191B7841
:10D63000181D704A0B00DB005B1ADB00D3181B5C63
:10D64000FF2B23D134231B19DA190123137014E0A3
:10D65000A823FB181A68342480256319DB191B786A
:10D66000110018000AF014FA220029005318DB19DF
:10D670001B785218D21901331370342380229B185F
:10D68000DB191B78052BE3D903F063FC34238022DC
:10D690009B18DA190023137038E0212380269B1988
:10D6A000DB191B785C1E33239B19DB191B781A1DB1
:10D6B00034239B19DB191B78D0183525AB19D919E0
:10D6C0004C4A2300DB001B1BDB00D3181B5C0B70D8
:10D6D00031006B18DB191B78002B0ED06B18DB198F
:10D6E0001B78052B09D8A823FB181A686B18DB19BF
:10D6F0001B78110018000AF0CBF93422802153184E
:10D70000DB191B785218D21901331370342380218E
:10D710005B18DA191F235B18DB1912781B789A4201
:10D72000BBD303F016FC03F0C1FDF6F757FB344AF8
:10D730000123137003F00DFCF6F7BCFC03F090FF1F
:10D74000642013F097FA2E4A0223137003F001FCB1
:10D7500013F01CFC03009022BA18136020238020D1
:10D760001B18DB191B78FF2B1AD121231B18DB197F
:10D770001B785A1E33231B18DB1919781300DB00A2
:10D780009B1ADB005A181B4BD1181F231B18DB19DF
:10D790001B78013B1A001D4B18001FF004FD50E0E0
:10D7A000202380201B18DB191B78FE2B30D121236E
:10D7B0001B18DB191B785A1E33231B18DB19197829
:10D7C0001300DB009B1ADB005A180A4BD1181F23E9
:10D7D0001B18DB191A7835231B18DB191B78D31A91
:10D7E000023B1A00094B18001FF0DDFC29E0C0467F
:10D7F00068220020E80A00207C000020240F00207E
:10D80000D20A0020F81200204D13002088230020A7
:10D81000212380201B18DB191B785A1E33231B1869
:10D82000DB1919781300DB009B1ADB005A188C4BAC
:10D83000D1181F231B18DB191B788A481A001FF008
:10D84000B2FC35248026A319DA19874B1B78137094
:10D85000854A21239B19DB191B78137099239A00A1
:10D8600090257B1919687F4B180013F001FB03000A
:10D870008C22BA1813607C4AA319DB191B78137029
:10D880007A4B1A7860231340DBB2602B1FD17B19CF
:10D890001B681800F2F742FC02007B191968744BF0
:10D8A00018001FF080FC7B191B681800F2F736FC8B
:10D8B000030099B27B191A6836239B19DB19187873
:10D8C0000B001821FDF7BEFC0A2013F0D3F98C23BE
:10D8D000FB181B68002BB4D1624B322200211800C8
:10D8E0001FF039FB03F035FB13F050FB03009025CC
:10D8F0007A1913607B191B681800F2F70FFC0300FC
:10D900007A1910681A0000211FF025FB574B1A786E
:10D910007F239A431300DBB2002B2BD030248026C8
:10D92000A319DB191A887B191B68981821239B19E6
:10D93000DB191B785A1E33239B19DB191978130046
:10D94000DB009B1ADB005A18454BD1181F25AB1979
:10D95000DB191B781A001FF026FCAB19DB191B78AA
:10D960009AB2A319D919A319DB191B88D3180B80F4
:10D9700003F0EFFA302480256319DB191A8890230D
:10D98000FB181B68981821235B19DB191B785A1E9A
:10D9900033235B19DB1919781300DB009B1ADB00BA
:10D9A0005A182F4BD1181F235B19DB191B781A004B
:10D9B0001FF0F9FB6319DA19002313802D4A0023A5
:10D9C00013702D4B186800230022002115F05AFF18
:10D9D00003F0BFFA294B2A4A1A602A4B01221A7017
:10D9E0000A2013F047F9FEF7ADF8212580216B18C6
:10D9F000DB191B785A1E33267318DB19187818495F
:10DA00001300DB009B1ADB00CB18185C002300938B
:10DA1000192300220021FDF79BFC642013F02AF952
:10DA2000194B1C7880216B18DB191B785A1E731850
:10DA3000DB1918780A491300DB009B1ADB00CB18AE
:10DA4000195C80202B18DB191A7836231B18DB1978
:10DA500018780B00210003F01FFE03F07AFAC0468D
:10DA6000E80A002088230020D00A00204C13002060
:10DA7000000C00204D130020CC1A0020F03F0220A3
:10DA8000EFBEADDED20A00202C130020212580221B
:10DA9000AB18DB191B78591E3326B318DB191B781A
:10DAA0000B331C0035239B18D819F34A0B00DB00FD
:10DAB0005B1ADB00D3181B5D03701F2280215318F3
:10DAC000DB191B780F2B14D10A00AB18DB191B785C
:10DAD000591EB318DB191B781C000D3435239B1815
:10DAE000D819E54A0B00DB005B1ADB00D3181B5D7D
:10DAF00003701F2380229B18DB191B78112B15D173
:10DB000021239B18DB191B78591E33239B18DB1923
:10DB10001B780F331C0035239B18D819D64A0B00ED
:10DB2000DB005B1ADB00D3181B5D0370212580210D
:10DB30006B18DB191B785A1E33267318DB191878FB
:10DB4000CD491300DB009B1ADB00CB181B5C1C06C5
:10DB50008022AB18DB191B78591EB318DB191B7810
:10DB6000581CC54A0B00DB005B1ADB00D3181B5C9A
:10DB70001B04E4188022AB18DB191B78591EB3185C
:10DB8000DB191B78981CBC4A0B00DB005B1ADB001E
:10DB9000D3181B5C1B02E4188022AB18DB191B781E
:10DBA000591EB318DB191B78D81CB34A0B00DB00D5
:10DBB0005B1ADB00D3181B5CE31898243819036048
:10DBC0008022AB18DB191B78591EB318DB191B78A0
:10DBD000181DA94A0B00DB005B1ADB00D3181B5C85
:10DBE0001C068022AB18DB191B78591EB318DB19F1
:10DBF0001B78581DA04A0B00DB005B1ADB00D31812
:10DC00001B5C1B04E4188022AB18DB191B78591E1F
:10DC1000B318DB191B78981D974A0B00DB005B1AC1
:10DC2000DB00D3181B5C1B02E4188022AB18DB1945
:10DC30001B78591EB318DB191B78D81D8E4A0B00B0
:10DC4000DB005B1ADB00D3181B5CE3189420381848
:10DC50000360352380215B18DB191B78002B00D073
:10DC6000C7E16B18DB191B785A1E7318DB1918787B
:10DC700081491300DB009B1ADB00CB181B5C1C06E0
:10DC80008022AB18DB191B78591EB318DB191B78DF
:10DC9000581C794A0B00DB005B1ADB00D3181B5CB5
:10DCA0001B04E4188022AB18DB191B78591EB3182B
:10DCB000DB191B78981C704A0B00DB005B1ADB0039
:10DCC000D3181B5C1B02E4188022AB18DB191B78ED
:10DCD000591EB318DB191B78D81C674A0B00DB00F0
:10DCE0005B1ADB00D3181B5CE31898243819036017
:10DCF0008022AB18DB191B78591EB318DB191B786F
:10DD0000181D5D4A0B00DB005B1ADB00D3181B5C9F
:10DD10001C068022AB18DB191B78591EB318DB19BF
:10DD20001B78581D544A0B00DB005B1ADB00D3182C
:10DD30001B5C1B04E4188022AB18DB191B78591EEE
:10DD4000B318DB191B78981D4B4A0B00DB005B1ADC
:10DD5000DB00D3181B5C1B02E4188022AB18DB1914
:10DD60001B78591EB318DB191B78D81D424A0B00CB
:10DD7000DB005B1ADB00D3181B5CE31894217818D6
:10DD800003602E0080257319DB191B78591E33247C
:10DD90006319DB191B7809331800374A0B00DB00C5
:10DDA0005B1ADB00D3181B5C002B4FD07319DB19F7
:10DDB0001B78591E6319DB191B780A3318002E4A89
:10DDC0000B00DB005B1ADB00D3181B5C002B3DD083
:10DDD0007319DB191B78591E6319DB191B7808337B
:10DDE0001800254A0B00DB005B1ADB00D3181D5C12
:10DDF0008022B318DB191B78591EA318DB191B7876
:10DE0000180009301C4A0B00DB005B1ADB00D3183A
:10DE10001C5C8022B318DB191B78591E33239B1816
:10DE2000DB191B780A331800134A0B00DB005B1A5E
:10DE3000DB00D3181B5C9422BA1812689821791859
:10DE40000968009323002800FCF764FE2126802542
:10DE50007319DB191B78591E33246319DB191B78DE
:10DE60000B331800044A0B00DB005B1ADB00D318ED
:10DE70001B5C002B52D001E0E80A00207319DB196B
:10DE80001B78591E6319DB191B780C331800F74AED
:10DE90000B00DB005B1ADB00D3181B5C002B3DD0B2
:10DEA0007319DB191B78591E6319DB191B780833AA
:10DEB0001800EE4A0B00DB005B1ADB00D3181D5C78
:10DEC0008022B318DB191B78591EA318DB191B78A5
:10DED00018000B30E54A0B00DB005B1ADB00D3189F
:10DEE0001C5C8022B318DB191B78591E33239B1846
:10DEF000DB191B780C331800DC4A0B00DB005B1AC3
:10DF0000DB00D3181B5C9422BA1812689821791888
:10DF10000968009323002800FCF7FCFD21268025DA
:10DF20007319DB191B78591E33246319DB191B780D
:10DF30000D331800CD4A0B00DB005B1ADB00D31851
:10DF40001B5C002B01D102F0F7FF7319DB191B7862
:10DF5000591E6319DB191B780E331800C34A0B00D6
:10DF6000DB005B1ADB00D3181B5C002B01D102F035
:10DF7000E3FF7319DB191B78591E6319DB191B7832
:10DF800008331800B94A0B00DB005B1ADB00D3181A
:10DF90001D5C8022B318DB191B78591EA318DB19EE
:10DFA0001B7818000D30B14A0B00DB005B1ADB0058
:10DFB000D3181C5C8022B318DB191B78591E33233D
:10DFC0009B18DB191B780E331800A84A0B00DB00E6
:10DFD0005B1ADB00D3181B5C9422BA1812689821D4
:10DFE00079180968009323002800FCF793FD02F0DC
:10DFF000A3FF212580242B19DB191B785A1E3326F9
:10E000003319DB191B780833190098481300DB001B
:10E010009B1ADB00C3185B5C1900E42006F044FD8A
:10E020002B19DB191B785A1E3319DB1919788F4805
:10E030001300DB009B1ADB00C3185B5C1B0299B268
:10E040002B19DB191B785A1E3319DB191B78581C46
:10E05000864C1300DB009B1ADB00E3181B5CCB181B
:10E060009BB21900E52006F01FFD80242B19DB1957
:10E070001B785A1E3319DB191B78991C7B48130037
:10E08000DB009B1ADB00C3185B5C1B0299B22B19E7
:10E09000DB191B785A1E3319DB191B78D81C734CFB
:10E0A0001300DB009B1ADB00E3181B5CCB189BB250
:10E0B0001900E62006F0F8FC80242B19DB191B78E8
:10E0C0005A1E3319DB191B78191D68481300DB0031
:10E0D0009B1ADB00C3185B5C1B0299B22B19DB197E
:10E0E0001B785A1E3319DB191B78581D5F4C13001F
:10E0F000DB009B1ADB00E3181B5CCB189BB21900FA
:10E10000E72006F0D1FC80242B19DB191B785A1E5E
:10E110003319DB191B78991D54481300DB009B1A37
:10E12000DB00C3185B5C1B0299B22B19DB191B784F
:10E130005A1E3319DB191B78D81D4C4C1300DB0019
:10E140009B1ADB00E3181B5CCB189BB21900E8207C
:10E1500006F0AAFC80242B19DB191B785A1E3319F0
:10E16000DB191B780933190040481300DB009B1AA8
:10E17000DB00C3185B5C1B0299B22B19DB191B78FF
:10E180005A1E3319DB191B780A331800374C130059
:10E19000DB009B1ADB00E3181B5CCB189BB2190059
:10E1A000E92006F081FC1F2380241B19DB191B7852
:10E1B000132B27D12B19DB191B785A1E3319DB19A6
:10E1C0001B780B33190029481300DB009B1ADB0076
:10E1D000C3185B5C1B0299B22B19DB191B785A1E02
:10E1E0003319DB191B780C331800204C1300DB00AB
:10E1F0009B1ADB00E3181B5CCB189BB21900EA20CA
:10E2000006F052FC1F2380269B19DB191B78152B67
:10E2100029D12124A319DB191B785A1E3325AB19E8
:10E22000DB191B780D33190010481300DB009B1A13
:10E23000DB00C3185B5C1B0299B2A319DB191B78C6
:10E240005A1EAB19DB191B780E331800074C13004C
:10E25000DB009B1ADB00E3181B5CCB189BB2190098
:10E26000EB2006F021FCFDF76DFCC046E80A00201B
:10E27000212580216B18DB191B785A1E3326731851
:10E28000DB191878E6491300DB009B1ADB00CB187A
:10E290001B5C1C068022AB18DB191B78591EB318B7
:10E2A000DB191B78581CDE4A0B00DB005B1ADB0015
:10E2B000D3181B5C1B04E4188022AB18DB191B78F5
:10E2C000591EB318DB191B78981CD54A0B00DB00CC
:10E2D0005B1ADB00D3181B5C1B02E4188022AB180E
:10E2E000DB191B78591EB318DB191B78D81CCC4AD4
:10E2F0000B00DB005B1ADB00D3181B5CE3189821D2
:10E30000781803608022A818C3191B78591EB0180A
:10E31000C3191B78181DC24A0B00DB005B1ADB0017
:10E32000D3181B5C1C068022A818C3191B78591E21
:10E33000B018C3191B78581DB94A0B00DB005B1AD3
:10E34000DB00D3181B5C1B04E4188022A818C31937
:10E350001B78591EB018C3191B78981DB04A0B00C2
:10E36000DB005B1ADB00D3181B5C1B02E418802265
:10E37000A818C3191B78591EB018C3191B78D81DCB
:10E38000A74A0B00DB005B1ADB00D3181B5CE31809
:10E390009421781803602C008022A818C3191B78D8
:10E3A000591E3500B018C3191B78093318009C4A50
:10E3B0000B00DB005B1ADB00D3181B5C9846994B03
:10E3C0001B789C468022A018C3191B78591EA818D8
:10E3D000C3191B780B331800914A0B00DB005B1A42
:10E3E000DB00D3181E5C8022A018C3191B78591EAD
:10E3F000AD18EB191B780A331800894A0B00DB00B3
:10E400005B1ADB00D3181D5C80202218D3191B78FF
:10E41000591E33221418E3191B7818000830804A5B
:10E420000B00DB005B1ADB00D3181C5C212380206F
:10E430001A18D3191B78591E33221218D3191B78B6
:10E440000C331800764A0B00DB005B1ADB00D31894
:10E450001B5C5A1E9341DBB203939423FA18136892
:10E4600002939823FB181B68019300942B00320041
:10E4700061464046FDF7DCF902F06BFD2125802462
:10E480002B19DB191B785A1E33263319DB19187820
:10E4900063491300DB009B1ADB00CB181B5C002BCD
:10E4A00000D03AE12B19DB191B78591E3319DB19FF
:10E4B0001B78981C5A4A0B00DB005B1ADB00D31850
:10E4C0001B5C1C068022AB18DB191B78591EB31885
:10E4D000DB191B78D81C524A0B00DB005B1ADB00EF
:10E4E000D3181B5C1B04E4188022AB18DB191B78C3
:10E4F000591EB318DB191B78181D494A0B00DB00A5
:10E500005B1ADB00D3181B5C1B02E4188022AB18DB
:10E51000DB191B78591EB318DB191B78581D404AAC
:10E520000B00DB005B1ADB00D3181B5CE318A8218F
:10E5300079180B608022AB18DB191B78591EB318B1
:10E54000DB191B78581C364A0B00DB005B1ADB001A
:10E55000D3181B5C082B00D965E39A00324BD31803
:10E560001B689F46A823FB181B681B78DBB22F4A49
:10E570001370362380229B18DB191B7801221F2180
:10E580001800FCF70DFE55E3A823FB181B681B7849
:10E590005BB2DBB2254A1370362380229B18DB194D
:10E5A0001B7801221F211800FCF7FAFD42E3A82185
:10E5B0007B181B681B889BB2DBB21C4A13707B184C
:10E5C0001B681B889BB21B0A9BB2DBB2174A5370B5
:10E5D000362380229B18DB191B7802221F2118008A
:10E5E000FCF7DEFD26E3A8217B181B681B881BB205
:10E5F000DBB20E4A13707B181B681B881BB21B1200
:10E600001BB2DBB2094A5370362380229B18DB19F8
:10E610001B7802221F211800FCF7C2FD0AE3C04646
:10E62000E80A00202C13002064460308000C002098
:10E63000A8217B181B681B68DBB2DB4A13707B18B0
:10E640001B681B681B0ADBB2D74A53707B181B6818
:10E650001B681B0CDBB2D44A93707B181B681B68C9
:10E660001B0EDBB2D04AD370362380229B18DB19F5
:10E670001B7804221F211800FCF792FDDAE2A82182
:10E680007B181B681B68DBB2C74A13707B181B68BA
:10E690001B681B12DBB2C44A53707B181B681B68D3
:10E6A0001B14DBB2C04A93707B181B681B681B16D7
:10E6B000DBB2BD4AD370362380229B18DB191B784E
:10E6C00004221F211800FCF76BFDB3E2A8217B1880
:10E6D0001B681B78DBB2B44A13707B181B680133CC
:10E6E0001B78DBB2B04A53707B181B6802331B786F
:10E6F000DBB2AD4A93707B181B6803331B78DBB227
:10E70000A94AD370362380229B18DB191B78082274
:10E710001F211800FCF744FD8CE221248026A31958
:10E72000DB191B785A1E3325AB19DB1918789F4962
:10E730001300DB009B1ADB00CB181B5C022B00D004
:10E740003CE1A319DB191B78581EA319DB191B78B0
:10E750005A1E974B9B5C591E944A0300DB001B1A00
:10E76000DB00D21800235354A319DB191B785A1E5F
:10E77000AB19DB191B78591C1300DB009B1ADB005B
:10E780005A188A4BD3183525AA19D4191800F5F749
:10E7900047FD03002370AB19DB191B78002B0AD14E
:10E7A00036239B19DB191B7801221F211800FCF767
:10E7B000F7FC02F0C3FB352080240319DB191B781A
:10E7C0005A1E7C4913005B009B189B005B58A822D3
:10E7D000BA1813600319DB191B785A1E7549130008
:10E7E0005B009B189B00CB1804331B786E4A137098
:10E7F0006D4B1B78082B00D918E29A006E4BD3188A
:10E800001B689F46A823FB181B681B78DBB2664A6F
:10E810005370362380229B18DB191B7802221F219C
:10E820001800FCF7BDFC05E2A823FB181B681B7849
:10E830005BB2DBB25C4A5370362380229B18DB1933
:10E840001B7802221F211800FCF7AAFCF2E1A82184
:10E850007B181B681B889BB2DBB2534A53707B1832
:10E860001B681B889BB21B0A9BB2DBB24E4A93709B
:10E87000362380229B18DB191B7803221F211800E6
:10E88000FCF78EFCD6E1A8217B181B681B881BB205
:10E89000DBB2454A53707B181B681B881BB21B12E6
:10E8A0001BB2DBB2404A9370362380229B18DB19DF
:10E8B0001B7803221F211800FCF772FCBAE1A82183
:10E8C0007B181B681B68DBB2374A53707B181B68C8
:10E8D0001B681B0ADBB2344A93707B181B681B68E9
:10E8E0001B0CDBB2304AD3707B181B681B681B0EF5
:10E8F000DBB22D4A1371362380229B18DB191B785B
:10E9000005221F211800FCF74BFC93E1A8217B187E
:10E910001B681B68DBB2244A53707B181B681B689A
:10E920001B12DBB2204A93707B181B681B681B14F8
:10E93000DBB21D4AD3707B181B681B681B16DBB249
:10E94000194A1371362380229B18DB191B78052284
:10E950001F211800FCF724FC6CE1A8217B181B6820
:10E960001B78DBB2104A53707B181B6801331B788D
:10E97000DBB20D4A93707B181B6802331B78DBB245
:10E98000094AD3707B181B6803331B78DBB2064A35
:10E990001371362380229B18DB191B7809221F2153
:10E9A0001800FCF7FDFB45E1000C0020E80A002000
:10E9B000D80A00200C4D0020884603082124802618
:10E9C000A319DB191B785A1E3325AB19DB191878EC
:10E9D000EA491300DB009B1ADB00CB181B5C022BFF
:10E9E00001D802F0ABFAA319DB191B785A1E3400C8
:10E9F000AB19DB191878E1491300DB009B1ADB0027
:10EA0000CB181B5C043BDE4A9B009B58DAB20F23F9
:10EA10001340DBB2DB4A1370DA4B1B78002B0AD1B0
:10EA200036231B19DB191B7801221F211800FCF764
:10EA3000B7FB02F083FA212380215B18DB191B78D6
:10EA40005A1E33235B18DB191878CC491300DB00FE
:10EA50009B1ADB00CB181B5C043BC94A9B009B58EC
:10EA60001B0CC94A94466344A822BA181360C54BCC
:10EA70001B78082B00D9DCE09A00C44BD3181B6824
:10EA80009F46A823FB181B681B78DBB2BD4A537056
:10EA9000362380229B18DB191B7802221F211800C5
:10EAA000FCF77EFBC6E0A823FB181B681B785BB253
:10EAB000DBB2B44A5370362380229B18DB191B78D3
:10EAC00002221F211800FCF76BFBB3E0A8217B1882
:10EAD0001B681B889BB2DBB2AA4A53707B181B6869
:10EAE0001B889BB21B0A9BB2DBB2A64A93703623EB
:10EAF00080229B18DB191B7803221F211800FCF7CA
:10EB00004FFB97E0A8217B181B681B881BB2DBB268
:10EB10009C4A53707B181B681B881BB21B121BB2CC
:10EB2000DBB2984A9370362380229B18DB191B783E
:10EB300003221F211800FCF733FB7BE0A8217B1880
:10EB40001B681B68DBB28F4A53707B181B681B68FD
:10EB50001B0ADBB28B4A93707B181B681B681B0C6B
:10EB6000DBB2884AD3707B181B681B681B0EDBB2B4
:10EB7000844A1371362380229B18DB191B780522E7
:10EB80001F211800FCF70CFB54E0A8217B181B6820
:10EB90001B68DBB27B4A53707B181B681B681B1217
:10EBA000DBB2784A93707B181B681B681B14DBB2BE
:10EBB000744AD3707B181B681B681B16DBB2714A42
:10EBC0001371362380229B18DB191B7805221F2125
:10EBD0001800FCF7E5FA2DE0A8217B181B681B78CC
:10EBE000DBB2684A53707B181B6801331B78DBB2B9
:10EBF000644A93707B181B6802331B78DBB2614A4E
:10EC0000D3707B181B6803331B78DBB25D4A13712A
:10EC1000362380229B18DB191B7809221F2118003C
:10EC2000FCF7BEFA06E0C04602F088F9C04602F0E2
:10EC300085F9C04602F082F9554B1A685B68032AD1
:10EC400001D1002B08D0524B1A685B68022A00D011
:10EC5000CCE1002B00D0C9E121248026A319DB19C7
:10EC60001B785A1E3325AB19DB191878434913005A
:10EC7000DB009B1ADB00CB181B5C464A1370A31900
:10EC8000DB191B785A1EAB19DB1918783B491300A6
:10EC9000DB009B1ADB00CB181B5C082B00D9A3E11F
:10ECA0009A003D4BD3181B689F463C4A10231370B3
:10ECB0009BE1212380229B18DB191B78591E3323EB
:10ECC0009B18DB191B78581C2C4A0B00DB005B1AC5
:10ECD000DB00D3181B5CBB670023FB672C4BB96FB1
:10ECE000FA6F19605A6080E1212380229B18DB199A
:10ECF0001B78591E33239B18DB191B78581C1F4A9D
:10ED00000B00DB005B1ADB00D3181B5C5BB23B67BC
:10ED1000DB177B671E4B396F7A6F19605A6064E1AD
:10ED200021258022AB18DB191B78591E3326B31816
:10ED3000DB191B78581C114A0B00DB005B1ADB0047
:10ED4000D3181B5C1C008022AB18DB191B78591EE2
:10ED5000B318DB191B78981C084A0B00DB005B1A00
:10ED6000DB00D3181B5C1B02E318BB66DB17FB66DA
:10ED7000074BB96EFA6E19605A6036E1E80A002056
:10ED80008C0E0020000C002000000120AC4603087F
:10ED9000180F00207D000020D04603084D130020EE
:10EDA00021258022AB18DB191B78591E3326B31896
:10EDB000DB191B78581CDD4A0B00DB005B1ADB00FB
:10EDC000D3181B5C1C008022AB18DB191B78591E62
:10EDD000B318DB191B78981CD44A0B00DB005B1AB4
:10EDE000DB00D3181B5C1B02E3183B66DB177B665A
:10EDF000CF4B396E7A6E19605A60F6E02125802279
:10EE0000AB18DB191B78591E3326B318DB191B7896
:10EE1000581CC64A0B00DB005B1ADB00D3181B5CD6
:10EE20001C008022AB18DB191B78591EB318DB19A4
:10EE30001B78981CBD4A0B00DB005B1ADB00D31863
:10EE40001B5C1B02E4188022AB18DB191B78591ECF
:10EE5000B318DB191B78D81CB44A0B00DB005B1A13
:10EE6000DB00D3181B5C1B04E4188022AB18DB19F1
:10EE70001B78591EB318DB191B78181DAB4A0B0001
:10EE8000DB005B1ADB00D3181B5C1B06E318BB65B9
:10EE90000023FB65A64BB96DFA6D19605A60A4E0BA
:10EEA00021258022AB18DB191B78591E3326B31895
:10EEB000DB191B78581C9D4A0B00DB005B1ADB003A
:10EEC000D3181B5C1C008022AB18DB191B78591E61
:10EED000B318DB191B78981C944A0B00DB005B1AF3
:10EEE000DB00D3181B5C1B02E4188022AB18DB1973
:10EEF0001B78591EB318DB191B78D81C8B4A0B00E2
:10EF0000DB005B1ADB00D3181B5C1B04E4188022B7
:10EF1000AB18DB191B78591EB318DB191B78181DA9
:10EF2000824A0B00DB005B1ADB00D3181B5C1B065C
:10EF3000E3183B65DB177B657D4B396D7A6D196096
:10EF40005A6052E021258022AB18DB191B78591E2C
:10EF50003326B318DB191B78581C744A0B00DB00EE
:10EF60005B1ADB00D3181B5C1C008022AB18DB197A
:10EF70001B78591EB318DB191B78981C6B4A0B00C1
:10EF8000DB005B1ADB00D3181B5C1B02E418802239
:10EF9000AB18DB191B78591EB318DB191B78D81C6A
:10EFA000624A0B00DB005B1ADB00D3181B5C1B04FE
:10EFB000E4188022AB18DB191B78591EB318DB1933
:10EFC0001B78181D594A0B00DB005B1ADB00D318B5
:10EFD0001B5C1B06E318BB640023FB64544BB96C39
:10EFE000FA6C19605A6000E0C0469BE1504B1A6809
:10EFF0005B681100194300D094E14E4B1B78082B3D
:10F0000000D98EE19A004C4BD3181B689F462123F0
:10F0100080215B18DB191B785A1E33235B18DB1920
:10F02000187842491300DB009B1ADB00CB181B5CED
:10F030003B6400237B643E4B396C7A6C19605A60E8
:10F0400070E1212380215B18DB191B785A1E3323C2
:10F050005B18DB19187835491300DB009B1ADB00BD
:10F06000CB181B5C5BB2BB63DB17FB63304BB96B2C
:10F07000FA6B19605A6055E1212580216B18DB1964
:10F080001B785A1E33267318DB191878274913008A
:10F09000DB009B1ADB00CB181B5C1C008022AB182A
:10F0A000DB191B78591EB318DB191B78581C1F4A33
:10F0B0000B00DB005B1ADB00D3181B5C1B02E318A0
:10F0C0003B63DB177B631A4B396B7A6B19605A60B1
:10F0D00028E1212580216B18DB191B785A1E332665
:10F0E0007318DB19187811491300DB009B1ADB0039
:10F0F000CB181B5C1C008022AB18DB191B78591E37
:10F10000B318DB191B78581C084A0B00DB005B1A8C
:10F11000DB00D3181B5C1B02E318BB62DB17FB622E
:10F12000034BB96AFA6A19605A60FBE0E80A0020EA
:10F13000180F0020200F0020F4460308212580210D
:10F140006B18DB191B785A1E33267318DB191878D5
:10F15000E0491300DB009B1ADB00CB181B5C1C0092
:10F160008022AB18DB191B78591EB318DB191B78EA
:10F17000581CD84A0B00DB005B1ADB00D3181B5C61
:10F180001B02E4188022AB18DB191B78591EB31838
:10F19000DB191B78981CCF4A0B00DB005B1ADB00E5
:10F1A000D3181B5C1B04E4188022AB18DB191B78F6
:10F1B000591EB318DB191B78D81CC64A0B00DB009C
:10F1C0005B1ADB00D3181B5C1B06E3183B620023B1
:10F1D0007B62C14B396A7A6A19605A60A2E02125C4
:10F1E00080216B18DB191B785A1E33267318DB1924
:10F1F0001878B8491300DB009B1ADB00CB181B5CA6
:10F200001C008022AB18DB191B78591EB318DB19C0
:10F210001B78581CAF4A0B00DB005B1ADB00D318CD
:10F220001B5C1B02E4188022AB18DB191B78591EEB
:10F23000B318DB191B78981CA64A0B00DB005B1A7D
:10F24000DB00D3181B5C1B04E4188022AB18DB190D
:10F250001B78591EB318DB191B78D81C9D4A0B006C
:10F26000DB005B1ADB00D3181B5C1B06E318BB61D9
:10F27000DB17FB61984BB969FA6919605A6051E074
:10F28000212580216B18DB191B785A1E3326731831
:10F29000DB1918788F491300DB009B1ADB00CB18B1
:10F2A0001B5C1C008022AB18DB191B78591EB3189D
:10F2B000DB191B78581C874A0B00DB005B1ADB004C
:10F2C000D3181B5C1B02E4188022AB18DB191B78D7
:10F2D000591EB318DB191B78981C7E4A0B00DB0003
:10F2E0005B1ADB00D3181B5C1B04E4188022AB18EC
:10F2F000DB191B78591EB318DB191B78D81C754A0B
:10F300000B00DB005B1ADB00D3181B5C1B06E31849
:10F310003B6100237B61704B39697A6919605A60DF
:10F3200000E0C0466D4B1B78102B01D101F008FEA8
:10F330006A4A0023137001F003FE684A0023137029
:10F3400021248026A319DB191B785A1E3325AB19FB
:10F35000DB1918785F491300DB009B1ADB00CB1820
:10F360001B5C002B01D100F0D7FCA319DB191B7823
:10F370005A1EAB19DB19187856491300DB009B1A8B
:10F38000DB00CB181B5C1E2B01D900F0C1FCA319BC
:10F39000DB191B785A1EAB19DB1918784D4913007D
:10F3A000DB009B1ADB00CB181B5C013B4C4A9B002B
:10F3B0009B581B0C4B4A94466344A822BA1813600E
:10F3C000A319DB191B78591EAB19DB191B78581CC4
:10F3D000404A0B00DB005B1ADB00D3181B5C082BD8
:10F3E00001D900F010FC9A003F4BD3181B689F46D0
:10F3F000212480216318DB191B785A1E33235B18E4
:10F40000DB19187833491300DB009B1ADB00CB189B
:10F410001B5C013B324A9B009A580F2313403DD19D
:10F4200001201CF017F90300A8203D182B603B18A1
:10F430001B68002B2FD03B181B68E0221206944655
:10F4400063441D0426008022A318DB191B78591E73
:10F4500033239B18DB191B78581C1E4A0B00DB005A
:10F460005B1ADB00D3181B5C1C0080217318DB19AE
:10F470001B785A1E33235B18DB19187815491300C3
:10F48000DB009B1ADB00CB181B5C013B2919144ADB
:10F490009B00995002E0114A122313700F4B1B7806
:10F4A000122B00D1B1E3212380229B18DB191B789A
:10F4B000591E33239B18DB191B78981CA823FB18B3
:10F4C0001C68044A0B00DB005B1ADB00D3181B5CD2
:10F4D00023709AE3E80A0020180F00204D13002043
:10F4E0008C0E0020000001201847030821248021F1
:10F4F0006318DB191B785A1E33235B18DB19187845
:10F50000E5491300DB009B1ADB00CB181B5C013BB9
:10F51000E24A9B009A580F2313403DD101201CF072
:10F5200099F80300A8203D182B603B181B68002B9E
:10F530002FD03B181B68E0221206944663441D043A
:10F5400026008022A318DB191B78591E33239B1831
:10F55000DB191B78581CD04A0B00DB005B1ADB0060
:10F56000D3181B5C1C0080217318DB191B785A1EF2
:10F5700033235B18DB191878C7491300DB009B1A8B
:10F58000DB00CB181B5C013B2919C44A9B00995036
:10F5900002E0C34A12231370C14B1B78122B00D117
:10F5A00035E3212380229B18DB191B78591E332356
:10F5B0009B18DB191B78981CB74A0B00DB005B1A01
:10F5C000DB00D3181B5CA822BA1812685BB2137058
:10F5D0001DE3212480216318DB191B785A1E332375
:10F5E0005B18DB191878AC491300DB009B1ADB00B1
:10F5F000CB181B5C013BA94A9B009A580F23134070
:10F600003DD102201CF026F80300A8203D182B60F5
:10F610003B181B68002B2FD03B181B68E0221206FA
:10F62000944663441D0426008022A318DB191B782E
:10F63000591E33239B18DB191B78581C964A0B0064
:10F64000DB005B1ADB00D3181B5C1C0080217318E5
:10F65000DB191B785A1E33235B18DB1918788E4987
:10F660001300DB009B1ADB00CB181B5C013B291944
:10F670008A4A9B00995002E0894A12231370884BF2
:10F680001B78122B00D1C4E221258022AB18DB1994
:10F690001B78591E3326B318DB191B78981C7E4A39
:10F6A0000B00DB005B1ADB00D3181B5C1C00802204
:10F6B000AB18DB191B78591EB318DB191B78D81C43
:10F6C000754A0B00DB005B1ADB00D3181B5C1B02C6
:10F6D0009BB2A822BA181268E3189BB2138098E272
:10F6E000212480216318DB191B785A1E33235B18F1
:10F6F000DB19187868491300DB009B1ADB00CB1874
:10F700001B5C013B654A9B009A580F2313403DD177
:10F7100002201BF09FFF0300A8203D182B603B1820
:10F720001B68002B2FD03B181B68E0221206944662
:10F7300063441D0426008022A318DB191B78591E80
:10F7400033239B18DB191B78581C534A0B00DB0032
:10F750005B1ADB00D3181B5C1C0080217318DB19BB
:10F760001B785A1E33235B18DB1918784A4913009B
:10F77000DB009B1ADB00CB181B5C013B2919474AB5
:10F780009B00995002E0464A12231370444B1B78A9
:10F79000122B00D13FE221258022AB18DB191B7808
:10F7A000591E3326B318DB191B78981C3A4A0B00F4
:10F7B000DB005B1ADB00D3181B5C1C008022AB183B
:10F7C000DB191B78591EB318DB191B78D81C324A79
:10F7D0000B00DB005B1ADB00D3181B5C1B029BB227
:10F7E000E3189BB2A822BA1812681BB2138012E267
:10F7F000212480216318DB191B785A1E33235B18E0
:10F80000DB19187824491300DB009B1ADB00CB18A6
:10F810001B5C013B214A9B009A580F23134044D1A3
:10F8200004201BF017FF0300A8203D182B603B1895
:10F830001B68002B36D03B181B68E022120694464A
:10F8400063441D0426008022A318DB191B78591E6F
:10F8500033239B18DB191B78581C0F4A0B00DB0065
:10F860005B1ADB00D3181B5C1C0080217318DB19AA
:10F870001B785A1E33235B18DB19187806491300CE
:10F88000DB009B1ADB00CB181B5C013B2919034AE8
:10F890009B00995009E0C046E80A00208C0E002029
:10F8A0004D130020DF4A12231370DE4B1B78122BFE
:10F8B00000D1B2E121258022AB18DB191B78591E3B
:10F8C0003326B318DB191B78981CD74A0B00DB00D2
:10F8D0005B1ADB00D3181B5C1C008022AB18DB1901
:10F8E0001B78591EB318DB191B78D81CCE4A0B00A5
:10F8F000DB005B1ADB00D3181B5C1B02E4188022C0
:10F90000AB18DB191B78591EB318DB191B78181DAF
:10F91000C54A0B00DB005B1ADB00D3181B5C1B0421
:10F92000E4188022AB18DB191B78591EB318DB19B9
:10F930001B78581DBC4A0B00DB005B1ADB00D31898
:10F940001B5C1B06A822BA181268E318136064E156
:10F95000212480216318DB191B785A1E33235B187E
:10F96000DB191878B0491300DB009B1ADB00CB18B9
:10F970001B5C013BAD4A9B009A580F2313403DD1BD
:10F9800004201BF067FE0300A8203D182B603B18E5
:10F990001B68002B2FD03B181B68E02212069446F0
:10F9A00063441D0426008022A318DB191B78591E0E
:10F9B00033239B18DB191B78581C9B4A0B00DB0078
:10F9C0005B1ADB00D3181B5C1C0080217318DB1949
:10F9D0001B785A1E33235B18DB19187892491300E1
:10F9E000DB009B1ADB00CB181B5C013B29198F4AFB
:10F9F0009B00995002E08B4A12231370894B1B78AD
:10FA0000122B00D10BE121258022AB18DB191B78CA
:10FA1000591E3326B318DB191B78981C824A0B0039
:10FA2000DB005B1ADB00D3181B5C1C008022AB18C8
:10FA3000DB191B78591EB318DB191B78D81C7A4ABE
:10FA40000B00DB005B1ADB00D3181B5C1B02E41805
:10FA50008022AB18DB191B78591EB318DB191B78F1
:10FA6000181D714A0B00DB005B1ADB00D3181B5C0E
:10FA70001B04E4188022AB18DB191B78591EB3183D
:10FA8000DB191B78581D684A0B00DB005B1ADB0092
:10FA9000D3181B5C1B06A822BA181268E31813605F
:10FAA000BDE0212480216318DB191B785A1E332303
:10FAB0005B18DB1918785C491300DB009B1ADB002C
:10FAC000CB181B5C013B594A9B009A580F231340EB
:10FAD0003DD104201BF0BEFD0300A8203D182B6083
:10FAE0003B181B68002B2FD03B181B68E022120626
:10FAF000944663441D0426008022A318DB191B785A
:10FB0000591E33239B18DB191B78581C464A0B00DF
:10FB1000DB005B1ADB00D3181B5C1C008021731810
:10FB2000DB191B785A1E33235B18DB1918783E4902
:10FB30001300DB009B1ADB00CB181B5C013B29196F
:10FB40003A4A9B00995002E0364A12231370354B13
:10FB50001B78122B6ED021258022AB18DB191B7865
:10FB6000591E3326B318DB191B78981C2E4A0B003C
:10FB7000DB005B1ADB00D3181B5C1C008022AB1877
:10FB8000DB191B78591EB318DB191B78D81C264AC1
:10FB90000B00DB005B1ADB00D3181B5C1B02E418B4
:10FBA0008022AB18DB191B78591EB318DB191B78A0
:10FBB000181D1D4A0B00DB005B1ADB00D3181B5C11
:10FBC0001B04E4188022AB18DB191B78591EB318EC
:10FBD000DB191B78581D144A0B00DB005B1ADB0095
:10FBE000D3181B5C1B06E318BB600023FB60104BA3
:10FBF000B968FA6819605A600D4BA822BA181268E1
:10FC00001B68136016E0C04615E0C04613E0C0460E
:10FC100011E0C0460FE0C0460DE0C0460BE0C04614
:10FC200009E0C0464D130020E80A00208C0E002099
:10FC3000180F0020C046212680217318DB191B787D
:10FC40005A1E33256B18DB191878D7491300DB00CF
:10FC50009B1ADB00CB181B5C013BD44A9B009A58D3
:10FC60000F231A4014008022B318DB191B78591E89
:10FC7000AB18DB191B78581CCB4A0B00DB005B1A56
:10FC8000DB00D3181B5C9C4200D148E28021731832
:10FC9000DB191B785A1E2C006B18DB191878C24927
:10FCA0001300DB009B1ADB00CB181B5C013BBF4A37
:10FCB0009B009D588022B318DB191B78591EA3188E
:10FCC000DB191B78581CB84A0B00DB005B1ADB0001
:10FCD000D3181B5CB64A944663441C0080217318F9
:10FCE000DB191B785A1E33235B18DB191878AE49D1
:10FCF0001300DB009B1ADB00CB181B5C013B2100CF
:10FD00002940AA4A9B009950AA4A1423137006E27C
:10FD1000A84A1323137002E221258022AB18DB19B5
:10FD20001B78591E3326B318DB191B78981C9E4A82
:10FD30000B00DB005B1ADB00D3181B5C1C06802267
:10FD4000AB18DB191B78591EB318DB191B78D81CAC
:10FD5000954A0B00DB005B1ADB00D3181B5C1B040D
:10FD6000E4188022AB18DB191B78591EB318DB1975
:10FD70001B78181D8C4A0B00DB005B1ADB00D318C4
:10FD80001B5C1B02E4188022AB18DB191B78591E80
:10FD9000B318DB191B78581D834A0B00DB005B1A74
:10FDA000DB00D3181B5CE318A821781803607B18CC
:10FDB0001A6880239B059A4200D2ADE17B181A682D
:10FDC0007D4B9A4200D9A7E18022AB18DB191B7842
:10FDD000591EB318DB191B78581C734A0B00DB0043
:10FDE0005B1ADB00D3181B5C082B00D992E19A0048
:10FDF000724BD3181B689F46212380229B18DB1966
:10FE00001B78591E33239B18DB191B78981DA823D8
:10FE1000FB181C68644A0B00DB005B1ADB00D3187C
:10FE20001B5C237077E1212380229B18DB191B7850
:10FE3000591E33239B18DB191B78981D5A4A0B0057
:10FE4000DB005B1ADB00D3181B5CA822BA1812680F
:10FE50005BB213705FE121258022AB18DB191B78A0
:10FE6000591E3326B318DB191B78981D4E4A0B0018
:10FE7000DB005B1ADB00D3181B5C1C008022AB1874
:10FE8000DB191B78591EB318DB191B78D81D464A9D
:10FE90000B00DB005B1ADB00D3181B5C1B029BB260
:10FEA000A822BA181268E3189BB2138033E1212507
:10FEB0008022AB18DB191B78591E3326B318DB19C7
:10FEC0001B78981D384A0B00DB005B1ADB00D31847
:10FED0001B5C1C008022AB18DB191B78591EB31861
:10FEE000DB191B78D81D304A0B00DB005B1ADB00E6
:10FEF000D3181B5C1B029BB2E3189BB2A822BA1852
:10FF000012681BB2138006E121258022AB18DB1991
:10FF10001B78591E3326B318DB191B78981D224A0B
:10FF20000B00DB005B1ADB00D3181B5C1C0080227B
:10FF3000AB18DB191B78591EB318DB191B78D81DB9
:10FF4000194A0B00DB005B1ADB00D3181B5C1B0299
:10FF5000E4188022AB18DB191B78591EB318DB1983
:10FF60001B7808331800104A0B00DB005B1ADB001B
:10FF7000D3181B5C1B04E4188022AB18DB191B7818
:10FF8000591EB318DB191B7809331800064A0B00F9
:10FF9000DB005B1ADB00D3181B5C1B06A822BA1817
:10FFA0001268E3181360B6E0E80A00208C0E002007
:10FFB000F0FF00004D130020FFFF01203C47030825
:10FFC00021258022AB18DB191B78591E3326B31864
:10FFD000DB191B78981DF34A0B00DB005B1ADB0072
:10FFE000D3181B5C1C008022AB18DB191B78591E30
:10FFF000B318DB191B78D81DEA4A0B00DB005B1A2B
:020000040801F1
:10000000DB00D3181B5C1B02E4188022AB18DB1941
:100010001B78591EB318DB191B7808331800E14A06
:100020000B00DB005B1ADB00D3181B5C1B04E4181D
:100030008022AB18DB191B78591EB318DB191B780B
:1000400009331800D74A0B00DB005B1ADB00D3181A
:100050001B5C1B06A822BA181268E31813605AE04A
:1000600021258022AB18DB191B78591E3326B318C3
:10007000DB191B78981DCB4A0B00DB005B1ADB00F9
:10008000D3181B5C1C008022AB18DB191B78591E8F
:10009000B318DB191B78D81DC24A0B00DB005B1AB2
:1000A000DB00D3181B5C1B02E4188022AB18DB19A1
:1000B0001B78591EB318DB191B7808331800B94A8E
:1000C0000B00DB005B1ADB00D3181B5C1B04E4187D
:1000D0008022AB18DB191B78591EB318DB191B786B
:1000E00009331800AF4A0B00DB005B1ADB00D318A2
:1000F0001B5C1B06E3183B6000237B60AA4B39683E
:100100007A6819605A60A84BA822BA1812681B684E
:10011000136000E0C04602E0A44A15231370A44B0C
:100120001A7860231340DBB2602B08D0A04B1A78FA
:1001300060231340DBB2202B01D000F003FF9B4B68
:100140001B789C4A1370362380229B18DB191B787E
:10015000012221211800FBF723F800F0F3FE2123F0
:1001600080215B18DB191B785A1E33235B18DB19BF
:1001700018788C491300DB009B1ADB00CB181B5C42
:100180008A4A137000F0E5FE21248026A319DB19AA
:100190001B785A1E3325AB19DB19187881491300D7
:1001A000DB009B1ADB00CB18185CA319DB191B784A
:1001B0005A1E3400AB19DB191B78591C1300DB00E5
:1001C0009B1ADB005A18774BD1181F231B19DB1918
:1001D0001B789BB2013B9AB20A2300930A2307F0D3
:1001E000C1FB00F0B6FE21248026A319DB191B7881
:1001F0005A1E3325AB19DB1918786A491300DB0046
:100200009B1ADB00CB181B5C6B4A1380A319DB190C
:100210001B78591EAB19DB191B78581C614A0B005F
:10022000DB005B1ADB00D3181B5C644A1380634B52
:100230001B88002B10D1604B1B88DAB2604B190071
:10024000100005F051FD5C4B1B88D8B25D4A5C4B39
:10025000190005F09FFD13E0584B1B88012B0FD1AF
:10026000554B1B88DAB2584B1900100005F03CFDC5
:10027000514B1B88D8B2534A534B190005F08AFDE5
:10028000524A534B1100180005F00AFE514A01234F
:10029000137000F05EFE504A0123137000F059FE07
:1002A0004E4A01231370212380215B18DB191B7830
:1002B0005A1E33235B18DB1918783A491300DB0008
:1002C0009B1ADB00CB181B5C082B01D900F091FDB9
:1002D0009A00434BD3181B689F46212380241B1987
:1002E000DB191B78591E33231B19DB191B78581C8B
:1002F0002C4A0B00DB005B1ADB00D3181B5C002BC5
:1003000009D137231B19DA1900231370274A102348
:10031000137000F06FFD372380229B18DA19FF233A
:10032000137000F067FD21248026A319DB191B78C8
:10033000591E3325AB19DB191B78581C194A0B00C1
:10034000DB005B1ADB00D3181B5C002B4ED137237C
:100350009B19DA1900231370A319DB191B78591E96
:10036000AB19DB191B78981C0E4A0B00DB005B1ADB
:10037000DB00D3181B5C1B4A1370A319DB191B7815
:10038000591EAB19DB191B78D81C064A0B00DB0081
:100390005B1ADB00D3181B5C1A00134B1A6000F0C9
:1003A00029FDC046E80A0020180F00204D13002048
:1003B0004C130020000C00200C2200200E220020F4
:1003C0009445030810220020984503081C220020B1
:1003D00018220020300A0020310A0020A01B002033
:1003E00060470308A11B0020A41B002037238022A4
:1003F0009B18DA19FF23137000F0FCFC21248026DF
:10040000A319DB191B78591E3325AB19DB191B788F
:10041000581CD04A0B00DB005B1ADB00D3181B5CB6
:10042000002B4DD137239B19DA1900231370A31920
:10043000DB191B78591EAB19DB191B78981CC54AB0
:100440000B00DB005B1ADB00D3181B5CC24A137085
:10045000A319DB191B78591EAB19DB191B78D81CA3
:10046000BC4A0B00DB005B1ADB00D3181B5C1A00D4
:10047000BA4B1A60A319DB191B78591EAB19DB198B
:100480001B78181DB34A0B00DB005B1ADB00D31886
:100490001B5C1A00B14B5A60A319DB191B78591E5B
:1004A000AB19DB191B78581DAA4A0B00DB005B1A3D
:1004B000DB00D3181B5C1A00A84B9A6000F09AFC72
:1004C000372380229B18DA19FF23137000F092FC67
:1004D00021248026A319DB191B78591E3325AB195B
:1004E000DB191B78581C9B4A0B00DB005B1ADB00F6
:1004F000D3181B5C002B29D137239B19DA19002351
:100500001370A319DB191B78591EAB19DB191B7863
:10051000981C904A0B00DB005B1ADB00D3181B5CB5
:100520008D4A1370A319DB191B78591EAB19DB19FF
:100530001B78D81C874A0B00DB005B1ADB00D31842
:100540001B5C1A00854B1A6000F054FC3723802294
:100550009B18DA19FF23137000F04CFC212580242E
:100560002B19DB191B78591E33263319DB191B781D
:10057000581C784A0B00DB005B1ADB00D3181B5CAD
:10058000002B00D085E037231B19DA1900231370E4
:100590002B19DB191B78591E3319DB191B78981C92
:1005A0006C4A0B00DB005B1ADB00D3181B5C6A4A49
:1005B00013702B19DB191B78591E3319DB191B78A3
:1005C000D81C644A0B00DB005B1ADB00D3181B5CF1
:1005D0001C008022AB18DB191B78591EB318DB19DD
:1005E0001B78181D5B4A0B00DB005B1ADB00D3187D
:1005F0001B5C1B02E218594B1A608022AB18DB19F6
:100600001B78591EB318DB191B78581D514A0B0073
:10061000DB005B1ADB00D3181B5C1C008022AB18CC
:10062000DB191B78591EB318DB191B78981D494A32
:100630000B00DB005B1ADB00D3181B5C1B02E2180B
:10064000464B5A608022AB18DB191B78591EB31831
:10065000DB191B78D81D3F4A0B00DB005B1ADB005F
:10066000D3181B5C1C008022AB18DB191B78591EA9
:10067000B318DB191B7808331800364A0B00DB006F
:100680005B1ADB00D3181B5C1B02E218334B9A6029
:10069000B0E3372380229B18DA19FF231370A9E3F4
:1006A00021248026A319DB191B78591E3325AB1989
:1006B000DB191B78581C274A0B00DB005B1ADB0098
:1006C000D3181B5C002B3ED137239B19DA1900236A
:1006D00013703200A319DB191B78591E2E00B318B2
:1006E000DB191B78981C1B4A0B00DB005B1ADB0034
:1006F000D3181B5C184A137025008022A318DB193D
:100700001B78591EB318DB191B78D81C114A0B0033
:10071000DB005B1ADB00D3181B5C1C008022AB18CB
:10072000DB191B78591EB318DB191B78181D094AF1
:100730000B00DB005B1ADB00D3181B5C1B02E2180A
:10074000064B1A6056E3372380229B18DA19FF23E1
:1007500013704FE3E80A0020A11B0020A41B002017
:10076000212580242B19DB191B78591E33263319B8
:10077000DB191B78581CE94A0B00DB005B1ADB0015
:10078000D3181B5C002B5ED137231B19DA19002309
:1007900013702B19DB191B78591E3319DB191B78C1
:1007A000981CDE4A0B00DB005B1ADB00D3181B5CD5
:1007B000DB4A13702B19DB191B78591E3319DB190F
:1007C0001B78D81CD54A0B00DB005B1ADB00D31862
:1007D0001B5C1C008022AB18DB191B78591EB31858
:1007E000DB191B78181DCD4A0B00DB005B1ADB0000
:1007F000D3181B5C1B02E4188022AB18DB191B7892
:10080000591EB318DB191B78581DC44A0B00DB00B6
:100810005B1ADB00D3181B5C1B04E4188022AB18A6
:10082000DB191B78591EB318DB191B78981DBB4ABE
:100830000B00DB005B1ADB00D3181B5C1B06E21805
:10084000B84B1A60D6E2372380229B18DA19FF23AF
:100850001370CFE2212580242B19DB191B78591E38
:1008600033263319DB191B78581CAC4A0B00DB000C
:100870005B1ADB00D3181B5C002B00D047E1372349
:100880001B19DA19002313702B19DB191B78591E59
:100890003319DB191B78981CA04A0B00DB005B1A8C
:1008A000DB00D3181B5C9E4A13702B19DB191B78D5
:1008B000591E3319DB191B78D81C984A0B00DB0032
:1008C0005B1ADB00D3181B5C1C008022AB18DB1901
:1008D0001B78591EB318DB191B78181D8F4A0B00A3
:1008E000DB005B1ADB00D3181B5C1B02E4188022C0
:1008F000AB18DB191B78591EB318DB191B78581D70
:10090000864A0B00DB005B1ADB00D3181B5C1B0460
:10091000E4188022AB18DB191B78591EB318DB19B9
:100920001B78981D7D4A0B00DB005B1ADB00D31897
:100930001B5C1B06E2187B4B1A608022AB18DB198C
:100940001B78591EB318DB191B78D81D734A0B008E
:10095000DB005B1ADB00D3181B5C1C008022AB1889
:10096000DB191B78591EB318DB191B7808331800E4
:100970006A4A0B00DB005B1ADB00D3181B5C1B020E
:100980001C438022AB18DB191B78591EB318DB19E6
:100990001B7809331800614A0B00DB005B1ADB008F
:1009A000D3181B5C1B041C438022AB18DB191B787B
:1009B000591EB318DB191B780A331800574A0B006D
:1009C000DB005B1ADB00D3181B5C1B0622001A43FA
:1009D000544B5A608022AB18DB191B78591EB31890
:1009E000DB191B780B3318004C4A0B00DB005B1A39
:1009F000DB00D3181B5C1C008022AB18DB191B78B2
:100A0000591EB318DB191B780C331800434A0B002E
:100A1000DB005B1ADB00D3181B5C1B021C4380222B
:100A2000AB18DB191B78591EB318DB191B780D3373
:100A300018003A4A0B00DB005B1ADB00D3181B5C82
:100A40001B041C438022AB18DB191B78591EB318FA
:100A5000DB191B780E331800304A0B00DB005B1AE1
:100A6000DB00D3181B5C1B0622001A432D4B9A6037
:100A70008022AB18DB191B78591EB318DB191B78C1
:100A80000F331800254A0B00DB005B1ADB00D3187C
:100A90001B5C1C008022AB18DB191B78591EB31895
:100AA000DB191B78103318001C4A0B00DB005B1AA3
:100AB000DB00D3181B5C1B021C438022AB18DB1924
:100AC0001B78591EB318DB191B7811331800134A11
:100AD0000B00DB005B1ADB00D3181B5C1B041C4300
:100AE0008022AB18DB191B78591EB318DB191B7851
:100AF00012331800094A0B00DB005B1ADB00D31825
:100B00001B5C1B0622001A43064BDA6072E1372396
:100B100080229B18DA19FF2313706BE1E80A00208A
:100B2000A11B0020A41B0020212580242B19DB19E8
:100B30001B78591E33263319DB191B78581CF64ACB
:100B40000B00DB005B1ADB00D3181B5C002B00D012
:100B500048E137231B19DA19002313702B19DB190D
:100B60001B78591E3319DB191B78981CEA4A0B00B5
:100B7000DB005B1ADB00D3181B5CE84A13702B19EF
:100B8000DB191B78591E3319DB191B78D81CE24A74
:100B90000B00DB005B1ADB00D3181B5C1C008022FF
:100BA000AB18DB191B78591EB318DB191B78181DFD
:100BB000D94A0B00DB005B1ADB00D3181B5C1B025D
:100BC0001C438022AB18DB191B78591EB318DB19A4
:100BD0001B78581DD04A0B00DB005B1ADB00D318D2
:100BE0001B5C1B041C438022AB18DB191B78591EAD
:100BF000B318DB191B78981DC74A0B00DB005B1A82
:100C0000DB00D3181B5C1B0622001A43C44B1A607E
:100C10008022AB18DB191B78591EB318DB191B781F
:100C2000D81DBD4A0B00DB005B1ADB00D3181B5C30
:100C30001C008022AB18DB191B78591EB318DB1976
:100C40001B7808331800B44A0B00DB005B1ADB008A
:100C5000D3181B5C1B021C438022AB18DB191B78CA
:100C6000591EB318DB191B7809331800AA4A0B0068
:100C7000DB005B1ADB00D3181B5C1B041C438022C7
:100C8000AB18DB191B78591EB318DB191B780A3314
:100C90001800A14A0B00DB005B1ADB00D3181B5CB9
:100CA0001B0622001A439E4B5A608022AB18DB19A8
:100CB0001B78591EB318DB191B780B331800964AA2
:100CC0000B00DB005B1ADB00D3181B5C1C008022CE
:100CD000AB18DB191B78591EB318DB191B780C33C2
:100CE00018008D4A0B00DB005B1ADB00D3181B5C7D
:100CF0001B021C438022AB18DB191B78591EB3184A
:100D0000DB191B780D331800834A0B00DB005B1ADC
:100D1000DB00D3181B5C1B041C438022AB18DB19BF
:100D20001B78591EB318DB191B780E3318007A4A4A
:100D30000B00DB005B1ADB00D3181B5C1B062200D8
:100D40001A43774B9A608022AB18DB191B78591E27
:100D5000B318DB191B780F3318006F4A0B00DB0048
:100D60005B1ADB00D3181B5C1C008022AB18DB195C
:100D70001B78591EB318DB191B7810331800664A0C
:100D80000B00DB005B1ADB00D3181B5C1B021C434F
:100D90008022AB18DB191B78591EB318DB191B789E
:100DA000113318005C4A0B00DB005B1ADB00D31820
:100DB0001B5C1B041C438022AB18DB191B78591EDB
:100DC000B318DB191B7812331800534A0B00DB00F1
:100DD0005B1ADB00D3181B5C1B0622001A43504B26
:100DE000DA6007E0372380229B18DA19FF2313709B
:100DF00000E0C046ADE0212380241B19DB191B78DD
:100E00005A1E33231B19DB19187843491300DB00E2
:100E10009B1ADB00CB181B5C424A1370414B1B78BA
:100E2000180000F067F903001A0037210B19DB19CD
:100E30001B78934200D187E00B19DA19FF23137056
:100E400082E0212380241B19DB191B785A1E3323CF
:100E50001B19DB19187830491300DB009B1ADB00E3
:100E6000CB181B5C304A13702F4B1B78180000F016
:100E70009DF903001A0037210B19DB191B789342E7
:100E800064D00B19DA19FF2313705FE03726802036
:100E90003318DD1920231B18DB191C783622131890
:100EA000DB191B789C46212102000B18DB191978ED
:100EB0002E208318DB19188833239B18DB191B7825
:100EC00000932300624600F09DF803002B708022FF
:100ED000B318DB191B78012B3AD1B318DD19202385
:100EE00016009B19DB191C7836229319DB191A7826
:100EF00021218B19DB1919782E208319DB19188809
:100F000033239B19DB191B780093230000F05AFD53
:100F100003002B701CE0C046E80A0020A11B002043
:100F2000A41B00200A2200200B220020C04610E053
:100F3000C0460EE0C0460CE0C0460AE0C04608E0ED
:100F4000C04606E0C04604E0C04602E0C04600E0FD
:100F5000C046372480256319DB191B78012B0CD17F
:100F600036235B19DB191B78002200211800FAF7E1
:100F700017F96319DA1900231370212180254B1901
:100F8000DB191B78013B1A00D200D21AD3001A00D9
:100F9000194BD0180C004B19DB191B785A1E174B34
:100FA0009B5C1A0000211BF0D6FF6319DB191B782C
:100FB000591E124A002353546319DB191A78104B37
:100FC0009B5C022B13D06319DB191A780C4B9B5CCA
:100FD000032B0CD06319DB191A78094B9B5C042B8B
:100FE00005D06319DB191978054A0023535410F012
:100FF00047FAFBF7BDFBC046E80A0020D80A0020EC
:10100000E00A0020B0B584B000AF05000C0010006D
:101010001900BB1D2A1C1A807B1D221C1A703B1D47
:10102000021C1A70FB1C0A1C1A700F217B1801226B
:101030001A707B181B781800BD4604B0B0BD90B57F
:1010400095B000AF14243B1918003C231A0000216E
:101050001BF081FF3B1D180010231A0000211BF01C
:101060007AFF80239B00180015F07CFC3B190322BB
:101070001A603B19802252025A603B1980225200AA
:10108000DA6021007B1800221A617B1840225A6125
:101090007B1802221A627B1803225A627B180022F4
:1010A0009A627B181022DA627B18802292021A63FD
:1010B0007B18802292045A637B18802292059A63DF
:1010C0007B18180015F09AFC3B1D07221A603B1D87
:1010D00002225A603B1D00229A603B1D0022DA600A
:1010E0003B1D0221180015F0E9FFC046BD4615B0B2
:1010F00090BD000080B586B000AF0200FB1D1A70E5
:10110000FB1D1B78180006F0E3FC03007B617B6984
:101110001B68234A934209D07B691B68214A93428A
:1011200004D07B691B68204A934234D1C0467B6956
:101130001B68DA6980235B021A4080235B029A42B3
:10114000F5D0C0467B691B68DA698023DB031A404F
:101150008023DB039A42F5D10C217B188022920375
:101160001A607B18786919685A6819F041FF7B6921
:101170001B689A687B691B688021C9030A439A60CF
:101180007B69180019F09CFF8023DB010121180006
:1011900015F088FB00E0FF231800BD4606B080BDB7
:1011A00000380140004400400048004080B582B053
:1011B00000AF0200FB1D1A70124B134A9A61FB1D0F
:1011C0001B78042B15D89A00104BD3181B689F4628
:1011D000012015F033FB0CE0082015F02FFB08E090
:1011E000202015F02BFB04E0022015F027FB00E087
:1011F000C04615F0A9FB15F08DFB00231800BD4675
:1012000002B080BD007000403F000100A84C030800
:1012100080B582B000AF0200FB1D1A701F4B1A6927
:1012200080235B001A4080235B009A4230D11B4B25
:101230001B4A9A61FB1D1B78042B15D89A00194B89
:10124000D3181B689F46012015F018FB0CE00820FE
:1012500015F014FB08E0202015F010FB04E002203C
:1012600015F00CFB00E0C0468023DB010E48012294
:10127000190015F0A6FAFA239B00180013F08EF857
:101280008023DB0108480022190015F09AFA00E0DB
:1012900000231800BD4602B080BDC046007000406B
:1012A00000010100BC4C030800040050F0B585B0FB
:1012B00000AF0B26BB1900221A700E23FB18082260
:1012C0001A800823FB1800221A8014F0B5FE76233A
:1012D000FF331A0080231B021100180014F0E4FFF2
:1012E000BE19FA239B00180014F0ECFE03003370C3
:1012F0000B26BB191B78002B03D0554B5B68DBB268
:10130000A2E0544B5A69534B02218A435A61524B13
:101310001B78002B00D195E0504B1B781B029AB232
:101320004D4B1B78190008203B1852181A803B18A7
:101330001B889BB23B6000237B6049493A687B680D
:10134000012014F02BFE0B23FE18FA239B0018003B
:1013500014F0B8FE030033700B23FB181B78002B2E
:1013600003D03B4B5B68DBB26EE03A4B5A69394BBA
:1013700001218A435A610D23FB1801221A705AE099
:101380000C23FB1800221A704AE00D203B181B7832
:101390005A1E344B16214A43D35A002B3AD00E23FF
:1013A000FB181B882E4A9E183B181B785A1E0C23CC
:1013B000FB1818782B4913009B009B185B009B18A7
:1013C0001B185B005B5A1C0000231D0022002B0031
:1013D0003100012014F0E2FD0B23FE18FA239B00DC
:1013E000180014F06FFE030033700B23FB181B78FA
:1013F000002B03D0164B5B68DBB225E0154B5A6916
:10140000144B01218A435A610E22BB18BA18128864
:1014100008321A800C217B181A787B1801321A7056
:101420000C23FB181B780A2BAFD90D217B181A78D7
:101430007B1801321A70094B1B780D22BA181278EA
:101440009A429DD914F01CFE1800BD4605B0F0BDAF
:10145000A4B90120002002402C1300207C000020B1
:1014600000A80708240F0020B0B588B000AF1824EA
:101470003B1900221A703B0000221A60043311222B
:10148000002118001BF067FD14F0D6FDBB235A00A5
:1014900080231B021100180014F006FF25003C19E0
:1014A000FA239B00180014F00DFE030023707B1933
:1014B0001B78002B03D0654B5B68DBB2C1E0644B4B
:1014C0005A69634B02218A435A61624BFB611B23B9
:1014D000FB1800221A70AAE01B203B181A785E49FC
:1014E00013009B009B189B005B5C002B00D198E0D5
:1014F0003B00FE221A703B181A7813009B009B18C1
:101500009B00554A99183B000133142218001BF028
:101510004AFE1A23FB1800221A702BE0F9691A23DD
:10152000FB181B78DB003A00D3181A685B680120AF
:1015300014F034FD18257C19FA239B00180014F0D0
:10154000C1FD030023707B191B78002B03D03F4B98
:101550005B68DBB275E03E4B5A693D4B01218A4323
:101560005A61FB690833FB611A217B181A787B18D2
:1015700001321A701A23FB181B78042BCED91923B9
:10158000FB1800221A7036E0F8691B23FB181A7842
:10159000314913009B009B189B00CB180C331B6830
:1015A0001922BA18127892009B181A685B68010019
:1015B000012014F0F3FC18257C19FA239B00180075
:1015C00014F080FD030023707B191B78002B03D0DF
:1015D0001E4B5B68DBB234E01D4B5A691C4B01218A
:1015E0008A435A61FB690833FB6119217B181A7819
:1015F0007B1801321A701923FB181C781B23FB1867
:101600001A78154913009B009B189B00CB180C33CC
:101610001B681800EEF782FD030001339B089C4213
:10162000B2D31B217B181A787B1801321A700B4B2E
:101630001B781B22BA1812789A4200D24CE714F099
:101640001FFD1800BD4608B0B0BDC046A4B90120BA
:101650000020024000B00708E0130020D50A002057
:1016600080B500AF8F239A00084B002118001BF0B3
:1016700072FC074B01221A70064B00221A70FFF70A
:1016800015FE03001800BD4680BDC046240F002093
:101690007C0000202C130020F0B589B004AF0500B9
:1016A0000C0010001900FB1D2A1C1A70BB1D221C07
:1016B0001A707B1D021C1A703B1D0A1C1A700F2524
:1016C0007B1900221A700E26BB1900221A704A4B91
:1016D0001A787C19BB1D1B7819001000F3F70CFE5B
:1016E000030023703B1D1B78002B0ED0424B1B7850
:1016F000BA1D12789A4208D17B193A1D12781A70D5
:10170000BB193D4A12781A701BE03B1D1B78002B59
:1017100017D1BB1D1B78013B384AD35C012B05D187
:101720000E23FB18344A12781A700AE0BB1D1B788E
:10173000013B324AD35C5A1E0E23FB1830498A5CA7
:101740001A702D4B1B78FA1D12789A422FD10FF088
:101750001DFC0300BB603B1D1B78002B08D1294BEF
:101760001968BB1D1A78BB6818001BF075FB08E0F0
:10177000254B1968BB1D1A783B1D1B78B8681BF0F8
:101780006BFB224B1A68BB68110018001BF0EBFBC7
:10179000BB681800EEF7C2FC03009AB2B9687B1D63
:1017A0001878322306F034F9642012F0F7FD7B1D1F
:1017B0001B78180000F02CF80F257B191B781800F7
:1017C00000F026F80C4B19780B4B1C787B191A7813
:1017D0007B1D18780023039301235B4202930123AE
:1017E0005B420193022300932300FAF721F8C046DD
:1017F000BD4605B0F0BDC0462C130020601100208E
:10180000B41B00206C000020740000207000002039
:1018100080B584B000AF0200FB1D1A70FB1D1B7861
:10182000180006F055F90300FB60FB68180017F07C
:1018300021FDFB688022D2001A61FB6880225201E0
:101840009A60FB68180017F0BFFCFB681B681A68F9
:10185000FB681B6820210A431A60C046BD4604B0DD
:1018600080BD000080B584B002AF05F0D3FC05F068
:101870000FFD05F04BFD05F087FD05F0B5FD03F00C
:10188000E3F905F061FB09F09BFF01237B6061E058
:101890007B68DBB2180006F01BF90200374B9A4256
:1018A00006D17B685A1E364B92003649D1504EE025
:1018B0007B68DBB2180006F00BF90200324B9A424B
:1018C00006D17B685A1E2E4B92003049D1503EE023
:1018D0007B68DBB2180006F0FBF802002C4B9A4242
:1018E00006D17B685A1E264B92002A49D1502EE021
:1018F0007B68DBB2180006F0EBF80200264B9A4238
:1019000006D17B685A1E1E4B92002449D1501EE01E
:101910007B68DBB2180006F0DBF80200204B9A422D
:1019200006D17B685A1E164B92001E49D1500EE01C
:101930007B68DBB2180006F0CBF802001A4B9A4223
:1019400005D17B685A1E0E4B92001849D1507B6816
:1019500001337B607B68052B9ADD154B01221A70E1
:10196000144A15491548164B01930323009300238D
:1019700010F013FDC046BD4602B080BD0C2400200F
:10198000040F00200C000240A02400202000024090
:101990003425002034000240C825002048000240C1
:1019A0005C2600205C000240F0260020700002400F
:1019B000F94D002088130000D04C0308A91B010832
:1019C000044C0020B0B584B000AF05000C0010003E
:1019D0001900BB1D2A1C1A807B1D221C1A703B1D7E
:1019E000021C1A70FB1C0A1C1A700F217B180022A3
:1019F0001A707B1801221A70C0467B181B781800D9
:101A0000BD4604B0B0BD000080B582B000AF7860C4
:101A10007B681B68164A934201D1012323E07B684F
:101A20001B68144A934201D102231CE07B681B68A7
:101A3000114A934201D1032315E07B681B680F4ACA
:101A4000934201D104230EE07B681B680C4A934249
:101A500001D1052307E07B681B680A4A934201D144
:101A6000062300E000231800BD4602B080BDC0463A
:101A7000004C004000440040004800400038014055
:101A800000500040003C014080B500AF114B1800F1
:101A90000FF0C6F9104B18000FF0C2F90F4B1800E9
:101AA0000FF0BEF90E4B18000FF0BAF90D4B1800ED
:101AB0000FF0B6F90C4B18000FF0B2F90B4B1800F1
:101AC0000FF0AEF90A4B18000FF0AAF9C046BD4658
:101AD00080BDC046D047030818490308B84A030828
:101AE000644B0308B04B0308FC4B0308484C030845
:101AF000984C030880B584B000AF02003960FB1D2C
:101B00001A700F217B1800221A707B1867221A7036
:101B1000C0467B181B781800BD4604B080BD00008D
:101B200080B500AF1B491C4B002218000DF092FA43
:101B300003001A00194B1A70184B1B78002B22D087
:101B4000144B0122190000200DF084FA03001A0042
:101B5000124B1A708023DB0111480122190014F086
:101B600030FEFA235B0018000FF084F88023DB01BD
:101B70000B480022190014F024FEFA235B00180021
:101B800012F00CFCE6E7074B01221A700023180044
:101B9000BD4680BDD84C030884270020F0470020B4
:101BA00000040050894C0020B0B588B002AF7860C6
:101BB00000233B610023FB60FFF7B2FF1623FB18F5
:101BC00000221A70A5E312F0DFFB010016243B1976
:101BD0001B78DBB2E14A5B01D31810331B68CB1AC8
:101BE0003B613B191B78DBB2DC4A5B01D3181C3329
:101BF0001B68191CDA48EEF73BFE031C181CEEF7B5
:101C0000E5FC0300FB603A69FB689A420ED33B197E
:101C10001B78DBB21A00D1495301CB1818331B686B
:101C2000591CCE485301C31818331960CD4B1B887B
:101C30001A0016217B181B78DBB21A41130001220F
:101C4000134000D15CE37B181B78DBB21A00C64B53
:101C50001900100000F066FDC44B6422002118003A
:101C60001BF079F91723FB1800221A701AE31720CA
:101C70003B181B78DBB21900BD4A0B005B005B18F8
:101C8000DB009B5C002B00D104E33B181B78DBB22C
:101C90001900B74A0B005B005B18DB00D318083350
:101CA0001A781623FB181B78DBB29A4200D0F1E2B7
:101CB0003B181B78DBB21900AD4A0B005B005B18C8
:101CC000DB009B5C033B072B00D9CAE09A00A94BC1
:101CD000D3181B689F4617203B181B78DBB21900EE
:101CE000A34A0B005B005B18DB00D31810331B68A2
:101CF0001B78DAB23B181B78DBB2190010009C4A43
:101D00000B005B005B18DB00D3180C331860ABE0F2
:101D100017203B181B78DBB21900954A0B005B00BB
:101D20005B18DB00D31810331B681B785AB23B18C2
:101D30001B78DBB2190010008D4A0B005B005B18AA
:101D4000DB00D3180C3318608EE017203B181B788B
:101D5000DBB21900864A0B005B005B18DB00D3186E
:101D600010331B681B889AB23B181B78DBB2190032
:101D700010007F4A0B005B005B18DB00D3180C33AC
:101D8000186071E017203B181B78DBB21900784A05
:101D90000B005B005B18DB00D31810331B681B883B
:101DA0001AB23B181B78DBB219001000704A0B0006
:101DB0005B005B18DB00D3180C33186054E017206D
:101DC0003B181B78DBB21900694A0B005B005B18FB
:101DD000DB00D31810331B683A181278D2B2100007
:101DE0001A68634903005B001B18DB00CB180C3337
:101DF0001A6039E017203B181B78DBB219005C4AE7
:101E00000B005B005B18DB00D31810331B681A68EB
:101E10003B181B78DBB219001000554A0B005B0021
:101E20005B18DB00D3180C3318601DE017203B183B
:101E30001B78DBB219004E4A0B005B005B18DB001D
:101E4000D31810331B683A181278D2B210001A68EF
:101E5000474903005B001B18DB00CB1814331A60E2
:101E600002E0C04600E0C0461623FB181B78DBB238
:101E70001A003A4B5201D35C012B03D13A69FB683B
:101E80009A4209D21723FB181B78DBB2180000F026
:101E900085FA031E00D1FDE1374B1B78002B3BD0A8
:101EA000354B00221A701623FB181B78DBB22B4A25
:101EB0005B01D31802331B78022B15D104F0A0FF6D
:101EC0002E4B9B7C1C002D4B5B7C1D002B4B1B7CED
:101ED0001A002A4BDB892A492448019300922B00DF
:101EE00022001AF0B9FF17E016217B181B78DBB22D
:101EF0001A4A5B01D31802331B78012B0CD17B18D3
:101F00001B78DBB2154A5B01D31818331A681D49D8
:101F1000164B18001AF0A0FF1623FB181B78DBB233
:101F20000E4A5B01D31801331B78032B3ED04DDCE6
:101F3000012B02D0022B29D048E00C4B1800EEF701
:101F4000EDF803001A00094BD2180F4B10001900CE
:101F500002231A001BF027F939E0C046F44700209D
:101F600000007A448C4C0020C03700200C4C00202C
:101F7000344900205C4D0308CD01002030130020BF
:101F8000DC4C0308F44C0308F84C0308EB4B180036
:101F9000EEF7C4F803001A00E84BD218E84B100023
:101FA000190002231A001BF0FEF810E0E34B1800A2
:101FB000EEF7B4F803001A00E04BD218E14B100022
:101FC000190002231A001BF0EEF800E0C0461723A8
:101FD000FB181B78DBB21900DB4A0B005B005B18B7
:101FE000DB009B5C0A2B00D951E19A00D74BD31838
:101FF0001B689F461723FB181B78DBB21900D24AD7
:102000000B005B005B18DB00D3180C331A68D04957
:1020100013005B009B185B5C072B00D98EE09A00D5
:10202000CC4BD3181B689F46C44B1800EEF776F8CC
:1020300003001A00C14BD218C74B1000190004232B
:102040001A001BF0B0F87CE0BC4B1800EEF766F805
:1020500003001A00B94BD218C04B1000190003231B
:102060001A001BF0A0F86CE0B44B1800EEF756F81D
:1020700003001A00B14BD218B94B10001900052308
:102080001A001BF090F85CE0AC4B1800EEF746F835
:1020900003001A00A94BD218B24B100019000723F5
:1020A0001A001BF080F84CE0A44B1800EEF736F84D
:1020B00003001A00A14BD218AB4B100019000823E3
:1020C0001A001BF070F83CE09C4B1800EEF726F865
:1020D00003001A00994BD218A44B100019000C23CE
:1020E0001A001BF060F82CE0944B1800EEF716F87D
:1020F00003001A00914BD2189D4B100019000923C0
:102100001A001BF050F81CE01623FB181B78DBB2FA
:102110001A00984B5201D35C012B11D1874B180048
:10212000EDF7FCFF03001A00844BD218924B10000D
:10213000190007231A001BF036F801E0C04600E042
:10214000C0461723FB181B78DBB219007E4A0B0030
:102150005B005B18DB00D3180C331A687C49130052
:102160005B009B185B5C002B00D192E0834B01224B
:102170001A708EE01723FB181B78DBB21900724A25
:102180000B005B005B18DB00D3180C331B686B4A39
:102190007B496A481AF060FE7CE01723FB181B7825
:1021A000DBB21900684A0B005B005B18DB00D31838
:1021B0000C331B68614A734960481AF04DFE69E0B0
:1021C0001723FB181B78DBB219005F4A0B005B007A
:1021D0005B18DB00D3180C331B68584A6849574812
:1021E0001AF03AFE56E01723FB181B78DBB21900F1
:1021F000554A0B005B005B18DB00D3180C331B68DF
:102200004E4A60494D481AF027FE43E01723FB1859
:102210001B78DBB219004C4A0B005B005B18DB003B
:10222000D3180C331B68454A554944481AF014FE2C
:1022300030E01723FB181B78DBB21900424A0B0071
:102240005B005B18DB00D3180C331B683B4A4D491D
:102250003A481AF001FE1DE01723FB181B78DBB289
:102260001900394A0B005B005B18DB00D3181433EC
:102270001B68181CF0F7E2FE02000B002F4C4249CD
:102280002E480092019322001AF0E6FD02E0C046BB
:1022900000E0C04617217B181B78DBB20133DAB2AD
:1022A0007B181A701723FB181B78DBB21D2B00D884
:1022B000DDE4364B1B78002B0CD1204B1800EDF7DA
:1022C0002DFF0200324B1D4932480DF0E3FA2F4B2F
:1022D00001221A702F4B18000DF03BFD3A69FB6884
:1022E0009A420ED31623FB181B78DBB21C0012F0A7
:1022F0004BF801001F4A6301D3181033196000E046
:10230000C04616217B181B78DBB20133DAB27B188A
:102310001A701623FB181B78DBB2092B00D852E485
:10232000164B1B78002B05D01B4B00221A70134B49
:1023300000221A700FF0A4F840E4C0460C4C0020B4
:10234000FC4C0308004D0308344900207C4D030871
:10235000344E0020A84D0308044D0308084D03081F
:102360000C4D0308144D03081C4D0308244D0308AD
:10237000304D0308F44700203C4D0308184D002061
:10238000444D03084C4D0308544D0308CD01002073
:10239000904C0020C0370020F84D002080B584B05C
:1023A00000AF0200BB1D1A800F23FB1800221A7019
:1023B000BB1D1A88D44913005B009B18DB005B5CD3
:1023C0000A2B00D98FE19A00D04BD3181B689F4687
:1023D000BB1D1A88CC4913005B009B18DB00CB188F
:1023E0000C331A68CA4913005B009B185B5C0F2012
:1023F0003A1812789A4223D0BB1D1A88C24913009A
:102400005B009B18DB00CB180C331A68C049130023
:102410005B009B185B5C002B12D0BB1D1A88BA496D
:1024200013005B009B18DB00CB180C331A683918BB
:10243000B74813005B009B181B5C0B7001236DE118
:10244000BB1D1A88B04913005B009B18DB00CB183A
:102450000C331A68AE4913005B009B185B5C0F20BD
:102460003A1812789A4200D13FE1BB1D1A88A6495A
:1024700013005B009B18DB00CB180C331A68A449CF
:1024800013005B009B185B5C002B00D02DE1BB1D93
:102490001A889D4913005B009B18DB00CB180C3396
:1024A0001A6839189A4813005B009B181B5C0B7064
:1024B000002333E1BB1D1A8813005B009B18DB006F
:1024C00008331A00904BD31804331B78DAB2BB1DC3
:1024D0001988904B8900CB58DBB29A4200D106E1B3
:1024E000BB1D1A8813005B009B18DB0008331A0021
:1024F000854BD3181A1DBB1D1B889900854BCB1823
:102500001278D2B21A70012308E1BB1D1A88130099
:102510005B009B18DB0008331A007B4BD318043395
:102520001B785AB2BB1D19887A4B8900CB585BB215
:102530009A4200D1DDE0BB1D1A8813005B009B1896
:10254000DB0008331A00704BD3181A1DBB1D1B8803
:102550009900704BCB18127852B21A700123DDE04B
:10256000BB1D1A8813005B009B18DB0008331A00A0
:10257000654BD31804331B889AB2BB1D1988654B71
:102580008900CB589BB29A4200D1B4E0BB1D1A8897
:1025900013005B009B18DB0008331A005A4BD3185A
:1025A0001A1DBB1D1B8899005A4BCB18128892B27A
:1025B0001A800123B2E0BB1D1A8813005B009B1830
:1025C000DB0008331A00504BD31804331B889AB22F
:1025D000BB1D19884F4B8900CB589BB29A4200D142
:1025E0008BE0BB1D1A8813005B009B18DB000833CF
:1025F0001A00454BD31804331B8899B2BB1D1B88A6
:102600009A00444BD3180AB21A80012386E0BB1DFE
:102610001A883D4913005B009B18DB00CB180C3374
:102620001A68BB1D19883B4B8900CB589A4266D06B
:10263000BB1D1A88BB1D1888334913005B009B180B
:10264000DB00CB180C331968324B8200D1500123C8
:1026500064E0BB1D1A882C4913005B009B18DB004B
:10266000CB180C331A68BB1D19882A4B8900CB582C
:102670009A4246D0BB1D1A88BB1D188822491300F8
:102680005B009B18DB00CB180C331968214B8200D0
:10269000D150012342E0BB1D1A8813005B009B1838
:1026A000DB0010331A00184BD31804331A68BB1D13
:1026B0001B889900174BCB181B689A422CD0BB1D66
:1026C0001A8813005B009B18DB0010331A000E4BB6
:1026D000D3181A1DBB1D1B8899000E4BCB1812680E
:1026E0001A6001231AE0C04617E0C04615E0C04654
:1026F00013E0C04611E0C0460FE0C0460DE0C04602
:102700000BE0C04609E0C04634490020C84D03082C
:10271000344E0020944C0020C04600231800BD46D3
:1027200004B080BDB0B586B002AF02003960BB1DF9
:102730001A8002E00A2004F025FD254B1B78002BAF
:10274000F8D0BB1D1B88234A5B01D3180C331B78C0
:10275000002B1BD0204B1B78002B17D0BB1D1B88D8
:102760001C4A5B01D31804331C68BB1D1B88194A23
:102770005B01D3180C331B781A0018491848194B01
:102780000093130022001AF067FB0BE0BB1D1B88AF
:10279000104A5B01D31804331A68124B12491048CF
:1027A0001AF05AFB0F257C190D493B68332218009B
:1027B0000CF0B8FC030023707B191B78002B01D0B0
:1027C000FF2300E000231800BD4604B0B0BDC046A2
:1027D000894C0020F4470020CC010020F44D030870
:1027E000704C0020FC4D0308044E0308F0B5A5B062
:1027F00002AFF86008007A6019000B23FB18021C76
:102800001A700A23FB180A1C1A708723FB1800226F
:102810001A7000238022BA1813606C23FB18CA4A6E
:10282000116819609188998092799A715823FB18E0
:10283000C64A13CA13C311681960918899809279A6
:102840009A713C23FB18C24A13CA13C313CA13C399
:102850001188198092789A701423FB18BD4A13CA04
:1028600013C313CA13C313CA13C312681A60102305
:10287000FB18B94A1188198092789A707F23FB1847
:1028800000221A707E23FB1800221A707D23FB1889
:1028900000221A707C23FB1800221A7002E00A2022
:1028A00004F070FCAD4B1B78002BF8D07F23FB1895
:1028B00000221A703EE07F217B181B78A84A5B013A
:1028C000D3180D331B78002B17D0A64B1B78002B89
:1028D00013D07B181B78A24A5B01D31804331C6801
:1028E0007B181B789E4A5B01D3180D331B789E49D9
:1028F0009E4822001AF0B0FA0CE07F23FB181B78E8
:10290000974A5B01D31804331A689949974B18000A
:102910001AF0A2FAFA68954B11001800EDF7F4FBD3
:10292000031E01D102231CE37F217B181A787B1838
:1029300001321A707F23FB181B78092BBBD90B229D
:10294000BB181B78012B03D0BB181B78022B23D19B
:102950000A22BB181B78012B07D0BB181B78022B4F
:1029600003D0BB181B78032B16D1982208215318CB
:10297000DB191B78002B09D05318DB191B78012BAE
:1029800004D05318DB191B78022B05D179497868DC
:10299000EDF7BAFD031E01D00323E2E27F23FB180B
:1029A00000221A70D6E27F23FB181B786C4A5B0169
:1029B000D31804331B68002B00D0C5E2694B1B7889
:1029C000002B00D197E0FB685F2118001AF0D8FABD
:1029D00003008022BA18136014E080217B181A6863
:1029E000FB68D31ADAB27C23FB1801321A700C0090
:1029F0007B181B6801335F2118001AF0C1FA03002D
:102A00003A19136080217B181B68002BE5D17C22CA
:102A1000BB181B78002B45D0BB181B78FA68D3185D
:102A20007A1813607B181B681800EDF777FB02001B
:102A30007D23FB181A702EE080203B181B681B7842
:102A40002F2B23D93B181B681B78392B1ED83B181A
:102A50001B681B78303BDBB27D243A191278013AAF
:102A6000102179188A5C5343D9B27E22BB18BA1858
:102A700012788A181A703B181B6801333A181360D1
:102A80003B191A783B19013A1A7004E07E23FB18AF
:102A900000221A7013E08023FB181B681B78002BA0
:102AA000CAD10CE07E23FB1800221A707F23FB188A
:102AB0001B782B4A5B01D3180D3300221A707E213C
:102AC0007B181B78002B0ED08723FB1801221A706D
:102AD0007F23FB181B78224A5B01D3180D337A1829
:102AE00012781A7007E07C23FB1800221A708723E3
:102AF000FB1800221A70204BFA6820491B481AF074
:102B0000ABF97B257C1919491D4B072218000CF0E5
:102B100009FB03002370134B1B7801225340DBB2E7
:102B2000002B05D07B191B78082B01D1022318E25A
:102B30007B22BB181B78002B24D0BB181B78082BDA
:102B400020D004230DE2C046184E0308204E03088F
:102B5000344E0308504E0308784E0308894C002079
:102B6000F4470020CC0100200C4E0308704C0020DC
:102B7000144E030800007A44FC4D0308044E030879
:102B8000C0370020E64B1B78002B00D188E07B2368
:102B9000FB181B78082B00D082E07E23FB18002254
:102BA0001A70E04B1922002118001AF0D4F987237B
:102BB000FB181B7801225340DBB2002B10D07E2182
:102BC0007B181A787B1801321A707B181C78FA6807
:102BD000D549D448D54B009323001AF03DF92EE097
:102BE0007C23FB181B785A1EF968CE4B18001AF08C
:102BF000E6F97E23FB181B78002B0FD1C94B180078
:102C0000EDF78CFA03001A00C64BD218C74B100020
:102C1000190005231A001AF0C6FA0AE07E23FB18F1
:102C20001C78C04AC049BF48C04B009323001AF02B
:102C300013F97E217B181A787B1801321A707B25D4
:102C40007C19B849BA4B072218000CF06BFA030044
:102C500023707B191B78082B04D17E23FB181B786B
:102C6000FF2B9ED17E23FB181B78FF2B06D17B23E5
:102C7000FB181B78082B01D1022372E17B23FB1880
:102C80001B78002B01D004236BE18723FB181B78F2
:102C9000002B05D07E217B181A787B18013A1A7018
:102CA0009F4B1B78002B31D07C257B191B78002B88
:102CB0002CD07B191A787F26BB191C78100018F0CD
:102CC000C9FC030019009B4A6301D318043319603F
:102CD00034003B191B78974A5B01D31804331868FA
:102CE0007B191B781A0000211AF035F93B191B7863
:102CF000904A5B01D318043318687B191B78013B99
:102D00001A00884B19001AF05AF934E0FB681800D1
:102D1000EDF704FA02007D257B191A707B191B78E8
:102D200001331A007F26BB191C78100018F092FCA2
:102D3000030019007F4A6301D3180433196034007B
:102D40003B191B787B4A5B01D318043318687B1945
:102D50001B7801331A0000211AF0FDF83B191B788B
:102D6000744A5B01D318043318687B191A78FB681E
:102D700019001AF024F97F217B181B786D4A5B013A
:102D8000D3180C337E22BA1812781A7008007B18F8
:102D90001A78684B52010B2179180978D154010037
:102DA0007B181B78634A5B01D3181C337A681A605E
:102DB0007B181B785F4A5B01D31801330A22BA18CB
:102DC00012781A707B181B785A4A5B01D3189A1C28
:102DD000982308201B18DB191B7813707B181B78AD
:102DE000544A5B01D31808339C221218D219126876
:102DF0001A60642018F02EFC03007B677B6F64224E
:102E0000002118001AF0A7F84B4B1B881A0013007A
:102E10005B009B185B00494A9B181422B918786F15
:102E2000019300230093042300221AF015F87B6F0E
:102E30001800EDF773F902007B257C19404B796F80
:102E40003B480CF027FD030023703E4B1B78002B02
:102E50001AD003F0D5FFF3F7EFFB0400F3F71AFCE9
:102E600003006C22B918786F220019F0F5FF7B6F10
:102E70001800EDF753F902007C19314B796F2C489B
:102E80000CF008FD030023700B23FB181B78012BAB
:102E900018D17868F0F7D2F802000B003C217918BD
:102EA000786F19F0D9FF7B6F1800EDF737F9020042
:102EB0007B23FC18224B796F1D480CF0EBFC0300C0
:102EC00023700FE00B23FB181B78022B0AD17B2306
:102ED000FC181B4B5822B918154812220CF0DAFCCA
:102EE000030023709C250826AB19DB191B6818000A
:102EF000EDF714F902007B23FC18114BA919C9192D
:102F000009680B480CF0C6FC03002370084B18003E
:102F10000CF01FFF7B6F180018F0A6FB002320E0C9
:102F2000CC010020704C0020F44D0308FC4D030838
:102F3000C0370020F44700207A000020781C0308E6
:102F4000904C0020084C00207F217B181A787B18B9
:102F500001321A707F23FB181B78092B00D822E559
:102F600005231800BD4623B0F0BDC04690B587B01C
:102F700000AFF8607A603B600B23FB180A1C1A70E4
:102F80001723FB1800221A7016217B1800221A70D2
:102F90007B1800221A7010E116217B181B788C4ACE
:102FA0005B01D3180D331B78002B17D0894B1B788E
:102FB000002B13D07B181B78854A5B01D318043390
:102FC0001C687B181B78824A5B01D3180D331B7871
:102FD00081498248220019F03FFF0CE01623FB18BC
:102FE0001B787B4A5B01D31804331A687C497B4BFE
:102FF000180019F031FFFA68784B11001800EDF74E
:1030000083F8031E00D0D2E01723FB1800221A70A9
:10301000C5E017203B181A78724913005B009B1813
:10302000DB005B5C002B00D0B3E03B181A786D49E5
:1030300013005B009B18DB000B203A1812785A54DF
:103040003B181B78032B23D97A6880231B059A42EF
:103050001ED3654B1B689B02644A134080221205F5
:103060009A187B689A4213D37A6880239B059A4208
:1030700003D37B685E4A93420AD97A688023DB05D2
:103080009A4203D37B685B4A934201D90A239BE0AF
:103090000B23FB181B78032B0CD91723FB181A786A
:1030A000504913005B009B18DB00CB1810337A6883
:1030B0001A600BE01723FB181A7879684948130047
:1030C0005B009B18DB00C3180C33196017243B19F5
:1030D0001A78444913005B009B18DB00CB180833B7
:1030E00016203A1812781A703B191A783D491300C5
:1030F0005B009B18DB00CB1804333A681A600400AD
:103100003B181B789BB23C4A11001800FFF70AFBE2
:103110003B191B782E4A5B01D31801331B78012B16
:1031200006D1364B3649344801220CF0B3FB20E07F
:103130001623FB181B78264A5B01D31801331B7832
:10314000022B06D12D4B2F492B4801220CF0A2FB5C
:103150000FE01623FB181B781D4A5B01D3180133BF
:103160001B78032B05D1254B2749234801220CF05E
:1031700091FB3B681800ECF7D1FF02001F4B396848
:103180001D480CF087FB1C4B18000CF0E2FD0023DF
:103190001AE017217B181A787B1801321A7017234E
:1031A000FB181B781D2B00D833E706230CE01621F3
:1031B0007B181A787B1801321A701623FB181B78BB
:1031C000092B00D8E8E607231800BD4607B090BDDC
:1031D000F4470020CC0100200C4E0308704C002066
:1031E000144E030834490020E075FF1F00FC0F0057
:1031F00000900020FF170048C0370020904C0020AE
:10320000F84C0308FC4C0308004D0308B0B584B02B
:1032100000AF78600F217B1800221A707B18002203
:103220001A7073E00F217B181B783D4A5B01D3189D
:103230000D331B78002B17D03A4B1B78002B13D083
:103240007B181B78364A5B01D31804331C687B1843
:103250001B78334A5B01D3180D331B78324933484E
:10326000220019F0F9FD0CE00F23FB181B782C4A03
:103270005B01D31804331A682D492C4B180019F040
:10328000EBFD7A68294B11001800ECF73DFF031E97
:1032900036D10F217B181B7801229A4013001AB2F5
:1032A000244B1B881BB213431BB29AB2214B1A80CA
:1032B0000D007B181C7811F067F80100184A6301B3
:1032C000D3181033196029007B181B78144A5B014E
:1032D000D318183301221A607B181B789BB2164A48
:1032E00011001800FFF71EFA144B1549124802226C
:1032F0000CF0D0FA104B18000CF02BFD00230BE063
:103300000F217B181A787B1801321A700F23FB18D3
:103310001B78092B86D907231800BD4604B0B0BD21
:10332000F4470020CC0100200C4E0308704C002014
:10333000144E03088C4C0020C0370020904C002015
:103340007C4E030890B585B000AF78600F217B18E4
:1033500000221A707B1800221A7062E00F217B187D
:103360001B78DBB2344A5B01D3180D331B78002B7A
:1033700019D0324B1B78002B15D07B181B78DBB291
:103380002D4A5B01D31804331C687B181B78DBB211
:10339000294A5B01D3180D331B782949294822009B
:1033A00019F05AFD0DE00F23FB181B78DBB2224AFF
:1033B0005B01D31804331A682349224B180019F013
:1033C0004BFD7A681F4B11001800ECF79DFE031EA1
:1033D0001FD11E4B1B881A000F217B181B78DBB2F4
:1033E0001A4113000122134011D07B181B78DBB265
:1033F0001A0001239340DB431BB2144A128812B215
:1034000013401BB29AB2114B1A80002310E008231C
:103410000EE00F217B181B78DBB20133DAB27B1888
:103420001A700F23FB181B78DBB2092B96D90723E0
:103430001800BD4605B090BDF4470020CC01002027
:103440000C4E0308704C0020144E03088C4C0020D6
:1034500090B585B000AF78600F217B1800221A70FC
:103460007B1800221A705BE00F217B181B78314A11
:103470005B01D3180D331B78002B17D02E4B1B7814
:10348000002B13D07B181B782A4A5B01D318043316
:103490001C687B181B78274A5B01D3180D331B78F7
:1034A00026492748220019F0D7FC0CE00F23FB180F
:1034B0001B78204A5B01D31804331A682149204B3A
:1034C000180019F0C9FC7A681D4B11001800ECF7C0
:1034D0001BFE031E1ED11C4B1B881A000F217B18DC
:1034E0001B781A4113000122134011D07B181B785E
:1034F00001229A4013001BB2DB431BB2124A12880E
:1035000012B213401BB29AB20F4B1A8000230DE087
:1035100008230BE00F217B181A787B1801321A70F0
:103520000F23FB181B78092B9ED907231800BD46D3
:1035300005B090BDF4470020CC0100200C4E0308DC
:10354000704C0020144E03088C4C002090B585B0C0
:1035500000AF78600F217B1800221A707B180022C0
:103560001A704DE00F217B181B782A4A5B01D31893
:103570000D331B78002B17D0274B1B78002B13D053
:103580007B181B78234A5B01D31804331C687B1813
:103590001B78204A5B01D3180D331B781F49204844
:1035A000220019F059FC0CE00F23FB181B78194A74
:1035B0005B01D31804331A681A49194B180019F023
:1035C0004BFC7A68164B11001800ECF79DFD031EAA
:1035D00010D10F23FB181B7801229A4013001AB256
:1035E000114B1B881BB213431BB29AB20E4B1A80AD
:1035F00000230BE00F217B181A787B1801321A7018
:103600000F23FB181B78092BACD907231800BD46E4
:1036100005B090BDF4470020CC0100200C4E0308FB
:10362000704C0020144E03088C4C0020F0B593B071
:1036300000AFF8607A600B257B190A1C1A704726C8
:10364000BB19FF221A703023FB1800221A600433C2
:1036500010220021180019F07EFC10243B190022D2
:103660001A6004331A220021180019F074FC2A4948
:103670002A4B002218000BF0EDFC03001A00284B27
:103680001A707B191B78002B15D17B68FA682549C5
:10369000381919F0E1FB3B1918000CF0DAFE0300B1
:1036A0001A001F4B1A701E4B1B78002B2DD1BB1913
:1036B00000221A7029E00B23FB181B78012B24D160
:1036C0007B68FA6817491024381919F0C5FB3919B5
:1036D000154B122218000BF025FD03001A00104BA9
:1036E0001A70114B18000CF0EBFD03001A000C4B84
:1036F0001A700D4B18000CF02CFB094B1B78002B9B
:1037000003D14723FB1800221A704723FB181B78AC
:103710001800BD4613B0F0BDD84C03088427002024
:10372000F0470020804E0308C0370020F0B58BB072
:1037300002AFF860B9607A601F257C195449554B77
:103740000B2218000BF0EEFC030023707B191B7892
:10375000002B08D0504B1A68FB681100180019F0B4
:103760001AFD00238FE04D4B1C784D4B1D684C4BD0
:103770001B681800ECF7D2FC03009AB20A230093EE
:103780000A232900200004F0EDF81F257C19454B81
:103790004549404808220CF07DF8030023707B194E
:1037A0001B78002B08D03C4B1A68FB6811001800EE
:1037B00019F0F1FC002366E014257B1900221A6041
:1037C000043306220021180019F0C5FB1F26BC197E
:1037D000304B002118000CF0F5FA03002370BC19DF
:1037E000304B79192B4808220BF0C2FE03002370DE
:1037F000BB191B78002B07D12B497B190822180015
:1038000019F0CCFB031E08D0234B1A68FB6811008B
:10381000180019F0C0FC002335E0204B1C78234B26
:103820001D68224B1B681800ECF778FC03009AB265
:103830000A2300930A232900200004F093F81F258F
:103840007C19144B18000CF084FA030023707C19C7
:103850000F4B18000CF0FDFD030023707B191B7843
:10386000002B08D00C4B1A68FB681100180019F0E7
:1038700092FC002307E00E4B1A68FB681100180049
:1038800019F089FC00231800BD4609B0F0BDC04600
:10389000944E0308C0370020D0010020D00A002039
:1038A000D4010020904C0020A04E0308D801002035
:1038B000DC010020B0B596B002AFF860B9607A6064
:1038C0004F243B1900221A7000237B6200233B62C5
:1038D0000023FB610023BB6100237B6100233B616C
:1038E0002423FA187B68012118000DF057FB030010
:1038F000BB642023FA187B68022118000DF04EFBF0
:1039000003007B641C23FA187B68032118000DF068
:1039100045FB03003B641823FA187B680421180058
:103920000DF03CFB0300FB631423FA187B680521B0
:1039300018000DF033FB0300BB631023FA187B68FB
:10394000062118000DF02AFB03007B637B6A1A0036
:10395000BB6C9B1800221A70BB6C1800ECF7DEFBE6
:1039600003000133180017F075FE03003B63BB6CC6
:103970001800ECF7D3FB03005A1C3B6B0021180026
:1039800019F0E9FA3B6B002B03D13B1909221A709D
:1039900005E0BA6C3B6B1100180019F0FCFB3B6AA8
:1039A0001A009A497B6C180019F0F8FA031E04D12A
:1039B0004E23FB1801221A7011E03B6A1A00944949
:1039C0007B6C180019F0EAFA031E04D14E23FB1891
:1039D00002221A7003E04F23FB1803221A703B6C7B
:1039E000180017F025FE02000B0010001900EFF779
:1039F0006DFB031CFB620021F86AECF771FD031EEE
:103A000005D18449F86AECF77FFD031E03D04F23EC
:103A1000FB1803221A70BB691A007F49FB6B180060
:103A200019F0BCFA031E04D14D23FB1801221A70B1
:103A30001FE0BB691A007949FB6B180019F0AEFA58
:103A4000031E04D14D23FB1802221A7011E0BB693A
:103A50001A007349FB6B180019F0A0FA031E04D179
:103A60004D23FB1803221A7003E04F23FB18032297
:103A70001A707B691A006B49BB6B180019F08EFA3B
:103A8000031E04D14C23FB1801221A701FE07B692E
:103A90001A006549BB6B180019F080FA031E04D1A7
:103AA0004C23FB1802221A7011E07B691A005F494F
:103AB000BB6B180019F072FA031E04D14C23FB18DB
:103AC00000221A7003E04F23FB1803221A703B698F
:103AD0001A007B6B9B1800221A707B6B1800ECF7A6
:103AE0001DFB03000133180017F0B4FD0300BB6297
:103AF0007B6B1800ECF712FB03005A1CBB6A002119
:103B0000180019F028FABB6A002B04D14F23FB18C8
:103B100009221A7005E07A6BBB6A1100180019F0CF
:103B20003AFB4F22BB181B78002B14D1BC184D2335
:103B3000FB181D78FA6A4E23FB181978386BBB6A9C
:103B400001934C23FB181B7800932B00FEF74EFECD
:103B50000300237003E0BB6A180017F085FD3B6B80
:103B6000180017F081FD4F23FB181B78002B07D19D
:103B70002F4B1A68FB681100180019F00CFB3FE08E
:103B80004F23FB181B78032B07D12A4B1A68FB68BD
:103B90001100180019F0FFFA32E04F23FB181B78D0
:103BA000022B07D1244B1A68FB681100180019F08A
:103BB000F2FA25E04F23FB181B78042B07D11F4B8B
:103BC0001A68FB681100180019F0E5FA18E04F2395
:103BD000FB181B78052B07D1194B1A68FB681100DD
:103BE000180019F0D8FA0BE04F23FB181B78092BAB
:103BF00006D1144B1A68FB681100180019F0CBFAB3
:103C000000231800BD4614B0B0BDC046AC4E03083A
:103C1000B44E030800007A44BC4E0308C44E0308A7
:103C2000C84E0308D04E0308D84E0308E04E0308E0
:103C3000E0010020E4010020E8010020EC01002068
:103C4000F0010020F401002090B58DB000AFF860C5
:103C5000B9607A602F23FB1800221A700023FB61E1
:103C60000023BB6100237B611C23FA187B680121C0
:103C700018000DF093F90300BB621823FA187B6853
:103C8000022118000DF08AF903007B621423FA1850
:103C90007B68032118000DF081F903003B62FB698A
:103CA0001A00BB6A9B1800221A70BB691A003149BE
:103CB0007B6A180019F072F9031E04D12E23FB1839
:103CC00000221A7011E0BB691A002B497B6A1800A8
:103CD00019F064F9031E04D12E23FB1801221A7077
:103CE00003E02F23FB1803221A702F22BB181B7826
:103CF000002B0AD1BC183A6A2E23FB181978BB6A2C
:103D00001800FFF793FC030023702F23FB181B7888
:103D1000002B0CD12E23FB181B78002B07D1174B3F
:103D20001A68FB681100180019F035FA1DE02F23FE
:103D3000FB181B78002B0CD12E23FB181B78012BB2
:103D400007D10F4B1A68FB681100180019F023FA0D
:103D50000BE02F23FB181B78032B06D1094B1A68A5
:103D6000FB681100180019F016FA00231800BD4670
:103D70000DB090BDE84E0308EC4E0308F80100209A
:103D8000FC01002000020020B0B592B000AFF86046
:103D9000B9607A604723FB1800221A700023BB62C7
:103DA00000237B6200233B620023FB610023BB6195
:103DB0002823FA187B68012118000DF0EFF80300A2
:103DC0003B642423FA187B68022118000DF0E6F802
:103DD0000300FB632023FA187B68032118000DF011
:103DE000DDF80300BB631C23FA187B68042118006C
:103DF0000DF0D4F803007B631823FA187B680521C3
:103E000018000DF0CBF803003B63BB6A1A003B6C53
:103E10009B1800221A707B6A1A00BE49FB6B1800BF
:103E200019F0BCF8031E2ED13B6A1A00BA49BB6BCD
:103E3000180019F0B3F8031E04D14623FB18012221
:103E40001A7095E03B6A1A00B449BB6B180019F070
:103E5000A5F8031E04D14623FB1802221A7087E03E
:103E60003B6A1A00AE49BB6B180019F097F8031EA5
:103E700004D14623FB1803221A7079E04723FB186C
:103E800003221A7074E07B6A1A00A649FB6B1800C3
:103E900019F084F8031E00D066E03B6A1A00A249BC
:103EA000BB6B180019F07AF8031E04D14623FB18E7
:103EB00004221A705CE03B6A1A009C49BB6B180034
:103EC00019F06CF8031E04D14623FB1805221A7062
:103ED0004EE03B6A1A009649BB6B180019F05EF879
:103EE000031E04D14623FB1806221A7040E03B6AE9
:103EF0001A009049BB6B180019F050F8031E04D14A
:103F00004623FB1807221A7032E03B6A1A008A49DE
:103F1000BB6B180019F042F8031E04D14623FB18AE
:103F200008221A7024E03B6A1A008449BB6B18000F
:103F300019F034F8031E04D14623FB1809221A7025
:103F400016E03B6A1A007E49BB6B180019F026F890
:103F5000031E04D14623FB180A221A7008E04723E7
:103F6000FB1803221A7003E04723FB1803221A7080
:103F70004623FB181B78032B0DD17B6B1B785BB2A0
:103F8000622B08D17B6B0133180017F05CFB030038
:103F9000DBB27B612BE04622BB181B78012B03D0E0
:103FA000BB181B78022B0DD17B6B1B785BB2702B7F
:103FB00008D17B6B0133180017F045FB0300DBB21F
:103FC0007B6114E05F497B6B0222180018F0E6FF6A
:103FD000031E08D17B6B10220021180018F06CFE24
:103FE00003007B6103E04723FB1803221A70BB69BF
:103FF0001A003B6B9B1800221A703B6B1800ECF701
:104000008DF803000133180017F024FB0300FB6256
:104010003B6B1800ECF782F803005A1CFB6A002186
:10402000180018F098FFFB6A002B04D14723FB18F7
:1040300009221A7005E03A6BFB6A1100180019F0AA
:10404000AAF84722BB181B78002B0DD1BC18FD6ABB
:104050001423FA184623FB181978386C2B00FEF746
:1040600085FF0300237003E0FB6A180017F0FCFAD9
:104070004723FB181B78002B07D1334B1A68FB68CA
:104080001100180019F087F83FE04723FB181B7850
:10409000032B07D12D4B1A68FB681100180019F08B
:1040A0007AF832E04723FB181B78072B07D1284BFF
:1040B0001A68FB681100180019F06DF825E0472315
:1040C000FB181B78092B07D1224B1A68FB681100DB
:1040D000180019F060F818E04723FB181B78062B2E
:1040E00007D11D4B1A68FB681100180019F053F82E
:1040F0000BE04723FB181B780A2B06D1174B1A68D5
:10410000FB681100180019F046F800231800BD469E
:1041100012B0B0BDF84E0308004F0308084F030863
:10412000104F0308184F0308204F0308284F0308B7
:10413000304F0308384F0308404F0308484F030827
:10414000504F0308584F03080402002008020020C3
:104150000C0200201002002014020020180200208F
:1041600090B589B000AFF860B9607A601F243B1940
:1041700000221A7000237B611423FA187B68012146
:1041800018000CF00BFF0300BB613B191B78002BE0
:1041900006D13C19BB691800FFF738F803002370FB
:1041A0001F23FB181B78002B07D10C4B1968BA6929
:1041B000FB68180018F050FE0BE01F23FB181B785B
:1041C000072B06D1064B1A68FB681100180018F07F
:1041D000E2FF00231800BD4609B090BD1C0200207C
:1041E0002002002090B589B000AFF860B9607A6015
:1041F0001F243B1900221A7000237B611423FA1834
:104200007B68012118000CF0C9FE0300BB613B195B
:104210001B78002B06D13C19BB691800FFF792F8F8
:10422000030023701F23FB181B78002B07D1134BAF
:104230001968BA69FB68180018F00EFE18E01F2311
:10424000FB181B78082B07D10D4B1968BA69FB685E
:10425000180018F001FE0BE01F23FB181B78072B3A
:1042600006D1084B1A68FB681100180018F093FF7C
:1042700000231800BD4609B090BDC04624020020AE
:10428000280200202C02002090B589B000AFF86011
:10429000B9607A601F243B1900221A7000237B61E9
:1042A0001423FA187B68012118000CF077FE030034
:1042B000BB613B191B78002B06D13C19BB69180068
:1042C000FFF7C6F8030023701F23FB181B78002B91
:1042D00007D1134B1968BA69FB68180018F0BCFDC8
:1042E00018E01F23FB181B78082B07D10D4B19680A
:1042F000BA69FB68180018F0AFFD0BE01F23FB182C
:104300001B78072B06D1084B1A68FB6811001800B0
:1043100018F041FF00231800BD4609B090BDC0460B
:1043200030020020340200203802002090B589B00D
:1043300000AFF860B9607A601F243B1900221A7040
:1043400000237B611423FA187B68012118000CF00C
:1043500025FE0300BB613B191B78002B06D13C19DD
:10436000BB691800FFF7F2F8030023701F23FB1846
:104370001B78002B07D10C4B1968BA69FB68180031
:1043800018F06AFD0BE01F23FB181B78072B06D1E2
:10439000064B1A68FB681100180018F0FCFE002399
:1043A0001800BD4609B090BD3C020020400200202C
:1043B00080B582B000AF1A4B9A6B194B01210A43AA
:1043C0009A63174B9B6B012213407B607B68144BF5
:1043D0009A6B134B02210A439A63114B9B6B022287
:1043E00013403B603B6800220021092010F0F8FFD9
:1043F000092011F00AF8002200210A2010F0F0FF35
:104400000A2011F002F8002200210B2010F0E8FF32
:104410000B2010F0FAFFC046BD4602B080BDC0467A
:104420000010024080B582B000AFFB1D00221A7060
:10443000324B5B78002B0ED1314B1A68314B110097
:10444000180000F069F8031E05D0FB1DFF221A704A
:10445000FB1D1B784DE0294B9B78002B0ED1284B80
:104460005A68294B1100180000F056F8031E05D0B9
:10447000FB1DFF221A70FB1D1B783AE01F4BDB78F7
:10448000002B0ED11E4B9A68204B1100180000F033
:1044900043F8031E05D0FB1DFF221A70FB1D1B787D
:1044A00027E0164B1B79002B0ED1154BDA68184B01
:1044B0001100180000F030F8031E05D0FB1DFF228C
:1044C0001A70FB1D1B7814E00C4B5B79002B0ED18E
:1044D0000B4B1A690F4B1100180000F01DF8031E5A
:1044E00005D0FB1DFF221A70FB1D1B7801E0FB1D90
:1044F0001B781800BD4602B080BDC046E00A00200F
:104500006C4D0020C8250020A02400203425002068
:104510000C2400205C26002090B585B000AF7860A8
:1045200039600F243B1900221A707B681800FDF7D0
:104530006BFA03005A1E13005B009B189B010F4A85
:1045400099187B68C022180016F0D8FE031E05D00B
:104550003B19FF221A703B191B780AE03B681B6865
:104560001A683B681B6804218A431A600F23FB18F2
:104570001B781800BD4605B090BDC04650160020FF
:10458000F0B587B000AFF860B960BB1D1A80172581
:104590007B1900221A701626BC19FB681800FDF75B
:1045A00033FA030023701523FC18BB681800FDF7CD
:1045B0002BFA03002370BB191B785A1E294B92005B
:1045C000D3583B611523FB181B78002B27D1FB68C0
:1045D0001800FDF719FA0300013B234A0021D154CA
:1045E00080239A00214B0021180018F0B4FCBB1D59
:1045F0001A881E49FB68180016F080FE031E05D0BD
:104600007B19FF221A707B191B7826E03B691B6817
:104610001A683B691B6804218A431A601AE0BB6868
:104620001B6828331900BB1D1A88FB68180016F098
:1046300065FE031E06D017217B18FF221A707B1817
:104640001B780AE03B691B681A683B691B680421F8
:104650008A431A601723FB181B781800BD4607B061
:10466000F0BDC0466C4D0020F4210020300C00202D
:1046700090B587B000AF0200FB1D1A7017243B19DC
:1046800000221A70FB1D1B78180003F021FA0300AA
:104690003B61FB1D1B785A1E174B9200D358FB60E1
:1046A0003B69180014F07AFF031E05D03B19FF2266
:1046B0001A703B191B781AE0FB681B6800225A60CD
:1046C000FB1D1B780D4AD35C022B0DD1FB1D1B7803
:1046D0005A1E0B4B92000021D150FB1D1B785A1E15
:1046E000084B92000021D1501723FB181B781800AB
:1046F000BD4607B090BDC0466C4D0020E00A0020CA
:10470000241A0020381A002090B585B000AF0200AE
:10471000FB1D1A700F243B1900221A70FB1D1B7819
:104720001800FFF7A5FF031E05D03B19FF221A70E2
:104730003B191B780DE0FB1D1B78180003F0C8F92E
:104740000300BB60BB68180002F07EFE0F23FB185D
:104750001B781800BD4605B090BD000090B585B02F
:1047600000AF0200FB1D1A700F243B1900221A70C3
:10477000FB1D1B781800FFF77BFF031E05D03B19BC
:10478000FF221A703B191B7840E0FB1D1B781800B4
:1047900003F09EF90300BB60BB68180002F054FEF2
:1047A000FB1D1B785A1E1B4B9200D3589B6A1800A6
:1047B000FDF72AF903001A00174B00219954FB1D3D
:1047C0001B785A1E154B92000021D150FB1D1B78FF
:1047D000013B134A0021D154FB1D1B78180003F044
:1047E00077F9FB1D1B785A1E0A4B9200D35819000B
:1047F000FFF792FE031E06D00F217B18FF221A70CE
:104800007B181B7802E00F23FB181B781800BD46AD
:1048100005B090BD6C4D0020E00A0020101A002069
:10482000F421002080B500AF0D4B0E4A1A600C4BEE
:104830001022DA600A4B00225A71094B00221A71C9
:10484000074B00225A61064B00229A61044B032257
:104850001A62034B180010F0F5FDC046BD4680BD3E
:10486000844D00200030024080B584B000AF7860F5
:10487000084B9A6B074B802149010A439A63054B09
:104880009A6B80235B011340FB60FB68C046BD460A
:1048900004B080BD0010024080B586B000AF7860E3
:1048A0000A00BB1C1A800823FB1800221A607B68D0
:1048B000002B00D192E0BB1C1B88002B00D18DE0A7
:1048C000BB1C1B88032B33D81623FB1800221A703D
:1048D00000233B611BE01622BB181B78BA18591C39
:1048E00011701A007B689B1819780823FA183B6925
:1048F000D3180A1C1A70BB1CBA1C1288013A1A8001
:10490000BB1C1B88002B06D03B6901333B613B6914
:10491000032BE0DD00E0C0460823F918324B0122EA
:10492000180010F03CFE02001723FB181A7051E02B
:10493000BB1C1B889B089BB21A0079682A4B180085
:1049400010F02DFE02001723FB181A70BB1C1B88E9
:10495000032213409BB2002B3CD0BB1C1B88DAB255
:104960001623FB1803218A431A70BB1CBA1C128839
:1049700003210A401A800023FB601BE01622BB18AB
:104980001B78BA18591C11701A007B689B1819788B
:104990000823FA18FB68D3180A1C1A70BB1CBA1C2F
:1049A0001288013A1A80BB1C1B88002B06D0FB68BA
:1049B0000133FB60FB68032BE0DD00E0C046082309
:1049C000F918094B0122180010F0A2FD020017236C
:1049D000FB181A701723FB181B7800E0002318003F
:1049E000BD4606B080BDC046844D002080B500AFF6
:1049F000BFF34F8FC046044B044ADA60BFF34F8FBA
:104A0000C046C046FDE7C04600ED00E00400FA05E0
:104A100090B583B000AFFB1D00221A703B1D002231
:104A20001A8011F009FB3C1D002003F095FA0300E9
:104A300023803B1D1B88022B07D03B1D1B880A2BA4
:104A400003D03B1D1B880C2B05D100F066F811F03C
:104A500017FBFFF7CBFF11F013FBFB1D1B781800B2
:104A6000BD4603B090BD90B585B000AF020039607F
:104A7000BB1D1A800F243B1900221A703A68BB1D17
:104A80001B881100180004F0F5FF031E05D03B1928
:104A90000A221A703B191B7802E00F23FB181B78BF
:104AA0001800BD4605B090BDB0B584B000AF02009F
:104AB000BB1D1A803B1D0A1C1A800F23FB18002205
:104AC0001A700C257B1900221A8011F0B5FA7C1996
:104AD0003B1D1A88BB1D1B881100180004F0FAFF4B
:104AE000030023807B191A8880235B009A4202D13D
:104AF00005F014F808E00C23FB181B88002B03D0EA
:104B000011F0BEFA0A2304E011F0BAFA0F23FB18E1
:104B10001B781800BD4604B0B0BD80B582B000AFB0
:104B2000FB1D00221A7011F087FA002004F04EFEDF
:104B3000031E07D011F0A4FAFB1D0A221A70FB1DF8
:104B40001B7803E011F09CFAFB1D1B781800BD4692
:104B500002B080BD80B500AF074B1B68074A934287
:104B600006D0FFF7DAFF031E02D1034B034A1A6097
:104B7000C046BD4680BDC046F07F0020ADDEEFBE22
:104B800080B586B000AF214B5A6B204B04210A43FD
:104B90005A631E4B5B6B042213407B617B691B4B8A
:104BA0005A6B1A4B01210A435A63184B5B6B012263
:104BB00013403B613B69154B5A6B144B08210A4368
:104BC0005A63124B5B6B08221340FB60FB680F4B70
:104BD0005A6B0E4B02210A435A630C4B5B6B022249
:104BE0001340BB60BB68094B5A6B084B20210A433A
:104BF0005A63064B5B6B202213407B607B6800F09E
:104C000007F8C046BD4606B080BDC0460010024051
:104C100080B586B000AF3B1D8022D2011A603B1DDB
:104C200001225A603B1D00229A603B1D0222DA607D
:104C30003B1D044A1900100011F062FBC046BD463E
:104C400006B080BD0004005090B589B000AF0C24C0
:104C50003B19180014231A00002118F07CF9214B8D
:104C60005A6B204B20210A435A631E4B5B6B202258
:104C70001340BB60BB681B4B5A6B1A4B01210A43A4
:104C80005A63184B5B6B012213407B607B68154BAA
:104C90005A6B144B02210A435A63124B5B6B02227C
:104CA00013403B603B6880239B000F4801221900A2
:104CB00011F087FD3B19802292001A603B190122F6
:104CC0005A603B1900229A603B190022DA603B19B6
:104CD000054A1900100011F013FBC046BD4609B08B
:104CE00090BDC0460010024000040050F0B593B0E3
:104CF00002AF534B5A6B524B01210A435A63504B3C
:104D00005B6B012213403B613B694D4B5A6B4C4B33
:104D100002210A435A634A4B5B6B02221340FB6039
:104D2000FB68474B5A6B464B04210A435A63444B7A
:104D30005B6B04221340BB60BB68414B5A6B404B1A
:104D400008210A435A633E4B5B6B082213407B6089
:104D50007B682423F8181A257A192823F9181823B0
:104D6000FB1800930300012000F06EF81C23F818D4
:104D70001623FA182023F9181426BB1900930300F0
:104D8000052000F061F82C217B1801225A607B1865
:104D900000229A607B191B881A007B181A60BB6A74
:104DA0001A000C007B181900100011F0A9FA21005C
:104DB0007B1800225A607B1802229A60BB191B885C
:104DC0001A007B181A60FB691A007B181900100082
:104DD00011F096FABB6A18007B191B880022190093
:104DE00011F0EFFC052002F0F1F9FB691A00BB1984
:104DF0001B881900100011F0C7FC031E17D1BB6AF5
:104E000018007B191B880122190011F0DAFC05201B
:104E100002F0DCF9FB691A00BB191B8819001000AD
:104E200011F0B2FC0300012B01D1012304E0054B7A
:104E3000012252421A6000231800BD4611B0F0BD95
:104E400000100240F07F002080B586B000AFB9604E
:104E50007A603B600F217B18021C1A701723FB1825
:104E600000221A707B181B78180002F031FE030034
:104E70003B613A69344B9A4210D1BB68A022D205FB
:104E80001A607B68802292001A803B68A022D205BB
:104E90001A603B6A8022D2001A804DE03A692B4B9F
:104EA0009A420ED1BB68A022D2051A607B68042208
:104EB0001A803B68A022D2051A603B6A08221A8039
:104EC0003AE03A69224B9A420ED1BB68214A1A60F5
:104ED0007B688022D2001A803B681E4A1A603B6AB7
:104EE000802212011A8027E03A691B4B9A420ED1A8
:104EF000BB68A022D2051A607B6801221A803B6839
:104F0000A022D2051A603B6A02221A8014E03A6994
:104F1000124B9A420CD1BB68114A1A607B68082276
:104F20001A803B680E4A1A603B6A04221A8003E02A
:104F30001723FB18FF221A701723FB181B78180081
:104F4000BD4606B080BDC0460C240020A024002031
:104F50003425002000040050C82500205C260020D5
:104F6000000C005080B500AF1D4B1E4A1A601C4B50
:104F7000802212065A601A4B00229A60184B0022B7
:104F8000DA60174B802212061A61154B04225A610F
:104F9000134B00221A76124B00225A76104B012234
:104FA0009A760F4B2022002199540D4B00225A6211
:104FB0000B4B00229A620A4B2C2200219954084B79
:104FC00000221A63064B18000FF08EFB031E01D05F
:104FD00000F062F8044B01221A70C046BD4680BD45
:104FE000644E0020002401404A4E002090B58BB052
:104FF00000AF786014243B19180014231A00002114
:1050000017F0A9FF214B1A6C204B802149030A435A
:105010001A641E4B1A6C80235B0313403B613B698F
:105020001A4B5A6B194B01210A435A63174B5B6B9E
:1050300001221340FB60FB68154B1B78012B10D13C
:105040003B190C221A603B1903225A603B190022BB
:105050009A603A19A023DB051100180011F050F9ED
:1050600010E014217B18C02212011A607B18032261
:105070005A607B1800229A607B18064A19001000BB
:1050800011F03EF9C046BD460BB090BD0010024085
:10509000484E00200004005080B500AF64200FF09F
:1050A0007DF9C046BD4680BD80B582B000AF786056
:1050B00039607B681B681F4A934209D11E4A3B68CE
:1050C00011001800EBF720F8031E01D11B4B2CE058
:1050D0007B681B68174A934209D1194A3B68110043
:1050E0001800EBF711F8031E01D1164B1DE07B6889
:1050F0001B68154A934209D10F4A3B6811001800FA
:10510000EBF702F8031E01D1104B0EE07B681B6821
:105110000D4A934209D10A4A3B6811001800EAF788
:10512000F3FF031E01D10A4BFFE71800BD4602B092
:1051300080BDC046004400403C5303080400000802
:10514000405303080800000C004800401000001005
:105150002000001480B582B000AF02003960FB1D52
:105160001A70FB1D1B78022B0BD1204A3B681100E3
:105170001800EAF7C9FF031E03D11D4B00221A7065
:105180002EE0FB1D1B78022B0BD11A4A3B68110045
:105190001800EAF7B9FF031E03D1154B01221A705C
:1051A0001EE0FB1D1B78032B0BD1104A3B6811003E
:1051B0001800EAF7A9FF031E03D10D4B02221A7053
:1051C0000EE0FB1D1B78032B0AD10A4A3B68110035
:1051D0001800EAF799FF031E02D1054B03221A704B
:1051E000034B1B781800BD4602B080BD3C5303083A
:1051F0004B4E00204053030890B587B002AF0F23F9
:10520000FB1800221A700E23FB1800221A700D23BF
:10521000FB1801221A7096E20D203B181A78CD492E
:1052200013005B009B18CB1801331B78002B00D1B7
:1052300083E2C94B1B7801225340DBB2002B07D01D
:105240003B181A78C34913005B009B1800225A547C
:105250003C1DBA1C0823F9180D23FB1818783B00D5
:1052600000932300FFF7F0FDBB681800BB1C1B88F0
:105270000022190011F0A5FA0A2001F083FF7B68D3
:105280001A003B001B881900100011F07DFA031E64
:1052900016D1BB681800BB1C1B880122190011F035
:1052A00090FA0A2001F06EFF7B681A003B001B8811
:1052B0000F217C181900100011F066FA030023700A
:1052C000BB681800BB1C1B880022190011F079FA7A
:1052D0000D23FB181A789F4913005B009B18CB180D
:1052E00001331B78042B44D057DC032B2DD054DC26
:1052F000012B02D0022B14D04FE00F23FB181B7898
:10530000012B04D10E23FB1804221A7047E00F234F
:10531000FB181B78002B42D10E23FB1803221A70B6
:105320003DE00F23FB181B78012B04D10E23FB1843
:1053300004221A7035E00F23FB181B78002B30D1A4
:105340000E23FB1803221A702BE00F23FB181B7887
:10535000012B04D10E23FB1802221A7023E00F2325
:10536000FB181B78002B1ED10E23FB1801221A708C
:1053700019E00F23FB181B78012B04D10E23FB1817
:1053800001221A7011E00F23FB181B78002B0CD19F
:105390000E23FB1802221A7007E0C04606E0C04642
:1053A00004E0C04602E0C04600E0C0460E22BB1842
:1053B0001B78042B03D0BB181B78022B19D10D21AD
:1053C0007B181A78654B9200D358654A934209D8E6
:1053D0007B181B78614A99008A58511C5F4A9B00D0
:1053E000995006E00D23FB181A785C4B92000021BF
:1053F000D1500E22BB181B78032B03D0BB181B788F
:10540000012B40D10D217B181A78564B9200D358AE
:10541000534A934209D87B181B78524A99008A58FC
:10542000511C504A9B00995006E00D23FB181A7836
:105430004C4B92000021D1504B4B1B78022B11D1C9
:105440000D217B181B78494AD25C494B5B799A4203
:1054500008D87B181B78454AD25C0132D1B2434A46
:10546000D15410E00D217B181B78404AD25C404B90
:105470005B799A4207D93C4B00221A707B181B7843
:105480003A4A0021D1540D217B181A78334B9200EF
:10549000D358374A1288934200D286E07B181A7894
:1054A0002E4B9200D358324A1288934208D17B186F
:1054B0001B782A4A99008A58511C284A9B00995007
:1054C0000D217B181A78274B9200D358284A12884E
:1054D000934205D97B181A78224B92000021D150B3
:1054E0000D217B181A781D4B9200D358204A528800
:1054F00093423FD97B181A78184B9200D258FA235E
:105500005B009A4236D2184B1B78002B03D1164B06
:1055100001221A7048E0144B1B78022B44D10D2154
:105520007B181B78114AD25C114B1B799A423BD9EC
:105530007B181B780D4AD25C0D4B5B799A4233D2B3
:10554000094B03221A707B181B78084A0021D1549A
:105550002AE0C046344E0020F84D0020044E0020C2
:10556000FEFF00001C4E0020D44E0020FC4D002009
:10557000301300200D217B181A78784B9200D258F6
:10558000FA235B009A4210D37B181A78734B92006F
:10559000D358734A934208D8724B1B78002B04D01F
:1055A000704B00221A7000E0C0460D217B181A785B
:1055B0006D4B9200D3586D4A128893425DD37B188D
:1055C0001A78694B9200D358684A1288934211D1D5
:1055D00008007B181A78664913005B009B180722A5
:1055E0005A543B181B78604A99008A58511C5E4AED
:1055F0009B0099500D217B181A78584B9200D35874
:105600005A4A1288934205D97B181A78534B920054
:105610000021D1500D217B181A78534B9200D3589A
:10562000524A5288934228D97B181A784E4B9200DE
:10563000D258FA235B009A421FD24A4B1B78012BA7
:105640000BD17B181A784A4913005B009B1805227E
:105650005A54444B02221A700FE0424B1B78032B22
:105660000BD10D23FB181A78414913005B009B18DE
:1056700006225A543B4B00221A700D23FB181A784D
:105680003B4913005B009B185B5C072B05D04FDC8C
:10569000052B11D0062B2DD04AE00D243B191B7889
:1056A000180000F003FE3B191A78314913005B0023
:1056B0009B1800225A5440E02E4B1B780122534085
:1056C000DBB2002B36D00D203B181A782849130086
:1056D0005B009B18CB1802331B781A000123134080
:1056E00028D0244B01221A703B181B78180015F0A3
:1056F000F9FE1FE01F4B1B7801225340DBB2002B49
:105700001AD00D203B181A78194913005B009B181A
:10571000CB1802331B781A00022313400CD0154B10
:1057200001221A703B181B78180000F0C9FD03E035
:10573000C04602E0C04600E0C0460D217B181A7842
:105740007B1801321A700D23FB181B78052B00D82B
:1057500062E5C046C046BD4605B090BD044E00207F
:10576000FEFF0000D44E00201C4E0020301300200D
:10577000344E0020F84D0020F0B58FB002AF02008B
:10578000FB1D1A70BB1D0A1C1A702F23FB18002268
:105790001A702E23FB1800221A708C4B1B78002BDA
:1057A0000FD0BB1D1A788A4B9200D35818000BF00B
:1057B000E5FABB1D1A78874B9200D35818000BF0FE
:1057C000DDFABB1D1B78844A0421D1547F4B1B7822
:1057D000002B08D0BB1D1B78180002F079F90300DC
:1057E000180013F047FD1023FC180E257A19142316
:1057F000F918BB1D18780C26BB1900932300FFF77E
:1058000023FB7B191B881A0018243B191A603B19CB
:1058100001225A603B1900229A603B190022DA608B
:105820007B691A003B191900100010F069FDBB19C3
:105830001B881A003B191A603B1900225A603B1959
:1058400002229A603B691A003B191900100010F0FF
:1058500057FDBB1D1A78614913005B009B18CB18DC
:105860000133FA1D12781A70BB1D1B783A339BB2B4
:105870009B009BB20A243A1911001800FFF7F3F8B5
:1058800003001A002C217B181A807B181B88002B20
:1058900057D13B191B881B0A9AB22E217B181A700C
:1058A0007B181B781B09DBB2BA1D12789A4209D10A
:1058B0007B181B780F221A40FB1D1B789A4201D1DE
:1058C00000237FE0BB1D1B781B031AB2FB1D1B7856
:1058D0001B021BB213431BB29AB20A217B181A8017
:1058E000BB1D1B783A339BB29B009AB27B181B8876
:1058F00019001000FFF7D8F8BB1D1B783A339BB294
:105900009B009BB201339BB200211800FFF7CCF83B
:10591000BB1D1B783A339BB29B009BB202339BB2F8
:1059200000211800FFF7C0F8BB1D1B783A339BB26B
:105930009B009BB203339BB200211800FFF7B4F821
:105940003DE0BB1D1B781B031AB2FB1D1B781B021D
:105950001BB213431BB29AB20A217B181A80BB1DDB
:105960001B783A339BB29B009AB27B181B881900B4
:105970001000FFF799F8BB1D1B783A339BB29B00D0
:105980009BB201339BB200211800FFF78DF8BB1DBD
:105990001B783A339BB29B009BB202339BB200212F
:1059A0001800FFF781F8BB1D1B783A339BB29B00B0
:1059B0009BB203339BB200211800FFF775F82F2329
:1059C000FB181B781800BD460DB0F0BDD30A0020AF
:1059D000D01A0020EC1A0020E00A0020344E0020EB
:1059E00080B586B000AF0200FB1D1A701723FB18AC
:1059F00000221A70FB1D1A78554913005B009B1892
:105A0000CB18013300221A70FB1D1A78504913007D
:105A10005B009B1800225A54FB1D1A784C49130056
:105A20005B009B18CB18023300221A70FB1D1B78F9
:105A30003A339BB29B009BB20E22BA181100180099
:105A4000FFF711F803001A0014217B181A807B1845
:105A50001B88002B2DD1FB1D1B783A339BB29B007A
:105A60009BB200211800FFF71FF8FB1D1B783A338B
:105A70009BB29B009BB201339BB200211800FFF741
:105A800013F8FB1D1B783A339BB29B009BB2023389
:105A90009BB200211800FFF707F8FB1D1B783A3373
:105AA0009BB29B009BB203339BB200211800FEF710
:105AB000FBFFFB1D1B78180002F00AF803003B6196
:105AC0003B691B68234A934202D101F0A3FB28E003
:105AD0003B691B68204A934202D101F0D9FB20E0C8
:105AE0003B691B681D4A934202D101F00FFC18E08C
:105AF0003B691B681A4A934202D101F045FC10E051
:105B00003B691B68174A934202D101F06DFC08E023
:105B10003B691B68144A934203D01723FB18FF22EA
:105B20001A70FB1D1B78114A0021D154FB1D1B78F4
:105B30005A1E0F4B9200D2583B6911001800FEF715
:105B4000EBFC1723FB181B781800BD4606B080BD80
:105B5000344E00200038014000440040004800401E
:105B6000004C004000500040003C0140E00A002092
:105B70006C4D0020B0B584B000AF040008001100E7
:105B8000FB1D221C1A70BB1D021C1A707B1D0A1CF7
:105B90001A700F23FB1800221A70FB1D1A78514946
:105BA00013005B009B18CB1801331B78002B01D12D
:105BB0000B2392E07B1D1B78012B07D07B1D1B78EC
:105BC000002B19D1BB1D1B78052B15D1FB1D1A7895
:105BD000444913005B009B18CB1802331B78FA1D55
:105BE000127801210B43D8B23E4913005B009B1889
:105BF000CB180233021C1A707B1D1B78012B07D0B7
:105C00007B1D1B78002B19D1BB1D1B78062B15D1D2
:105C1000FB1D1A78334913005B009B18CB18023325
:105C20001B78FA1D127802210B43D8B22D491300BC
:105C30005B009B18CB180233021C1A70FB1D1B78EB
:105C40003A339BB29B009BB208243A19110018000A
:105C5000FEF709FF03001A000C217B181A807B183D
:105C60001B88002B34D13B191B881B0A9AB20B25C9
:105C70007B191A703B191B88D9B2FB1D1A78194879
:105C800013005B009B18C31802331B78994221D084
:105C90007B191B781B0219B2FB1D1A7811481300DF
:105CA0005B009B18C31802331B781BB20B431BB25B
:105CB0009AB23B191A80FB1D1B783A339BB29B00AA
:105CC0009AB23B191B8819001000FEF7EDFE01E0A7
:105CD0000B2302E00F23FB181B781800BD4604B00D
:105CE000B0BDC046344E002080B582B000AF020087
:105CF0003960FB1D1A70FB1D1B78022B03D0FB1DA6
:105D00001B78032B38D1FB1D1B78022B03D11C4BB6
:105D100001221A7002E01A4B01225A70FB1D1B78F7
:105D2000180001F0D5FE0300180013F0A3FAFB1DC4
:105D30001B78144A0621D154FB1D1B78180001F072
:105D4000C7FE02003B6819001000FFF7ADF9030021
:105D50009AB20D4B1A803A68FB1D1B78110018008F
:105D6000FFF7F8F903001A00084B1A70084B1B786C
:105D7000002B01D1FFF7F6F8C046BD4602B080BD4A
:105D8000484E0020E00A00204C4E00204B4E0020E0
:105D90004A4E002090B585B000AFB9607A600F24FC
:105DA0003B19021C1A70384B1B78012B5CD13B1934
:105DB0001B78180001F08CFE0200BB68190010006F
:105DC000FFF772F903009AB2304B1A80BA683B1998
:105DD0001B7811001800FFF7BDF903001A002C4BC7
:105DE0001A702A4B1B881A002A4B1A60294B012271
:105DF0005A60284B06229A60264A274B1100180049
:105E00000EF044FF031E01D0FFF746F9224B1800A5
:105E10000EF012FE204B642118000EF097FE1E4B70
:105E200018000EF027FF0100194B1B781A0089B2E9
:105E30001A4B5200D152184B18000EF04BFE134B68
:105E40001B881A00134B1A60124B02225A60114B26
:105E500006229A600F4A104B110018000EF016FF30
:105E6000031E01D0FFF718F9094B1B781A000B4BE2
:105E70005200D35A1800EBF7E3F9021C7B681A6052
:105E8000C046BD4605B090BD4A4E00204C4E002095
:105E90004B4E0020C84E0020644E0020504E002083
:105EA000B0B582B000AF78603960694B1B78002BC9
:105EB00001D1FFF757F8674B674A1A60654B01221B
:105EC0005A60644B02229A60624A644B11001800C7
:105ED0000EF0DCFE031E01D0FFF7DEF85F4B18006A
:105EE0000EF0AAFD5D4B642118000EF02FFE5B4BF7
:105EF00018000EF0BFFE03009AB2594B1A80584B9F
:105F00001B881800EDF748F8564A574BECF782F912
:105F100002000B00100019000022544BEBF736FD75
:105F200002000B0010001900514A524BECF73AFCEA
:105F300002000B00100019004F4A504BEBF726FDF2
:105F400002000B001000190000224D4BEBF7BAF9CC
:105F500002000B0010001900EDF7B8F8021C7B6876
:105F60001A603E4B18000EF0B5FD3A4B3A4A1A60E3
:105F7000384B02225A60374B02229A60354A374B1F
:105F8000110018000EF082FE031E01D0FFF784F806
:105F9000304B3C4A1A602F4B01225A602D4B06228F
:105FA0009A602C4A2D4B110018000EF06FFE031E54
:105FB00001D0FFF771F8294B18000EF03DFD274B7B
:105FC000642118000EF0C2FD244B18000EF052FEA2
:105FD00003009AB22C4B1A802C4B1B881800ECF74C
:105FE000DBFF204A204BECF715F902000B001400F0
:105FF0001D00254B1B881800ECF7CEFF02000B009C
:1060000020002900EBF7C2FC02000B001000190071
:10601000EDF75CF8021C3B681A60104B18000EF09C
:1060200059FD0C4B174A1A600A4B02225A60094B61
:1060300002229A60074A094B110018000EF026FE52
:10604000031E01D0FFF728F8C046BD4602B0B0BD20
:106050004A4E0020C84E0020001000B0644E0020C0
:10606000584E00206666666666660A4000FEAF40CF
:106070008FC2F5285C8FF63F33333333333311400F
:1060800000003940002000B45A4E0020BAF7FF1F2C
:1060900080B588B000AF02003960FB1D1A70FB1D8F
:1060A0001B78022B04D0FB1D1B78032B00D0DFE0F4
:1060B000724B1B78002B55D1FEF754FFFB1D1B784C
:1060C000180001F005FD0300180013F0D3F8FB1DC4
:1060D0001B78032B23D1A023DB051021180010F01F
:1060E0007BFA0C217B1810221A607B1801225A605F
:1060F0007B180222DA607A18A023DB051100180051
:1061000010F0FEF8FB1D1B785D4A0621D154A02338
:10611000DB0501221021180010F053FB22E0A02320
:10612000DB050421180010F057FA0C217B1804221B
:106130001A607B1801225A607B180222DA607A18F2
:10614000A023DB051100180010F0DAF8FB1D1B7806
:106150004B4A0621D154A023DB050122042118005B
:1061600010F02FFBFB1D1B78180001F0B1FC0200A2
:10617000444B19001000FEF797FF03009AB2424B00
:106180001A80414B1B881A00404B1A603F4B01227A
:106190005A603E4B02229A603C4A3D4B1100180067
:1061A0000EF074FD031E01D0FEF776FF384B180089
:1061B0000EF042FC364B642118000EF0C7FC344B45
:1061C00018000EF057FD03001800EBF739F8021C19
:1061D000304B1A602F4B1B68181CECF72FFF2E4A10
:1061E0002E4BECF717F802000B00100019000022EC
:1061F0002B4BEBF7CBFB02000B0010001900ECF768
:1062000065FF021C234B1A60224B1B682549181C92
:10621000EAF714FD031C181CECF710FF1E4A1F4B75
:10622000EBF7B4FB02000B0010001900ECF74EFF77
:10623000021C1D4B1A601C4B1A683B681A60144BF9
:1062400018000EF047FC104B1B881A000F4B1A6009
:106250000E4B02225A600D4B02229A600B4A0C4BE5
:10626000110018000EF012FD031E01D0FEF714FFFE
:10627000C046181CBD4608B080BDC0464A4E00202E
:10628000E00A0020405303084C4E0020C84E002076
:10629000644E00205C4E00206666666666660A40B4
:1062A00000FEAF400000C842604E002080B582B0C2
:1062B00000AF0200FB1D1A70C046BD4602B080BD93
:1062C00080B582B000AF0200FB1D1A70C046BD460B
:1062D00002B080BD80B500AFBFF34F8FC046044B06
:1062E000044ADA60BFF34F8FC046C046FDE7C046A0
:1062F00000ED00E00400FA0580B500AF0B4B1B7801
:10630000DBB20133DAB2094B1A70084B1B78DBB2EF
:10631000092B04D9054B00221A7000F063F80EF027
:1063200021F80AF070FDC046BD4680BD284F002010
:1063300080B584B002AF0B4B7B600B4B187879684B
:10634000FF230093FF23112201F00CFB064B18786A
:10635000064B1968FF230093FF230F2201F002FB75
:10636000FFF7B8FF60530308D00A00204402002062
:1063700080B584B000AF78600A00BB1C1A80144B53
:10638000BA1C12881A80134B1B780133DAB2114BF6
:106390001A707B681800FBF737FB03001A000E4BDE
:1063A0009B5C022B10D00023FB600C4B1B680C2263
:1063B000BA18110018000DF087FBFB68002B03D002
:1063C000074B802252051A60C046BD4604B080BD0E
:1063D0002C4F00202E4F0020E00A0020C81A002079
:1063E00004ED00E080B500AF0D4B1B78DBB2002B55
:1063F00006D00B4B1B78DBB2013BDAB2084B1A70AC
:10640000084B1B78DBB2002B06D0064B1B78DBB2A7
:10641000013BDAB2034B1A70C046BD4680BDC04690
:10642000294F00202A4F002080B58AB000AF0023FA
:106430007B62264B180013F045F9244B1B681B6840
:1064400080221340802B36D1204B88229B58202B52
:1064500031D1EFF310837B607B683B620123BB602B
:10646000BB6883F31088C046184B1B681A68174B2B
:106470001B6880218A431A603B6AFB60FB6883F3D8
:106480001088C046EFF310833B613B69FB61012339
:106490007B617B6983F31088C0460C4B1B681A68CC
:1064A0000A4B1B6840210A431A60FB69BB61BB6948
:1064B00083F31088C0467B6A002B03D0044B8022F4
:1064C00052051A60C046BD460AB080BD0C240020AB
:1064D00004ED00E080B58AB000AF00237B62264B5C
:1064E000180013F0EFF8244B1B681B688022134040
:1064F000802B36D1204B88229B58202B31D1EFF3B3
:1065000010837B607B683B620123BB60BB6883F3C5
:106510001088C046184B1B681A68174B1B688021EF
:106520008A431A603B6AFB60FB6883F31088C046AD
:10653000EFF310833B613B69FB6101237B617B6966
:1065400083F31088C0460C4B1B681A680A4B1B6803
:1065500040210A431A60FB69BB61BB6983F3108861
:10656000C0467B6A002B03D0044B802252051A6080
:10657000C046BD460AB080BDA024002004ED00E066
:1065800080B59AB000AF00237B66684B180013F00B
:1065900099F8664B1B681B6880221340802B36D10C
:1065A000624B88229B58202B31D1EFF310837B6301
:1065B0007B6B3B660123BB63BB6B83F31088C046D8
:1065C0005A4B1B681A68594B1B6880218A431A6012
:1065D0003B6EFB63FB6B83F31088C046EFF31083C5
:1065E0003B643B6CFB6501237B647B6C83F310880D
:1065F000C0464E4B1B681A684C4B1B6840210A432F
:106600001A60FB6DBB64BB6C83F31088C046484BBB
:10661000180013F057F8464B1B681B688022134084
:10662000802B36D1424B88229B58202B31D1EFF35F
:106630001083FB61FB69BB6501233B623B6A83F30B
:106640001088C0463A4B1B681A68394B1B6880217A
:106650008A431A60BB6D7B627B6A83F31088C046F5
:10666000EFF31083BB62BB6A7B650123FB62FB6AAD
:1066700083F31088C0462E4B1B681A682C4B1B688E
:1066800040210A431A607B6D3B633B6B83F31088A8
:10669000C046284B180013F015F8264B1B681B68E2
:1066A00080221340802B36D1224B88229B58202BEE
:1066B00031D1EFF310837B607B683B650123BB60C6
:1066C000BB6883F31088C0461A4B1B681A68194BC5
:1066D0001B6880218A431A603B6DFB60FB6883F373
:1066E0001088C046EFF310833B613B69FB640123D4
:1066F0007B617B6983F31088C0460E4B1B681A6868
:106700000C4B1B6840210A431A60FB6CBB61BB69E0
:1067100083F31088C0467B6E002B03D0064B80228B
:1067200052051A60C046BD461AB080BD342500200F
:10673000C82500205C26002004ED00E080B500AFF5
:10674000054B1800FBF760F903001800F3F740FF52
:10675000C046BD4680BDC0460C24002080B500AFB9
:10676000104B1B6810221340102B07D10E4B180042
:10677000FBF74AF903001800F3F72AFF094B1A68E0
:1067800080235B001A4080235B009A4207D1074BAD
:106790001800FBF739F903001800F3F719FFC0469A
:1067A000BD4680BD00000240A0240020342500200A
:1067B00080B500AF124B1A6880235B011A4080231A
:1067C0005B019A4207D10F4B1800FBF71DF903003C
:1067D0001800F3F7FDFE0A4B1A6880235B021A408B
:1067E00080235B029A4207D1074B1800FBF70CF994
:1067F00003001800F3F7ECFEC046BD4680BDC0465E
:1068000000000240C82500205C26002080B584B02E
:1068100000AF78600023FB607B681800FBF7F4F89A
:1068200003001A00064B9200D3580C22BA1811002C
:1068300018000BF0FCF9C046BD4604B080BDC04650
:10684000EC1A0020B0B584B000AF78607B68882275
:10685000202199500F257C197B681800FBF7D4F88C
:106860000300237029007B181B78254AD35C022B78
:1068700013D17B181B785A1E224B9200D3581B68E9
:10688000283319007B6880229B581B685B689AB28A
:106890007B68180014F032FD2EE00F243B191B78A2
:1068A000013B194A0021D1543B191B78013B174A7F
:1068B0000021D1543B191B785A1E13005B009B1812
:1068C0009B01134A9B18C0220021180016F043FBBD
:1068D0003B191B785A1E13005B009B189B010C4A46
:1068E00099187B68C022180014F008FD3B191B782A
:1068F000013B084A0121D154C046BD4604B0B0BD99
:10690000E00A0020101A0020FC210020F4210020C1
:10691000501600204C1A002080B582B000AF78607D
:10692000C046BD4602B080BD80B582B000AF786081
:10693000104B01221A707B681B680F4A934203D1E7
:106940007B68180014F0EDFB7B681B680B4A9342D0
:1069500003D17B68180014F0E4FB7B681B68084ACD
:10696000934203D17B68180014F0DBFBC046BD46A0
:1069700002B080BDA41A002000380140004400404D
:106980000048004080B586B002AF786039600B4B9C
:10699000FB600B4B1878F968FF230093FF2310224C
:1069A00000F0E0FF064B1878064B1968FF230093B0
:1069B000FF230F2200F0D6FFFFF78CFC745303086F
:1069C000D00A00204402002080B584B002AF0B4BF7
:1069D0007B600B4B18787968FF230093FF23142208
:1069E00000F0C0FF064B1878064B1968FF23009390
:1069F000FF230F2200F0B6FFFFF76CFC885303085B
:106A0000D00A00204402002080B500AF2F4B304A4E
:106A10001A602E4B00229A602C4B7F22DA602B4B9F
:106A2000FF221A61294B00225A61284B00229A61E9
:106A3000264B0022DA61254B8022D2051A62234BB5
:106A400000225A62214B882212025A601F4B180002
:106A500000F01EFA1D4B0021180011F045FB030049
:106A6000012B02D1194B40229A60184B180010F0EC
:106A70000BFF031E01D0FF2325E0144B012118005A
:106A800011F032FB0300134A934202D000F028F8C1
:106A900011E0114B1A6E80231B05134002D00F4BDF
:106AA00000221A700C4B1A6E8023DB04134002D0B4
:106AB0000A4B01221A70084B1A6E074B80210904F9
:106AC0000A431A6600231800BD4680BD844F00208B
:106AD00000280040F232000000100240804F0020E9
:106AE000B0B58EB000AF0C257B195A4A13CA13C338
:106AF0003B00594A03CA03C312781A707B19093341
:106B0000180014F09AFD02003523FB181A707B1947
:106B100000229A717B190433180014F08EFD0200D4
:106B20003423FB181A707B190022DA703623FB1805
:106B300000221A7019E036243B191A78474B92004C
:106B4000D2580C23FB1811001800E9F7DDFA031ED8
:106B500005D13723FB183A19127801321A70362101
:106B60007B181A787B1801321A703623FB181B78B1
:106B70000B2BE0D93B000633180014F05EFD020039
:106B80003323FB181A700C243B1900225A713B0066
:106B90000333180014F051FD02003223FB181A7061
:106BA0003B1900229A703B00180014F046FD0200C9
:106BB0003123FB181A702C217B183522BA18127851
:106BC000DA707B183722BA1812785A707B18342280
:106BD000BA1812789A707B1801221A707918204B13
:106BE0000022180011F092F8031E01D0FF232CE0C0
:106BF00018217B183122BA1812781A707B183222A9
:106C0000BA1812785A707B183322BA1812789A7010
:106C10007B180022DA70134B18225A737B1800225B
:106C2000DA607B1800221A6179180D4B00221800D7
:106C300010F068FF031E01D0FF2306E00A4A084B4C
:106C40000121180011F033FA00231800BD460EB0E0
:106C5000B0BDC046A8530308B45303081C0000206D
:106C6000844F002030130020F2320000B0B588B00D
:106C700000AF05000C0010001900FB1D2A1C1A7043
:106C8000BB1D221C1A703B1D021C1A80FB1C0A1C17
:106C90001A703B1D1B88DBB23033DAB21C217B1823
:106CA000DA707B18FA1D12785A707B18BA1D1278A8
:106CB0009A707B18FA1C12781A7008243B19382134
:106CC0007A1812781A703B193422BA1812785A704E
:106CD0003A193023FB181B7893703B1900221A6174
:106CE0003C23FB181B78012B1BD17B181B780C2B2A
:106CF00017D8404B01220021180011F0D8F93B1998
:106D00000022DA703C4B0C225A733A4B180010F0F8
:106D10005DFE384B40229A60364B180010F0B4FDEF
:106D200036E03C23FB181B78022B1DD13823FB18BF
:106D30001B780C2B18D82F4B01220021180011F0C2
:106D4000B6F90823FB180122DA702B4B0C225A7378
:106D5000284B180010F03AFE264B40229A60254B33
:106D6000180010F091FD13E0224B002200211800C2
:106D700011F09DF9204B18225A731E4B180010F089
:106D800025FE1C4B00229A601A4B180010F07CFD67
:106D90000823F918174B0022180010F0B3FE031E49
:106DA00001D0FF2321E01C23F918124B0022180008
:106DB00010F0ACFF031E01D0FF2316E00E4B5B7BEF
:106DC0001B021AB20C4B1B791BB213431BB29AB2B3
:106DD0008D235B0011001800FDF766FE074A054B86
:106DE0000121180011F063F900231800BD4608B016
:106DF000B0BDC046844F002030130020F2320000A6
:106E000090B587B000AF39001F4B0022180010F07A
:106E100021FF142439191C4B0022180011F008F826
:106E20003B00DB78DB09DBB20133DAB2174BDA74F3
:106E30003B005B685B089AB2144BDA813B009A789E
:106E4000124B1A743B005A78104B5A743B001A7854
:106E50000E4B9A743B199A780C4B5A753B195A7819
:106E60000A4B9A753B191A78084B1A753B19DB784F
:106E7000FA22D200944663449AB2044B1A83C04665
:106E8000BD4607B090BDC046844F0020301300209F
:106E900090B597B000AF78600C243B1918004C23D4
:106EA0001A00002116F057F87B681B68134A9342BA
:106EB00020D13B19802292021A603B198022920055
:106EC0001A643B19180010F0A3FA0D4BDA6D0C4B45
:106ED000802109020A43DA65094BDA6B084B8021ED
:106EE000C9000A43DA63064BDA6B8023DB001340E8
:106EF000BB60BB68C046BD4617B090BD00280040CF
:106F00000010024080B582B000AF78607B681B68DB
:106F1000094A93420BD1094BDA6D084B08490A40E4
:106F2000DA65064BDA6B054B06490A40DA63C04660
:106F3000BD4602B080BDC04600280040001002409F
:106F4000FF7FFFFFFFFBFFFF80B500AF00F004F8FD
:106F5000C046BD4680BD000080B500AF1B4B1C4A3B
:106F60001A601A4B822252005A60184B00229A6013
:106F7000164BE022D200DA60144B00221A61134B48
:106F800000225A61114B802292009A610F4B10220D
:106F9000DA610E4B00221A620C4B00225A620B4B34
:106FA00000229A62094B0722DA62084B00221A6318
:106FB000064B08225A63054B180000F00BF8034BF0
:106FC000180011F0ADF8C046BD4680BD005000204D
:106FD0000038004090B58BB000AF786014243B19A6
:106FE000180014231A00002115F0B5FF7B681B68F8
:106FF000264A934245D1264BDA6B254B8021C901A5
:107000000A43DA63224BDA6B8023DB0113403B61D6
:107010003B691F4B5A6B1E4B02210A435A631C4BA0
:107020005B6B02221340FB60FB683B1940221A6035
:107030003B1902225A603B1900229A603B19002238
:10704000DA603B1904221A613B19124A1900100038
:107050000FF056F921007B18C02252001A607B18ED
:1070600002225A607B1800229A607B180022DA60A4
:107070007B1801221A617B18064A190010000FF0D4
:107080003FF9C046BD460BB090BDC0460038004039
:10709000001002400004005080B582B000AF174BD2
:1070A0001A6C164B802189020A431A64134B1A6C1E
:1070B00080239B0213407B607B68114B114A1A604E
:1070C0000F4B2F225A600E4B00229A600C4B0E4A37
:1070D000DA600B4B00221A61094B00225A61084BFF
:1070E00000229A61064B180011F01CFF044B180097
:1070F00011F078FFC046BD4602B080BD00100240CE
:10710000B450002000440140FFFF000080B582B071
:1071100000AF174B1A6C164B8021C9020A431A6440
:10712000134B1A6C8023DB0213407B607B68114B8E
:10713000114A1A600F4B114A5A600E4B00229A6096
:107140000C4B0F4ADA600B4B00221A61094B0022EC
:107150005A61084B00229A61064B180011F0E2FEBA
:10716000044B180011F03EFFC046BD4602B080BD82
:107170000010024000510020004801407FBB000089
:10718000FFFF000080B584B000AF0200BB1D1A8075
:107190000023FB600AF084F9BB1D1B88002B0DD077
:1071A000094B1B685B6AFB60C046074B1B685A6A49
:1071B000FB68D21ABB1D1B889A42F6D90AF082F9E5
:1071C000C046BD4604B080BDB450002080B584B038
:1071D00000AF0200BB1D1A800023FB600AF060F9BB
:1071E000BB1D1B88002B0DD0094B1B685B6AFB6025
:1071F000C046074B1B685A6AFB68D21ABB1D1B8826
:107200009A42F6D90AF05EF9C046BD4604B080BD88
:107210000051002080B500AF1B4B1C4A1A601A4B6E
:10722000E12212035A60184B00229A60164B00228A
:10723000DA60154B00221A61134B0C225A61124B73
:1072400000229A61104B0022DA610F4B00221A6271
:107250000D4B00225A620C4B00229A620A4B180016
:1072600011F0B2FF084B0021180013F0C5FF064BC8
:107270000021180014F000F8034B180013F082FFEF
:10728000C046BD4680BDC0460C24002000380140E9
:1072900080B500AF1B4B1C4A1A601A4BE122120347
:1072A0005A60184B00229A60164B0022DA60154B88
:1072B00000221A61134B0C225A61124B00229A6170
:1072C000104B0022DA610F4B00221A620D4B002294
:1072D0005A620C4B00229A620A4B180011F074FF9C
:1072E000084B0021180013F087FF064B00211800FF
:1072F00013F0C2FF034B180013F044FFC046BD4615
:1073000080BDC046A02400200044004080B500AFEE
:107310001B4B1C4A1A601A4BE12212035A60184B8D
:1073200000229A60164B0022DA60154B00221A6187
:10733000134B0C225A61124B00229A61104B00220F
:10734000DA610F4B00221A620D4B00225A620C4B7D
:1073500000229A620A4B180011F036FF084B0021F8
:10736000180013F049FF064B0021180013F084FFAA
:10737000034B180013F006FFC046BD4680BDC04653
:10738000342500200048004080B500AF144B154A5A
:107390001A60134BE12212035A60114B00229A60CB
:1073A0000F4B0022DA600E4B00221A610C4B0C22AC
:1073B0005A610B4B00229A61094B0022DA61084B9B
:1073C00000221A62064B00225A62054B00229A6282
:1073D000034B180011F0F8FEC046BD4680BDC04604
:1073E000C8250020004C004080B500AF144B154A62
:1073F0001A60134BE12212035A60114B00229A606B
:107400000F4B0022DA600E4B00221A610C4B0C224B
:107410005A610B4B00229A61094B0022DA61084B3A
:1074200000221A62064B00225A62054B00229A6221
:10743000034B180011F0C8FEC046BD4680BDC046D3
:107440005C26002000500040B0B5A4B000AF7860CA
:107450007C243B19180014231A00002115F07BFD31
:1074600030257B1918004C231A00002115F073FDFC
:107470007B681B68ED4A934274D17B1901221A6024
:107480007B1902225A607B1918000FF0C1FFE84BEC
:107490001A6CE74B8021C9010A431A64E44B1A6C49
:1074A0008023DB011340FB62FB6AE14B5A6BE04B2C
:1074B00001210A435A63DE4B5B6B01221340BB621E
:1074C000BB6A3B19C022D2001A6021007B1802223D
:1074D0005A607B1800229A607B180022DA607B18C1
:1074E00001221A617A18A023DB05110018000EF0A2
:1074F00007FFD04BD04A1A60CE4B32225A60CD4B98
:1075000000229A60CB4B0022DA60CA4B80221A61BB
:10751000C84B00225A61C74B00229A61C54B2022FA
:10752000DA61C44B00221A627B681800FAF76CFA21
:1075300003005A1EC14B9200BE49D150BD4B1800EA
:107540000EF0BAF97B688021BA4A5A50B94B7A6872
:107550009A62002200211B200DF042FF1B200DF03B
:1075600054FFEEE17B681B68B54A934274D1302129
:107570007B1802221A607B1808229A607B18180078
:107580000FF046FFAA4BDA6BA94B802189020A4310
:10759000DA63A74BDA6B80239B0213407B627B6A22
:1075A000A34B5A6BA24B01210A435A63A04B5B6B5E
:1075B000012213403B623B6A7C217B180C221A603B
:1075C0007B1802225A607B1800229A607B180022E6
:1075D000DA607B1801221A617A18A023DB051100FA
:1075E00018000EF08DFE974B974A1A60954B342287
:1075F0005A60944B00229A60924B0022DA60914BC1
:1076000080221A618F4B00225A618E4B00229A61B0
:107610008C4B2022DA618B4B00221A627B681800A7
:10762000FAF7F2F903005A1E844B92008549D150B3
:10763000844B18000EF040F97B688021814A5A5033
:10764000804B7A689A62002200211C200DF0C8FE4F
:107650001C200DF0DAFE74E17B681B687B4A9342C4
:1076600074D130217B1804221A607B182022DA6042
:107670007B1818000FF0CCFE6D4BDA6B6C4B802141
:10768000C9020A43DA636A4BDA6B8023DB021340D8
:10769000FB61FB69664B5A6B654B02210A435A63D7
:1076A000634B5B6B02221340BB61BB697C217B187F
:1076B000C02292001A607B1802225A607B180022B6
:1076C0009A607B180022DA607B1804221A617B180A
:1076D0005F4A190010000EF013FE5E4B5E4A1A60FE
:1076E0005C4B36225A605B4B00229A60594B002259
:1076F000DA60584B80221A61564B00225A61554B72
:1077000000229A61534B2022DA61524B00221A6206
:107710007B681800FAF778F903005A1E474B92006D
:107720004C49D1504B4B18000EF0C6F87B688021B5
:10773000484A5A50474B7A689A62002201211D201C
:107740000DF04EFE1D200DF060FEFAE07B681B6818
:10775000424A934200D087E0354BDA6B344B8021AC
:1077600009030A43DA63324BDA6B80231B031340AD
:107770007B617B692E4B5A6B2D4B01210A435A6367
:107780002B4B5B6B012213403B613B697C217B18D7
:1077900003221A607B1802225A607B1800229A602A
:1077A0007B180022DA607B1804221A617A18A02361
:1077B000DB05110018000EF0A3FD294B294A1A60C1
:1077C000274B38225A60264B00229A60244B002215
:1077D000DA60234B80221A61214B00225A61204B30
:1077E00000229A611E4B2022DA611D4B00221A6290
:1077F0007B681800FAF708F903005A1E0F4B920035
:107800001749D150164B18000EF056F87B688021AE
:10781000134A5A50124B7A689A62002201211D20A5
:107820000DF0DEFD1D200DF0F0FD8AE00038014076
:1078300000100240AC510020080002406C4D0020B6
:10784000004400400C5200201C0002400048004050
:10785000000400506C52002030000240004C0040F8
:10786000CC520020440002407B681B68374A934298
:1078700067D1374BDA6B364B802149000A43DA6314
:10788000334BDA6B80235B001340FB60FB68304BAB
:107890005A6B2F4B08210A435A632D4B5B6B08220E
:1078A0001340BB60BB687C217B180C221A607B18DC
:1078B00002225A607B1800229A607B180022DA604C
:1078C0007B1803221A617B18224A190010000EF05F
:1078D00017FD214B214A1A601F4B4A225A601E4B4A
:1078E00000229A601C4B0022DA601B4B80221A6136
:1078F000194B00225A61184B00229A61164B202224
:10790000DA61154B00221A627B681800FAF77CF8DE
:1079100003005A1E124B92000F49D1500E4B180013
:107920000DF0CAFF7B6880210B4A5A500A4B7A68D7
:107930009A62002200211D200DF052FD1D200DF045
:1079400064FDC046BD4624B0B0BDC04600500040F6
:1079500000100240000C00502C5300205800024040
:107960006C4D0020B0B586B000AFB96011007B60EF
:107970000F243B19021C1A700C23FB180A1C1A80D6
:107980001723FB1801221A703B191B78180000F00E
:107990009FF8031E32D03B191A781C4B9200D35823
:1079A0007A681100180009F09FF9031E26D113E030
:1079B0000F23FB181B78180000F08AF80500172326
:1079C000FC18B86A0C23FB181A88B9680300280051
:1079D00011F098FC030023701722BB181B78002BB2
:1079E00003D0BB181B78032BE2D10F23FB181A78A6
:1079F000064B9200D358180009F0C0F91723FB1862
:107A00001B781800BD4606B0B0BDC046EC1A002079
:107A1000F0B587B000AFB96011007B600F243B194F
:107A2000021C1A700C257B190A1C1A801726BB1918
:107A300001221A703B191B78180000F049F8031E48
:107A400019D03B191A78114B9200D3587A6811005B
:107A5000180009F049F9031E0DD13B191B781800D5
:107A600000F036F8BC197B191A88BB68190011F0B0
:107A7000EDFC0300237005200CF090FC1723FB188D
:107A80001B781800BD4607B0F0BDC046EC1A0020B8
:107A900090B585B000AF02003960FB1D1A700F244D
:107AA0003B1900221A70FB1D1B78180000F010F81B
:107AB0000300BB60BB683A685A60BB68180011F0ED
:107AC00083FB3B191B781800BD4605B090BD000034
:107AD00080B582B000AF0200FB1D1A70FB1D1B7841
:107AE000052B0ED89A00094BD3181B689F46084BEC
:107AF00008E0084B06E0084B04E0084B02E0084BA6
:107B000000E000231800BD4602B080BDC853030842
:107B1000C8250020A0240020342500200C240020AB
:107B20005C26002080B582B000AF78600A00FB1CA4
:107B30001A707B68002B76D0FB1C1B78012B37D189
:107B40007B681800F9F760FF0300013B80221202F6
:107B50001A411100364B1B785A1E364B5200D35A2D
:107B60001AB20BB2134319B2314B1B785A1E89B2A9
:107B7000304B5200D1527B6808229A627B68802287
:107B800012029A637B68180011F01EFB7B681800D4
:107B9000F9F73AFF03005A1E13005B009B189B0184
:107BA000254A99187B68C022180013F0A7FB3AE019
:107BB000FB1C1B78002B36D17B681800F9F724FFDB
:107BC0000300013B802212021A411300D943184BD3
:107BD0001B785A1E174B5200D35A1BB20AB21340DD
:107BE00019B2134B1B785A1E89B2124B5200D15254
:107BF0007B6808229A627B6800229A637B6818007F
:107C000011F0E2FA7B681800F9F7FEFE03005A1E35
:107C100013005B009B189B01074A99187B68C022E0
:107C2000180013F06BFBC046BD4602B080BDC046D5
:107C30002C130020F81200205016002080B582B0CE
:107C400000AFFB1D00221A70BB1D01221A7035E027
:107C5000204B1B78BA1D12789A4211D0BB1D1B789D
:107C6000002213211800F3F79BFA3220FFF7AEFA37
:107C7000194B1B78002B1CD0FB1D02221A7018E038
:107C80007B1D01221A7010E0124B1B78591E114BFC
:107C90001B785A1E114B4900C95A104B5200D15241
:107CA0007B1D1A787B1D01321A707B1D1B78052BFA
:107CB000EAD9BB1D1A78BB1D01321A70084B1B781C
:107CC000BA1D12789A42C3D9FB1D1B781800BD4615
:107CD00002B080BD2C1300204D130020F8120020AC
:107CE0007C00002080B586B000AF0200FB1D1A703A
:107CF0000F23FB1800221A701623FB1800221A808B
:107D000001233B6118E03B69DBB21800FFF7E0FE9E
:107D100003009A6B80231B029A420AD11622BB18D9
:107D20001B88BA18591C11801A003B69D9B20C4B38
:107D300099543B6901333B613B69052BE3DD162315
:107D4000FB181A88FB1D1B7814211800F3F728FA7A
:107D50000F23FB181B781800BD4606B080BDC04637
:107D6000000C002080B582B000AFBB1D00221A704D
:107D7000FB1D01221A7029E0194B1B785A1E194B62
:107D80005200D35A1900FB1D1B78013B80221202BE
:107D90001A4113000B400AD1FB1D1B781800FFF796
:107DA00097FE030000211800FFF7BCFE09E0FB1D51
:107DB0001B781800FFF78CFE030001211800FFF765
:107DC000B1FEFB1D1A78FB1D01321A70FB1D1B78DA
:107DD000052BD1D9BB1D1B781800BD4602B080BD54
:107DE0002C130020F81200201748854600F045F8B3
:107DF00016481749174A002302E0D458C4500433E8
:107E0000C4188C42F9D3144A144C002301E01360C7
:107E10000432A242FBD312481249026800608A422F
:107E200005D000F02AF815F083F913F051FB0E4845
:107E30000E4901600E480D4901600E4801688D46EB
:107E400040680047FEE700000040022000000020DC
:107E5000BC0900200C610308C009002024BD0120DA
:107E6000F03F0220EFBEADDE4010024001000000F6
:107E7000000001400000FF1FFEE780B500AFC046D4
:107E8000BD4680BD80B582B000AF78607B689B68DE
:107E900001221A437B689A60C046BD4602B080BD8D
:107EA00080B582B000AF786039607B689B6818222B
:107EB00093431A003B681A437B689A60C046BD46EC
:107EC00002B080BD80B582B000AF786039607B6859
:107ED0003A685A61C046BD4602B080BD80B582B0E6
:107EE00000AF786039607B683A681A60C046BD466A
:107EF00002B080BD80B584B000AF78600A00BB1CC2
:107F00001A807B68FB60FB68BA1C12881A80C04626
:107F1000BD4604B080BD80B582B000AF78607B689C
:107F20001B689BB21800BD4602B080BD80B584B00E
:107F300000AF7860074B996B064B7A680A439A63E7
:107F4000044B9B6B7A681340FB60FB68C046BD46E0
:107F500004B080BD00100240B0B590B000AF020088
:107F6000FB1D1A701A23FB1805221A700023FB63ED
:107F70000023BB6300237B6300233B630023FB627E
:107F80000023BB6200237B6200233B620023FB6172
:107F9000002200233A617B611B23FB1800221A7028
:107FA0000E23FB1800221A8003F098FB031E02D058
:107FB0000E2301F0FDFB03F063FAC44B01221A709B
:107FC000C34B1A68C0239B0413400ED0C04B1A68E1
:107FD000C0239B041A4080235B049A420BD1BD4B03
:107FE0001A6880239B03134005D1BB4B1B689B027F
:107FF000BA4A134005E0B84B1B689B025B08B84ABD
:108000001340F722D20219001000E8F729F90B00FB
:10801000DB0AFB636BE0FB6B8022520294466344F5
:10802000DC02AB4B1A68C0239B0413400ED0A84B54
:108030001A68C0239B041A4080235B049A420BD128
:10804000A44B1A6880239B03134005D1A24B1B68E5
:108050009B02A24A134005E09F4B1B689B025B08F2
:108060009F4A13401900F723D802E8F773F803007A
:108070001900974B1A68C0239B0413400ED0944BF1
:108080001A68C0239B041A4080235B049A420BD1D8
:10809000904B1A6880239B03134005D18E4B1B68BD
:1080A0009B028E4A134005E08B4B1B689B025B08CA
:1080B0008B4A13404B43E318BB6300237B630EE002
:1080C000BA6B7B6BD218874B1A60BA6B7B6BD31879
:1080D0001A685B683A617B617B6B08337B637A6B00
:1080E00080231B019A42EBD3FB6B0133FB63784B7C
:1080F0001A68C0239B0413400ED0754B1A68C02326
:108100009B041A4080235B049A420BD1714B1A687E
:1081100080239B03134005D16F4B1B689B026F4A62
:10812000134005E06C4B1B689B025B086C4A1340D4
:10813000F722D20219001000E8F792F80B00DB0AD0
:108140000833FA6B9A4200D265E7604B00221A703E
:108150005F4B1A68C0239B0413400ED05C4B1A6817
:10816000C0239B041A4080235B049A420BD1594BD5
:108170001A6880239B03134005D1574B1B689B0251
:10818000564A134005E0544B1B689B025B08544A57
:108190001340F722D20219001000E8F761F80B0033
:1081A000DB0AFB6377E0FB6B802252029446634458
:1081B000DC02474B1A68C0239B0413400ED0444B8B
:1081C0001A68C0239B041A4080235B049A420BD197
:1081D000404B1A6880239B03134005D13E4B1B681C
:1081E0009B023E4A134005E03B4B1B689B025B0829
:1081F0003B4A13401900F723D802E7F7ABFF03000F
:108200001900334B1A68C0239B0413400ED0304B27
:108210001A68C0239B041A4080235B049A420BD146
:108220002C4B1A6880239B03134005D12A4B1B68F3
:108230009B022A4A134005E0274B1B689B025B0800
:10824000274A13404B43E318BB631A257C19BB6BC9
:10825000180003F0C5F8030023707B191B78022B6C
:1082600003D07B191B78012B03D1FB6A0133FB621E
:108270000EE01A23FB181B78032B09D1BB6A002BD5
:1082800001D1FB6B3B62FB6B7B62BB6A0133BB6260
:10829000FB6B0133FB630E4B1A68C0239B04134036
:1082A0000ED00B4B1A68C0239B041A4080235B043A
:1082B0009A4219D1074B1A6880239B03134013D1AC
:1082C000054B1B689B02054A134013E0F453002042
:1082D0000075FF1F20200240E075FF1F00FC0F000B
:1082E00000FE0700F0530020BE4B1B689B025B089A
:1082F000BD4A1340F722D20219001000E7F7B0FF81
:108300000B00DB0A0833FA6B9A4200D24BE7FB6A98
:10831000002B00D01AE1BB6A002B00D110E1B34B57
:108320001A68C0239B0413400ED0B04B1A68C023B8
:108330009B041A4080235B049A420BD1AC4B1A6811
:1083400080239B03134005D1A64B1B689B02A94ABF
:10835000134005E0A34B1B689B025B08A24A134035
:10836000F722D20219001000E7F77AFF0B00DB0AB0
:108370003A6AD31A0733072213401C009B4B1A6832
:10838000C0239B0413400ED0984B1A68C0239B0453
:108390001A4080235B049A420BD1954B1A688023C4
:1083A0009B03134005D18F4B1B689B02914A1340DE
:1083B00005E08C4B1B689B025B088B4A1340F7223D
:1083C000D20219001000E7F74BFF0B00DB0AE3189D
:1083D0008022520294466344DC02844B1A68C02314
:1083E0009B0413400ED0814B1A68C0239B041A4093
:1083F00080235B049A420BD17D4B1A6880239B0338
:10840000134005D1774B1B689B027A4A134005E065
:10841000744B1B689B025B08734A13401900F723D7
:10842000D802E7F797FE03001900704B1A68C023C3
:108430009B0413400ED06D4B1A68C0239B041A4056
:1084400080235B049A420BD1694B1A6880239B03FB
:10845000134005D1634B1B689B02664A134005E03D
:10846000604B1B689B025B085F4A13404B43E31859
:10847000180002F0B5FF0300042B67D15B4B1A68AC
:10848000C0239B0413400ED0584B1A68C0239B0492
:108490001A4080235B049A420BD1554B1A68802303
:1084A0009B03134005D14F4B1B689B02514A13405D
:1084B00005E04C4B1B689B025B084B4A1340F722BC
:1084C000D20219001000E7F7CBFE0B00DB0A7A6A34
:1084D000D31A0133072213401C00444B1A68C023EF
:1084E0009B0413400ED0414B1A68C0239B041A40D2
:1084F00080235B049A420BD13D4B1A6880239B0377
:10850000134005D1374B1B689B023A4A134005E0E4
:10851000344B1B689B025B08334A1340F722D2029C
:1085200019001000E7F79CFE0B00DB0AE31801219D
:10853000180002F0A3FD031E08D0022301F038F951
:10854000002001F043F9030001F032F9274B1A68CB
:10855000C0239B0413400ED0244B1A68C0239B04F5
:108560001A4080235B049A420BD1214B1A68802366
:108570009B03134005D11B4B1B689B021D4A1340F4
:1085800005E0184B1B689B025B08174A1340F72253
:10859000D20219001000E7F763FE0B00DB0AFB6351
:1085A0005AE2FB6B8022520294466344DC020F4B7A
:1085B0001A68C0239B0413400ED00C4B1A68C023CA
:1085C0009B041A4080235B049A4215D1084B1A6819
:1085D00080239B0313400FD1024B1B689B02054A6B
:1085E00013400FE0E075FF1F00FE07000075FF1F3E
:1085F0002020024000FC0F00CD4B1B689B025B0853
:10860000CC4A13401900F723D802E7F7A3FD030073
:108610001900C94B1A68C0239B0413400ED0C64BE7
:108620001A68C0239B041A4080235B049A420BD132
:10863000C24B1A6880239B03134005D1BC4B1B68B7
:108640009B02BF4A134005E0B94B1B689B025B08C5
:10865000B84A13404B43E318BB631A257C19BB6B24
:10866000180002F0BDFE030023707B191B78012B5C
:1086700000D0EEE1B04B1A68C0239B0413400ED02B
:10868000AD4B1A68C0239B041A4080235B049A42B6
:108690000BD1AA4B1A6880239B03134005D1A44B2E
:1086A0001B689B02A64A134005E0A14B1B689B0276
:1086B0005B08A04A1340F722D20219001000E7F726
:1086C000CFFD0B00DB0AFA6B9A4200D1E6E09A4B31
:1086D0001A68C0239B0413400ED0974B1A68C0231E
:1086E0009B041A4080235B049A420BD1934B1A6877
:1086F00080239B03134005D18D4B1B689B02904A3E
:10870000134005E08A4B1B689B025B08894A1340B3
:10871000F722D20219001000E7F7A2FD0B00DB0AD6
:108720000433FA6B9A4200D1B8E0834B1A68C02335
:108730009B0413400ED0804B1A68C0239B041A4040
:1087400080235B049A420BD17C4B1A6880239B03E5
:10875000134005D1764B1B689B02794A134005E014
:10876000734B1B689B025B08724A1340F722D202CC
:1087700019001000E7F774FD0B00DB0AFA6BD31A3F
:108780000733072213401C006B4B1A68C0239B045D
:1087900013400ED0684B1A68C0239B041A408023F4
:1087A0005B049A420BD1654B1A6880239B031340EC
:1087B00005D15F4B1B689B02614A134005E05C4B8F
:1087C0001B689B025B085B4A1340F722D202190028
:1087D0001000E7F745FD0B00DB0AE3188022520288
:1087E00094466344DC02544B1A68C0239B04134034
:1087F0000ED0514B1A68C0239B041A4080235B049F
:108800009A420BD14D4B1A6880239B03134005D12C
:10881000474B1B689B024A4A134005E0444B1B68C8
:108820009B025B08434A13401900F723D802E7F77D
:1088300091FC03001900404B1A68C0239B041340AD
:108840000ED03D4B1A68C0239B041A4080235B0462
:108850009A420BD1394B1A6880239B03134005D1F0
:10886000334B1B689B02364A134005E0304B1B68B4
:108870009B025B082F4A13404B43E318180002F099
:10888000AFFD0300032B04D11B23FB1800221A7039
:10889000C5E01B23FB1801221A70C0E0264B1A68A2
:1088A000C0239B0413400ED0234B1A68C0239B04A3
:1088B0001A4080235B049A420BD1204B1A68802314
:1088C0009B03134005D11A4B1B689B021C4A1340A3
:1088D00005E0174B1B689B025B08164A1340F72202
:1088E000D20219001000E7F7BBFC0B00DB0AFA6BA1
:1088F000D31A0133072213401C000F4B1A68C02300
:108900009B0413400ED00C4B1A68C0239B041A40E2
:1089100080235B049A4215D1084B1A6880239B037D
:1089200013400FD1024B1B689B02054A13400FE016
:10893000E075FF1F00FE07000075FF1F20200240AA
:1089400000FC0F00C54B1B689B025B08C44A134028
:10895000F722D20219001000E7F782FC0B00DB0AB5
:10896000E3188022520294466344DC02BD4B1A682D
:10897000C0239B0413400ED0BA4B1A68C0239B043B
:108980001A4080235B049A420BD1B74B1A688023AC
:108990009B03134005D1B14B1B689B02B34A1340A4
:1089A00005E0AE4B1B689B025B08AD4A1340190003
:1089B000F723D802E7F7CEFB03001900A94B1A688A
:1089C000C0239B0413400ED0A64B1A68C0239B04FF
:1089D0001A4080235B049A420BD1A34B1A68802370
:1089E0009B03134005D19D4B1B689B029F4A13407C
:1089F00005E09A4B1B689B025B08994A13404B4366
:108A0000E318180002F0ECFC031E04D11B23FB1832
:108A100000221A7003E01B23FB1801221A701B238B
:108A2000FB181B78002B14D1FB6BDAB2904B1A7039
:108A300001220021002001F0D5FD03001A0080234F
:108A40005B009A4202D00C2300F0B2FE0123FB61CE
:108A500030E0FB6B0133FB63824B1A68C0239B043D
:108A600013400ED07F4B1A68C0239B041A4080230A
:108A70005B049A420BD17C4B1A6880239B03134002
:108A800005D1764B1B689B02784A134005E0734B77
:108A90001B689B025B08724A1340F722D20219003E
:108AA0001000E7F7DDFB0B00DB0A0833FA6B9A4294
:108AB00000D276E500233B636A4B1A68C0239B040F
:108AC00013400ED0674B1A68C0239B041A408023C2
:108AD0005B049A420BD1644B1A6880239B031340BA
:108AE00005D15E4B1B689B02604A134005E05B4B5F
:108AF0001B689B025B085A4A1340F722D2021900F6
:108B00001000E7F7ADFB0B00DB0AFB635EE2FB6BDB
:108B10008022520294466344DC02524B1A68C023FE
:108B20009B0413400ED04F4B1A68C0239B041A407D
:108B300080235B049A420BD14B4B1A6880239B0322
:108B4000134005D1454B1B689B02484A134005E082
:108B5000424B1B689B025B08414A13401900F723F4
:108B6000D802E7F7F7FA030019003E4B1A68C02352
:108B70009B0413400ED03B4B1A68C0239B041A4041
:108B800080235B049A420BD1374B1A6880239B03E6
:108B9000134005D1314B1B689B02344A134005E05A
:108BA0002E4B1B689B025B082D4A13404B43E31876
:108BB000BB631A257C19BB6B180002F011FC030083
:108BC00023707B191B78022B00D0F5E1254B1A6826
:108BD000C0239B0413400ED0224B1A68C0239B0471
:108BE0001A4080235B049A420BD11F4B1A688023E2
:108BF0009B03134005D1194B1B689B021B4A134072
:108C000005E0164B1B689B025B08154A1340F722D0
:108C1000D20219001000E7F723FB0B00DB0AFA6B06
:108C20009A4200D1F2E00F4B1A68C0239B04134014
:108C30000ED00C4B1A68C0239B041A4080235B049F
:108C40009A4217D1084B1A6880239B03134011D115
:108C5000024B1B689B02054A134011E0E075FF1FA1
:108C600000FE07000075FF1F2020024000FC0F00DF
:108C7000EE530020CA4B1B689B025B08C94A134095
:108C8000F722D20219001000E7F7EAFA0B00DB0A1C
:108C90000433FA6B9A4200D1B8E0C34B1A68C02380
:108CA0009B0413400ED0C04B1A68C0239B041A408B
:108CB00080235B049A420BD1BC4B1A6880239B0330
:108CC000134005D1B64B1B689B02B94A134005E01F
:108CD000B34B1B689B025B08B24A1340F722D202D7
:108CE00019001000E7F7BCFA0B00DB0AFA6BD31A85
:108CF0000733072213401C00AB4B1A68C0239B04A8
:108D000013400ED0A84B1A68C0239B041A4080233E
:108D10005B049A420BD1A54B1A6880239B03134036
:108D200005D19F4B1B689B02A14A134005E09C4B59
:108D30001B689B025B089B4A1340F722D202190072
:108D40001000E7F78DFA0B00DB0AE31880225202CD
:108D500094466344DC02944B1A68C0239B0413407E
:108D60000ED0914B1A68C0239B041A4080235B04E9
:108D70009A420BD18D4B1A6880239B03134005D177
:108D8000874B1B689B028A4A134005E0844B1B6893
:108D90009B025B08834A13401900F723D802E7F7C8
:108DA000D9F903001900804B1A68C0239B041340B3
:108DB0000ED07D4B1A68C0239B041A4080235B04AD
:108DC0009A420BD1794B1A6880239B03134005D13B
:108DD000734B1B689B02764A134005E0704B1B687F
:108DE0009B025B086F4A13404B43E318180002F0E4
:108DF000F7FA0300032B04D11B23FB1800221A707F
:108E0000BBE01B23FB1801221A70B6E0664B1A6800
:108E1000C0239B0413400ED0634B1A68C0239B04ED
:108E20001A4080235B049A420BD1604B1A6880235E
:108E30009B03134005D15A4B1B689B025C4A1340AD
:108E400005E0574B1B689B025B08564A1340F7220C
:108E5000D20219001000E7F703FA0B00DB0AFA6BE5
:108E6000D31A0133072213401C004F4B1A68C0234A
:108E70009B0413400ED04C4B1A68C0239B041A402D
:108E800080235B049A420BD1484B1A6880239B03D2
:108E9000134005D1424B1B689B02454A134005E035
:108EA0003F4B1B689B025B083E4A1340F722D202ED
:108EB00019001000E7F7D4F90B00DB0AE318802251
:108EC000520294466344DC02374B1A68C0239B0469
:108ED00013400ED0344B1A68C0239B041A408023E1
:108EE0005B049A420BD1314B1A6880239B031340D9
:108EF00005D12B4B1B689B022D4A134005E0284BE4
:108F00001B689B025B08274A13401900F723D8020D
:108F1000E7F720F903001900234B1A68C0239B04CC
:108F200013400ED0204B1A68C0239B041A408023A4
:108F30005B049A420BD11D4B1A6880239B0313409C
:108F400005D1174B1B689B02194A134005E0144BCF
:108F50001B689B025B08134A13404B43E31818003D
:108F600002F03EFA031E04D11B23FB1800221A70E4
:108F700003E01B23FB1801221A701B23FB181B782C
:108F8000002B20D13B6B002B07D1FB6BDAB2094BD6
:108F90001A703B6B01333B6315E00A2300F008FCB9
:108FA000E075FF1F00FE07000075FF1F2020024034
:108FB00000FC0F00EE5300201A23FB181B78032B34
:108FC00001D1FB6B7B62FB6B0133FB63CD4B1A68FA
:108FD000C0239B0413400ED0CA4B1A68C0239B04C5
:108FE0001A4080235B049A420BD1C74B1A68802336
:108FF0009B03134005D1C54B1B689B02C44A134019
:1090000005E0C24B1B689B025B08C24A1340F72273
:10901000D20219001000E7F723F90B00DB0A08332E
:10902000FA6B9A4200D272E53B6B002B00D06BE0EA
:109030007B6ADCB2B34B1A68C0239B0413400ED08A
:10904000B04B1A68C0239B041A4080235B049A42E9
:109050000BD1AD4B1A6880239B03134005D1AB4B5A
:109060001B689B02AA4A134005E0A84B1B689B02A1
:109070005B08A84A1340F722D20219001000E7F754
:10908000EFF80B00DB0ADBB2E31ADBB20133DBB231
:1090900007221340DCB29B4B1A68C0239B04134089
:1090A0000ED0984B1A68C0239B041A4080235B049F
:1090B0009A420BD1944B1A6880239B03134005D12D
:1090C000924B1B689B02924A134005E08F4B1B6832
:1090D0009B025B088F4A1340F722D202190010004E
:1090E000E7F7BEF80B00DB0ADBB2E318DAB28A4B13
:1090F0001A70894B1B780221180001F0BFFF031E74
:1091000002D0022300F054FB844B00221A80844BCF
:1091100020221A6020237B636DE07F4B1B78802226
:10912000520294466344DC02764B1A68C0239B04C7
:1091300013400ED0734B1A68C0239B041A4080233F
:109140005B049A420BD1704B1A6880239B03134037
:1091500005D16E4B1B689B026D4A134005E06B4BBB
:109160001B689B025B086B4A13401900F723D80267
:10917000E6F7F0FF03001900624B1A68C0239B0456
:1091800013400ED05F4B1A68C0239B041A40802303
:109190005B049A420BD15C4B1A6880239B031340FB
:1091A00005D15A4B1B689B02594A134005E0574BA7
:1091B0001B689B025B08574A13404B43E2187B6BCA
:1091C000D3181A685B683A617B613B69013303D14C
:1091D0007B69013300D113E0504B1B8801339AB2F5
:1091E0004E4B1A804E4B1B6808331A004C4B1A60CA
:1091F0007B6B08337B637A6B80231B019A428CD391
:10920000454B1B78FB63444B1B783B62D0E03D4BE6
:109210001A68C0239B0413400ED03A4B1A68C0232F
:109220009B041A4080235B049A420BD1364B1A6888
:1092300080239B03134005D1344B1B689B02344AA7
:10924000134005E0314B1B689B025B08314A134019
:10925000F722D20219001000E7F702F80B00DB0A30
:10926000FA6BD31A0733072213401C00254B1A68E8
:10927000C0239B0413400ED0224B1A68C0239B04CA
:109280001A4080235B049A420BD11F4B1A6880233B
:109290009B03134005D11D4B1B689B021C4A1340C6
:1092A00005E01A4B1B689B025B081A4A1340F72221
:1092B000D20219001000E6F7D3FF0B00DB0AE31817
:1092C000FB63FB6B8022520294466344DC020D4B2D
:1092D0001A68C0239B0413400ED00A4B1A68C0239F
:1092E0009B041A4080235B049A421BD1064B1A68E8
:1092F00080239B03134015D1044B1B689B02044A37
:10930000134015E00075FF1F20200240E075FF1F8D
:1093100000FC0F0000FE0700EE530020EC5300207D
:109320004C020020C44B1B689B025B08C34A1340DD
:109330001900F723D802E6F70DFF03001900C04B10
:109340001A68C0239B0413400ED0BD4B1A68C0237B
:109350009B041A4080235B049A420BD1B94B1A68D4
:1093600080239B03134005D1B34B1B689B02B64A75
:10937000134005E0B04B1B689B025B08AF4A1340EB
:109380004B43E3181A257C19180002F029F8030052
:1093900023707B191B78032B08D1AC4B1B88FC3343
:1093A0009AB2AA4B1A80FB6B3B6201E00A23FFE1F1
:1093B000A34B1A68C0239B0413400ED0A04B1A681D
:1093C000C0239B041A4080235B049A420BD19D4B1F
:1093D0001A6880239B03134005D1974B1B689B029F
:1093E000994A134005E0944B1B689B025B08934A23
:1093F0001340F722D20219001000E6F731FF0B00EC
:10940000DB0AFA6B9A422DD08D4B1A68C0239B045D
:1094100013400ED08A4B1A68C0239B041A40802345
:109420005B049A420BD1874B1A6880239B0313403D
:1094300005D1814B1B689B02834A134005E07E4B9C
:109440001B689B025B087D4A1340F722D202190079
:109450001000E6F705FF0B00DB0A0433FA6B9A42B3
:1094600000D0D4E67A4B1B781C00754B1A68C023D9
:109470009B0413400ED0724B1A68C0239B041A4001
:1094800080235B049A420BD16E4B1A6880239B03A6
:10949000134005D1684B1B689B026B4A134005E0E3
:1094A000654B1B689B025B08644A1340F722D2029B
:1094B00019001000E6F7D4FE0B00DB0AE31A0133B3
:1094C000072213401C005E4B1A68C0239B04134004
:1094D0000ED05B4B1A68C0239B041A4080235B04A8
:1094E0009A420BD1574B1A6880239B03134005D136
:1094F000514B1B689B02544A134005E04E4B1B68BE
:109500009B025B084D4A1340F722D202190010005B
:10951000E6F7A6FE0B00DB0AE318FB63FB6B802279
:10952000520294466344DC02454B1A68C0239B04F4
:1095300013400ED0424B1A68C0239B041A4080236C
:109540005B049A420BD13F4B1A6880239B03134064
:1095500005D1394B1B689B023B4A134005E0364B53
:109560001B689B025B08354A13401900F723D80299
:10957000E6F7F0FD03001900314B1A68C0239B0485
:1095800013400ED02E4B1A68C0239B041A40802330
:109590005B049A420BD12B4B1A6880239B03134028
:1095A00005D1254B1B689B02274A134005E0224B3F
:1095B0001B689B025B08214A13404B43E318BB63C3
:1095C000D9E0FB1D1B78002B08D1FB6B0121180093
:1095D00001F0A6FF031E14D00123E9E080231A0145
:1095E000BB6B1100180000F0B4FD0300102B08D174
:1095F000FB6B0121180001F093FF031E01D0012332
:10960000D6E00F4B1A68C0239B0413400ED00C4BBE
:109610001A68C0239B041A4080235B049A4219D124
:10962000084B1A6880239B03134013D1024B1B681D
:109630009B02054A134013E0E075FF1F00FE070080
:109640000075FF1F2020024000FC0F00EC5300209B
:10965000EE530020584B1B689B025B08574A13408F
:10966000F722D20219001000E6F7FAFD0B00DB0A20
:10967000FA6BD31A0133072213401C00504B1A68AF
:10968000C0239B0413400ED04D4B1A68C0239B048B
:109690001A4080235B049A420BD14A4B1A688023FC
:1096A0009B03134005D1444B1B689B02464A134061
:1096B00005E0414B1B689B025B08404A1340F722C0
:1096C000D20219001000E6F7CBFD0B00DB0AE3180D
:1096D000FB63FB6B8022520294466344DC02384BEE
:1096E0001A68C0239B0413400ED0354B1A68C02360
:1096F0009B041A4080235B049A420BD1314B1A68B9
:1097000080239B03134005D12B4B1B689B022E4AE1
:10971000134005E0284B1B689B025B08274A134057
:109720001900F723D802E6F715FD03001900244BB2
:109730001A68C0239B0413400ED0214B1A68C02323
:109740009B041A4080235B049A420BD11D4B1A687C
:1097500080239B03134005D1174B1B689B021A4AB9
:10976000134005E0144B1B689B025B08134A13402F
:109770004B43E318BB63FA6B3B6A9A4200D020E785
:1097800001F05EFFFB69002B11D10E257C19002131
:10979000002001F09DFB030023807B191B88002B18
:1097A00005D07B191B88122B01D0022300E0002377
:1097B0001800BD4610B0B0BDE075FF1F00FE0700E9
:1097C0000075FF1F2020024000FC0F0090B585B0FF
:1097D00000AF0200FB1D1A700023FB6001F07EFF4A
:1097E000031E01D00E2331E19A4B1A68C0239B045B
:1097F00013400ED0974B1A68C0239B041A40802355
:109800005B049A420BD1944B1A6880239B0313404C
:1098100005D1924B1B689B02914A134005E08F4B88
:109820001B689B025B088F4A1340F722D202190083
:109830001000E6F715FD0B00DB0AFB6072E0FB1D74
:109840001B78002B08D1FB680121180001F068FE8D
:10985000031E64D00123F9E0FB6880225202944683
:109860006344DC027B4B1A68C0239B0413400ED078
:10987000784B1A68C0239B041A4080235B049A42E9
:109880000BD1754B1A6880239B03134005D1734B92
:109890001B689B02724A134005E0704B1B689B02D9
:1098A0005B08704A13401900F723D802E6F752FC10
:1098B00003001900674B1A68C0239B0413400ED0A5
:1098C000644B1A68C0239B041A4080235B049A42AD
:1098D0000BD1614B1A6880239B03134005D15F4B6A
:1098E0001B689B025E4A134005E05C4B1B689B02B1
:1098F0005B085C4A13404B43E318802212011100BD
:10990000180000F026FC0300102B08D1FB68012191
:10991000180001F005FE031E01D0012396E0FB684C
:109920000133FB604B4B1A68C0239B0413400ED0DD
:10993000484B1A68C0239B041A4080235B049A4258
:109940000BD1454B1A6880239B03134005D1434B31
:109950001B689B02424A134005E0404B1B689B0278
:109960005B08404A1340F722D20219001000E6F7C4
:1099700077FC0B00DB0A0833FA689A4200D25EE7F4
:1099800001F05EFE334B1A68C0239B0413400ED0D7
:10999000304B1A68C0239B041A4080235B049A4210
:1099A0000BD12D4B1A6880239B03134005D12B4B01
:1099B0001B689B022A4A134005E0284B1B689B0248
:1099C0005B08284A1340F722D20219001000E6F77C
:1099D00047FC0B00DB0A0221180001F04FFB031EBD
:1099E00001D0022332E0204B00221A80194B1A6862
:1099F000C0239B0413400ED0164B1A68C0239B044F
:109A00001A4080235B049A420BD1134B1A688023BF
:109A10009B03134005D1114B1B689B02104A134056
:109A200005E00E4B1B689B025B080E4A1340F722B1
:109A3000D20219001000E6F713FC0B00DB0ADAB2C1
:109A40000A4B1A700A4B20221A6000231800BD46E8
:109A500005B090BD0075FF1F20200240E075FF1F7C
:109A600000FC0F0000FE0700EC530020EE53002026
:109A70004C020020B0B584B000AF02003960BB1DBD
:109A80001A80BB1D1B88002B1CD0BB1D1B88104AD5
:109A9000934217D00023BB600E257B1900221A8049
:109AA0007C190823FA18BB1D1B881100180000F050
:109AB00087F903002380BB689AB23B681A807B1940
:109AC0001B8800E008231800BD4604B0B0BDC046A6
:109AD000FFFF000080B582B000AF0200BB1D1A80FE
:109AE0003B1D0A1C1A80BB1D1B88002B0ED0BB1D02
:109AF0001B88094A934209D03B1D1A88BB1D1B884D
:109B00001100180000F0FCFA030000E00823180020
:109B1000BD4602B080BDC046FFFF000090B587B0D3
:109B200000AF00237B6100233B610023FB60002327
:109B3000BB60FB1D05221A70BB1D05221A709B4BD2
:109B40001A68C0239B0413400ED0984B1A68C02398
:109B50009B041A4080235B049A420BD1944B1A68F1
:109B600080239B03134005D1924B1B689B02924AB2
:109B7000134005E08F4B1B689B025B088F4A134024
:109B8000F722D20219001000E6F76AFB0B00DB0A8D
:109B90007B61D8E07B698022520294466344DC02F8
:109BA000824B1A68C0239B0413400ED07F4B1A6867
:109BB000C0239B041A4080235B049A420BD17C4B48
:109BC0001A6880239B03134005D17A4B1B689B02C4
:109BD000794A134005E0774B1B689B025B08774A84
:109BE00013401900F723D802E6F7B4FA030019006E
:109BF0006E4B1A68C0239B0413400ED06B4B1A683F
:109C0000C0239B041A4080235B049A420BD1684B0B
:109C10001A6880239B03134005D1664B1B689B0287
:109C2000654A134005E0634B1B689B025B08634A6F
:109C300013404B43E318FB60FC1DFB68180001F068
:109C4000CFFB03002370FB1D1B78042B00D077E0B3
:109C50007B6901333B6161E03B698022520294469B
:109C60006344DC02514B1A68C0239B0413400ED09E
:109C70004E4B1A68C0239B041A4080235B049A420F
:109C80000BD14B4B1A6880239B03134005D1494BE2
:109C90001B689B02484A134005E0464B1B689B0229
:109CA0005B08464A13401900F723D802E6F752FA38
:109CB000030019003D4B1A68C0239B0413400ED0CB
:109CC0003A4B1A68C0239B041A4080235B049A42D3
:109CD0000BD1374B1A6880239B03134005D1354BBA
:109CE0001B689B02344A134005E0324B1B689B0201
:109CF0005B08324A13404B43E318BB60BC1DBB6892
:109D0000180001F06DFB03002370BB1D1B78042BB2
:109D100001D0052346E03B6901333B617B69043395
:109D20003A699A4298D37B690421180001F0F8FB44
:109D3000031E01D0012335E001F082FC002331E055
:109D40007B6904337B61194B1A68C0239B04134061
:109D50000ED0164B1A68C0239B041A4080235B0464
:109D60009A420BD1124B1A6880239B03134005D1F2
:109D7000104B1B689B02104A134005E00D4B1B68FB
:109D80009B025B080D4A1340F722D2021900100013
:109D9000E6F766FA0B00DB0A08337A699A4200D2CA
:109DA000F8E605231800BD4607B090BD0075FF1FFB
:109DB00020200240E075FF1F00FC0F0000FE07009E
:109DC000F0B58FB000AF020039611623FB181A807E
:109DD000002200233A627B6200237B6300233B6303
:109DE0000023FB620023FB611B2310229B18DB195D
:109DF00005221A70002000F0D3F903007B637B6B0F
:109E0000013301D103236CE17B6B80225202944623
:109E10006344DE02B54B1A68C0239B0413400ED086
:109E2000B24B1A68C0239B041A4080235B049A42F9
:109E30000BD1AF4B1A6880239B03134005D1AD4B68
:109E40001B689B02AC4A134005E0AA4B1B689B02AF
:109E50005B08AA4A13401900F723D802E6F77AF9FB
:109E600003001900A14B1A68C0239B0413400ED0B5
:109E70009E4B1A68C0239B041A4080235B049A42BD
:109E80000BD19B4B1A6880239B03134005D1994B40
:109E90001B689B02984A134005E0964B1B689B0287
:109EA0005B08964A13404B43F3183B631B23102275
:109EB0009B18DE193B6B180001F092FA0300337017
:109EC000FAE0FF23DB00FB623DE03A6BFB6AD3184C
:109ED0001A685B683A627B623B6A013302D17B6A33
:109EE00001332DD03A6A7B6A131C9BB21622BA1832
:109EF00012889A4224D17B6A1B00BB600023FB605E
:109F0000B8683A6A7B6A131C9BB2190001F0D2FA56
:109F10000300FB617B6A1B043A6A140C1C437B6AD6
:109F20001D0CA3B21A00FB69934209D17B6A1B0086
:109F30003B6000237B603A683B691A600023D0E0F5
:109F4000FB6A083BFB62FB6A1F2BBED8674B1A6893
:109F5000C0239B0413400ED0644B1A68C0239B049B
:109F60001A4080235B049A420BD1614B1A6880230C
:109F70009B03134005D15F4B1B689B025E4A134055
:109F800005E05C4B1B689B025B085C4A1340F722B0
:109F9000D20219001000E6F763F90B00DB0A7A6BB6
:109FA000D31A0733072213401E00504B1A68C023F0
:109FB0009B0413400ED04D4B1A68C0239B041A40DB
:109FC00080235B049A420BD1494B1A6880239B0380
:109FD000134005D1474B1B689B02474A134005E0DD
:109FE000444B1B689B025B08444A1340F722D20291
:109FF00019001000E6F734F90B00DB0AF3187B6355
:10A000007B6B8022520294466344DE02374B1A680F
:10A01000C0239B0413400ED0344B1A68C0239B040A
:10A020001A4080235B049A420BD1314B1A6880237B
:10A030009B03134005D12F4B1B689B022E4A1340F4
:10A0400005E02C4B1B689B025B082C4A134019004F
:10A05000F723D802E6F77EF803001900234B1A68AD
:10A06000C0239B0413400ED0204B1A68C0239B04CE
:10A070001A4080235B049A420BD11D4B1A6880233F
:10A080009B03134005D11B4B1B689B021A4A1340CC
:10A0900005E0184B1B689B025B08184A13404B43B2
:10A0A000F3183B631B2310229B18DE193B6B18002F
:10A0B00001F096F9030033701B2210215318DB19AD
:10A0C0001B78022B00D1FCE65318DB191B78032BFD
:10A0D00000D1F6E65318DB191B78042B00D1F0E60B
:10A0E00007231800BD460FB0F0BDC0460075FF1F26
:10A0F00020200240E075FF1F00FC0F0000FE07005B
:10A10000B0B584B000AF02003960BB1D1A800E25C7
:10A110007B1900221A807C193A68BB1D1B8811002C
:10A12000180000F0D5FE030023807B191B88122B3A
:10A1300008D13968BB1D1B880022180000F052FAB4
:10A14000030002E00E23FB181B881800BD4604B074
:10A15000B0BD80B584B000AF786039600E23FB18C5
:10A1600011221A800023BB600FE07A68BB68D31805
:10A170001A685B68511C01D1013303D00E23FB1810
:10A1800010221A80BB680833BB60BA683B689A42E9
:10A19000EBD30E23FB181B881800BD4604B080BD0E
:10A1A00090B587B000AF0200FB1D1A701723FB1893
:10A1B00005221A701623FB1805221A7000233B6132
:10A1C0000023FB600023BB60CB4B1B783B613B69EA
:10A1D0008022520294466344DC02C84B1A68C023B2
:10A1E0009B0413400ED0C54B1A68C0239B041A4031
:10A1F00080235B049A420BD1C14B1A6880239B03D6
:10A20000134005D1BF4B1B689B02BF4A134005E0BA
:10A21000BC4B1B689B025B08BC4A13401900F72328
:10A22000D802E5F797FF03001900B44B1A68C02362
:10A230009B0413400ED0B14B1A68C0239B041A40F4
:10A2400080235B049A420BD1AD4B1A6880239B0399
:10A25000134005D1AB4B1B689B02AB4A134005E092
:10A26000A84B1B689B025B08A84A13404B43E318AA
:10A270001722BC18180001F0B3F8030023709F4B9D
:10A280001A68C0239B0413400ED09C4B1A68C0234D
:10A290009B041A4080235B049A420BD1984B1A68A6
:10A2A00080239B03134005D1964B1B689B02964A63
:10A2B000134005E0934B1B689B025B08934A1340D5
:10A2C000F722D20219001000E5F7CAFF0B00DB0AE3
:10A2D0003A69D31A0133072213401C00874B1A68CE
:10A2E000C0239B0413400ED0844B1A68C0239B04E8
:10A2F0001A4080235B049A420BD1814B1A68802359
:10A300009B03134005D17F4B1B689B027E4A134081
:10A3100005E07C4B1B689B025B087C4A1340F722DC
:10A32000D20219001000E5F79BFF0B00DB0AE318CF
:10A33000FB60FB688022520294466344DC026F4B50
:10A340001A68C0239B0413400ED06C4B1A68C023BC
:10A350009B041A4080235B049A420BD1684B1A6815
:10A3600080239B03134005D1664B1B689B02664A02
:10A37000134005E0634B1B689B025B08634A134074
:10A380001900F723D802E5F7E5FE030019005B4B3F
:10A390001A68C0239B0413400ED0584B1A68C02380
:10A3A0009B041A4080235B049A420BD1544B1A68D9
:10A3B00080239B03134005D1524B1B689B02524ADA
:10A3C000134005E04F4B1B689B025B084F4A13404C
:10A3D0004B43E3181622BC18180001F001F80300E3
:10A3E0002370464B1A68C0239B0413400ED0434B86
:10A3F0001A68C0239B041A4080235B049A420BD145
:10A400003F4B1A6880239B03134005D13D4B1B68CB
:10A410009B023D4A134005E03A4B1B689B025B08D8
:10A420003A4A1340F722D20219001000E5F718FF4C
:10A430000B00DB0A3A69D31A0733072213401C00CA
:10A440002E4B1A68C0239B0413400ED02B4B1A6866
:10A45000C0239B041A4080235B049A420BD1284BF3
:10A460001A6880239B03134005D1264B1B689B026F
:10A47000254A134005E0234B1B689B025B08234AD7
:10A480001340F722D20219001000E5F7E9FE0B0095
:10A49000DB0AE318BB60FB1D1B78022B00D18EE0AA
:10A4A00000DD96E0002B00D178E0012B00D090E099
:10A4B0001723FB181B78022B3BD1154B1A688023FE
:10A4C0001B019A4201D23B6985E01623FB181B78D9
:10A4D000042B06D1FFF722FB031E02D001235B42AF
:10A4E00079E03B690321180000F0C8FD031E11D07C
:10A4F00001235B426FE0C046EE5300200075FF1F52
:10A5000020200240E075FF1F00FC0F0000FE070046
:10A510004C020020FB680221180000F0AFFD031E72
:10A5200002D001235B4256E02D4B20221A60FB68CB
:10A5300051E01723FB181B78012B2CD1284B1A68EC
:10A5400080231B019A4201D23B6944E01623FB1889
:10A550001B78042B06D1FFF7E1FA031E02D001237A
:10A560005B4238E03B690321180000F087FD031EC1
:10A5700002D001235B422EE0FB680121180000F0AD
:10A580007DFD031E02D001235B4224E0144B2022F8
:10A590001A60FB681FE001235B421CE01723FB18D5
:10A5A0001B78022B01D13B6915E01723FB181B78A0
:10A5B000012B01D1BB680EE001235B420BE01623A7
:10A5C000FB181B78002B01D1FB6804E001235B42E0
:10A5D00001E001235B421800BD4607B090BDC046B4
:10A5E0004C020020B0B58AB000AF39601100BB1D2D
:10A5F000021C1A807B1D0A1C1A702723FB180522D7
:10A600001A700023BB6100233B620023FB61002220
:10A6100000233A617B610E23FB1800221A8000237D
:10A62000BB607B1D1B78002B01D1022300E00123BE
:10A630001800FFF7B5FD03003B623B6A013302D10E
:10A64000042300F032FCCC4B00221A803B6ADAB2C1
:10A65000CA4B1A70CA4B20221A607B1D1B78002B34
:10A6600009D13B6A0121180000F008FD031E02D049
:10A67000022300F01AFCC34B1A68C0239B0413404A
:10A680000ED0C04B1A68C0239B041A4080235B0481
:10A690009A420BD1BC4B1A6880239B03134005D10F
:10A6A000BA4B1B689B02BA4A134005E0B74B1B68C4
:10A6B0009B025B08B74A1340F722D2021900100030
:10A6C000E5F7CEFD0B00DB0A3A6AD31A07330722FF
:10A6D00013401C00AB4B1A68C0239B0413400ED0E0
:10A6E000A84B1A68C0239B041A4080235B049A423B
:10A6F0000BD1A54B1A6880239B03134005D1A34BB4
:10A700001B689B02A24A134005E0A04B1B689B02FA
:10A710005B08A04A1340F722D20219001000E5F7A7
:10A720009FFD0B00DB0AE3183B623B6A802252026A
:10A7300094466344DC02934B1A68C0239B04134085
:10A740000ED0904B1A68C0239B041A4080235B04F0
:10A750009A420BD18C4B1A6880239B03134005D17E
:10A760008A4B1B689B028A4A134005E0874B1B6893
:10A770009B025B08874A13401900F723D802E5F7CC
:10A78000E9FC030019007F4B1A68C0239B041340A7
:10A790000ED07C4B1A68C0239B041A4080235B04B4
:10A7A0009A420BD1784B1A6880239B03134005D142
:10A7B000764B1B689B02764A134005E0734B1B687F
:10A7C0009B025B08734A13404B43E318BB61272588
:10A7D0007C19BB69180000F003FE030023707B198D
:10A7E0001B78022B04D07B191B78042B00D0A1E12D
:10A7F0002723FB181B78022B09D13B6A0421180080
:10A8000000F03CFC031E02D0022300F04EFB5D4B27
:10A810001A68C0239B0413400ED05A4B1A68C023F9
:10A820009B041A4080235B049A420BD1564B1A6852
:10A8300080239B03134005D1544B1B689B02544A51
:10A84000134005E0514B1B689B025B08514A1340C3
:10A85000F722D20219001000E5F702FD0B00DB0A17
:10A860003A6AD31A0733072213401C00454B1A6873
:10A87000C0239B0413400ED0424B1A68C0239B0494
:10A880001A4080235B049A420BD13F4B1A68802305
:10A890009B03134005D13D4B1B689B023C4A134070
:10A8A00005E03A4B1B689B025B083A4A1340F722CB
:10A8B000D20219001000E5F7D3FC0B00DB0AE31805
:10A8C0003B623B6A8022520294466344DC022D4B79
:10A8D0001A68C0239B0413400ED02A4B1A68C02369
:10A8E0009B041A4080235B049A420BD1264B1A68C2
:10A8F00080239B03134005D1244B1B689B02244AF1
:10A90000134005E0214B1B689B025B08214A134062
:10A910001900F723D802E5F71DFC03001900194BB5
:10A920001A68C0239B0413400ED0164B1A68C0232C
:10A930009B041A4080235B049A420BD1124B1A6885
:10A9400080239B03134005D1104B1B689B02104AC8
:10A95000134005E00D4B1B689B025B080D4A13403A
:10A960004B43E318BB612723FC18BB69180000F0B8
:10A9700037FD03002370D1E0EC530020EE5300209C
:10A980004C0200200075FF1F20200240E075FF1FD1
:10A9900000FC0F0000FE07002723FB181B78032B89
:10A9A00008D13B6A0421180000F068FB031E01D0A7
:10A9B00002237AE2CA4B1A68C0239B0413400ED0CC
:10A9C000C74B1A68C0239B041A4080235B049A4239
:10A9D0000BD1C44B1A6880239B03134005D1C24B93
:10A9E0001B689B02C14A134005E0BF4B1B689B02DA
:10A9F0005B08BF4A1340F722D20219001000E5F7A6
:10AA00002FFC0B00DB0A3A6AD31A073307221340E4
:10AA10001C00B34B1A68C0239B0413400ED0B04BEC
:10AA20001A68C0239B041A4080235B049A420BD10E
:10AA3000AC4B1A6880239B03134005D1AA4B1B68BB
:10AA40009B02AA4A134005E0A74B1B689B025B08C8
:10AA5000A74A1340F722D20219001000E5F700FCC4
:10AA60000B00DB0AE3183B623B6A802252029446E9
:10AA70006344DC029A4B1A68C0239B0413400ED037
:10AA8000974B1A68C0239B041A4080235B049A42A8
:10AA90000BD1944B1A6880239B03134005D1924B32
:10AAA0001B689B02914A134005E08F4B1B689B0279
:10AAB0005B088F4A13401900F723D802E5F74AFBD9
:10AAC00003001900864B1A68C0239B0413400ED064
:10AAD000834B1A68C0239B041A4080235B049A426C
:10AAE0000BD1804B1A6880239B03134005D17E4B0A
:10AAF0001B689B027D4A134005E07B4B1B689B0251
:10AB00005B087B4A13404B43E318BB612723FC18C7
:10AB1000BB69180000F064FC030023702722BB18F7
:10AB20001B78032B00D137E7BB181B78042B00D10F
:10AB300032E70AE07B1D1B78012B04D12723FB1889
:10AB40001B78032B01D00A23AFE17B1D1B78012B5F
:10AB500000D050E12023FB616DE0664B1B78802222
:10AB6000520294466344DC025D4B1A68C0239B0486
:10AB700013400ED05A4B1A68C0239B041A408023FE
:10AB80005B049A420BD1574B1A6880239B031340F6
:10AB900005D1554B1B689B02544A134005E0524BAC
:10ABA0001B689B025B08524A13401900F723D80226
:10ABB000E5F7D0FA03001900494B1A68C0239B043B
:10ABC00013400ED0464B1A68C0239B041A408023C2
:10ABD0005B049A420BD1434B1A6880239B031340BA
:10ABE00005D1414B1B689B02404A134005E03E4B98
:10ABF0001B689B025B083E4A13404B43E218FB690B
:10AC0000D3181A685B683A617B613B69013303D1F1
:10AC10007B69013300D113E0374B1B8801339AB2B3
:10AC2000354B1A80354B1B6808331A00334B1A60BA
:10AC3000FB690833FB61FA6980231B019A428CD3BC
:10AC40002C4B1B783B620023FB61CEE0244B1A683F
:10AC5000C0239B0413400ED0214B1A68C0239B04D1
:10AC60001A4080235B049A420BD11E4B1A68802342
:10AC70009B03134005D11C4B1B689B021B4A1340CE
:10AC800005E0194B1B689B025B08194A1340F72229
:10AC9000D20219001000E5F7E3FA0B00DB0A3A6A6A
:10ACA000D31A0733072213401C000D4B1A68C02328
:10ACB0009B0413400ED00A4B1A68C0239B041A4011
:10ACC00080235B049A421BD1064B1A6880239B03A6
:10ACD000134015D1044B1B689B02044A134015E036
:10ACE0000075FF1F20200240E075FF1F00FC0F00D1
:10ACF00000FE0700EE530020EC5300204C02002021
:10AD00006C4B1B689B025B086B4A1340F722D20214
:10AD100019001000E5F7A4FA0B00DB0AE3183B6208
:10AD20003B6A8022520294466344DC02634B1A68F9
:10AD3000C0239B0413400ED0604B1A68C0239B04B1
:10AD40001A4080235B049A420BD15D4B1A68802322
:10AD50009B03134005D1574B1B689B02594A134074
:10AD600005E0544B1B689B025B08534A13401900D3
:10AD7000F723D802E5F7EEF9030019004F4B1A68E4
:10AD8000C0239B0413400ED04C4B1A68C0239B0475
:10AD90001A4080235B049A420BD1494B1A688023E6
:10ADA0009B03134005D1434B1B689B02454A13404C
:10ADB00005E0404B1B689B025B083F4A13404B4336
:10ADC000E31827257C19180000F00AFB0300237004
:10ADD0007B191B78032B0DD13B4B1B88FC339AB29C
:10ADE000394B1A80FB690133FB61FB69072B00D8E3
:10ADF0002CE700E0C0463A68BB1D1B881100180014
:10AE000000F066F8031E01D002234EE02E4B1B8893
:10AE1000022B03D92C4B1B88023B00E00123FB6172
:10AE200032E0BB1D1B88FA699A422AD0FB699BB2AB
:10AE30000E257C190822BA1811001800FEF7C0FF71
:10AE40000300238029007B181B88002B11D1FB698C
:10AE50009BB2BA680D007C181100180000F038F899
:10AE6000030023807B191B88002B0AD07B191B88C9
:10AE70001BE00E22BB181B88072B02D0BB181B88B7
:10AE800013E0FB690133FB61FA69FA239B009A42E4
:10AE9000C7D90E4B1B780221180000F0EFF8031EF3
:10AEA00001D0022301E080235B001800BD460AB0F8
:10AEB000B0BDC046E075FF1F00FE07000075FF1F14
:10AEC0002020024000FC0F00EC530020EE53002035
:10AED000F0B591B000AF0300B9622E22BA1813800A
:10AEE0000023FB635E4B1A88FC239B009A4201D32C
:10AEF0001223B1E00120FFF753F90300BB630023E5
:10AF00007B63BB6B013301D10323A5E0BB6B8022C4
:10AF1000520294466344DE02524B1A68C0239B04DB
:10AF200013400ED04F4B1A68C0239B041A40802355
:10AF30005B049A420BD14C4B1A6880239B0313404D
:10AF400005D14A4B1B689A02494B134005E0474B19
:10AF50001B689B025A08474B13401900F723D8027D
:10AF6000E5F7F8F8030019003E4B1A68C0239B046C
:10AF700013400ED03B4B1A68C0239B041A40802319
:10AF80005B049A420BD1384B1A6880239B03134011
:10AF900005D1364B1B689A02354B134005E0334B05
:10AFA0001B689B025A08334B13404B43F3187B63D7
:10AFB000BB6A002B07D12E23FB181B88002B02D164
:10AFC0000023FB6309E02E23FB181A88BB6A1100DB
:10AFD000180000F06FFA0300FB63274B1A687B6BC5
:10AFE000D118BB6ABB610023FB61BB691B007B629C
:10AFF00000233B62FB6B1B043B6100237B61386ACF
:10B000003A697B69160030430400786A18430500EA
:10B010002E23FB181B889BB2BB600023FB60BA6821
:10B02000FB681000204338602B437B603A687B68E4
:10B03000080000F063FA031E01D002230CE00E4B5F
:10B040001B6808331A000C4B1A60054B1B88013330
:10B050009AB2034B1A8000231800BD4611B0F0BD10
:10B06000EC5300200075FF1F20200240E075FF1FF9
:10B0700000FC0F0000FE07004C02002090B587B0D6
:10B0800000AF78600A00FB1C1A7000237B6100236C
:10B090003B610023FB600023BB607B68802252027F
:10B0A00094466344DC02C44B1A68C0239B041340DB
:10B0B0000ED0C14B1A68C0239B041A4080235B0446
:10B0C0009A420BD1BD4B1A6880239B03134005D1D4
:10B0D000BB4B1B689B02BB4A134005E0B84B1B6887
:10B0E0009B025B08B84A13401900F723D802E5F722
:10B0F00031F803001900B04B1A68C0239B041340B9
:10B100000ED0AD4B1A68C0239B041A4080235B0409
:10B110009A420BD1A94B1A6880239B03134005D197
:10B12000A74B1B689B02A74A134005E0A44B1B6872
:10B130009B025B08A44A13404B43E3187B617B6886
:10B140008022520294466344DC029B4B1A68C0235F
:10B150009B0413400ED0984B1A68C0239B041A40DE
:10B1600080235B049A420BD1944B1A6880239B0383
:10B17000134005D1924B1B689B02924A134005E095
:10B180008F4B1B689B025B088F4A13401900F72303
:10B19000D802E4F7DFFF03001900874B1A68C023C9
:10B1A0009B0413400ED0844B1A68C0239B041A40A2
:10B1B00080235B049A420BD1804B1A6880239B0347
:10B1C000134005D17E4B1B689B027E4A134005E06D
:10B1D0007B4B1B689B025B087B4A13404B43E31885
:10B1E00008333B617B688022520294466344DC0250
:10B1F000714B1A68C0239B0413400ED06E4B1A6823
:10B20000C0239B041A4080235B049A420BD16B4BF2
:10B210001A6880239B03134005D1694B1B689B026E
:10B22000684A134005E0664B1B689B025B08664A50
:10B2300013401900F723D802E4F78CFF030019002C
:10B240005D4B1A68C0239B0413400ED05A4B1A68FA
:10B25000C0239B041A4080235B049A420BD1574BB6
:10B260001A6880239B03134005D1554B1B689B0232
:10B27000544A134005E0524B1B689B025B08524A3C
:10B2800013404B43E3181033FB607B68802252026B
:10B2900094466344DC02484B1A68C0239B04134065
:10B2A0000ED0454B1A68C0239B041A4080235B04D0
:10B2B0009A420BD1414B1A6880239B03134005D15E
:10B2C0003F4B1B689B023F4A134005E03C4B1B6809
:10B2D0009B025B083C4A13401900F723D802E4F7AD
:10B2E00039FF03001900344B1A68C0239B04134034
:10B2F0000ED0314B1A68C0239B041A4080235B0494
:10B300009A420BD12D4B1A6880239B03134005D121
:10B310002B4B1B689B022B4A134005E0284B1B68F4
:10B320009B025B08284A13404B43E3181833BB6069
:10B33000FB1C1B78042B30D039DC032B23D036DCEC
:10B34000012B02D0022B0FD031E0204A1F4B79692C
:10B35000080000F0D3F8031E01D002233CE07B6814
:10B36000DAB21B4B1A7036E0184A184B39690800DC
:10B3700000F0C4F8031E01D002232DE07B68DAB28E
:10B38000134B1A7027E0114A104BF968080000F0BF
:10B39000B5F8031E0DD002231EE00C4A0B4BB96812
:10B3A000080000F0ABF8031E14D0022314E0C046DE
:10B3B00011E0C0460FE0C0460075FF1F202002408C
:10B3C000E075FF1F00FC0F0000FE0700AAAAAAAA52
:10B3D000EE530020C04600231800BD4607B090BDC4
:10B3E00080B58AB000AF7860002200233A627B62A9
:10B3F00000220023BA61FB61002200233A617B61D5
:10B4000000220023BA60FB607B681A685B683A62BE
:10B410007B627B6808331A685B68BA61FB617B6892
:10B4200010331A685B683A617B617B6818331A686D
:10B430005B68BA60FB60BB68013302D1FB68013313
:10B4400001D0042318E03B69013302D17B69013349
:10B4500001D0032310E0BB69013302D1FB69013342
:10B4600001D0022308E03B6A013302D17B6A013339
:10B4700001D0012300E000231800BD460AB080BDC2
:10B4800080B500AF80235B011800FCF74FFD074A31
:10B49000074B11001800FCF715FD054B082118009B
:10B4A000FCF7FEFCC046BD4680BDC04605800000DE
:10B4B0000030024080B582B000AF78600A00BB1C4B
:10B4C0001A800D4B1800FCF7DDFC7B680A4A190056
:10B4D0001000FCF703FDBB1C1B88074A1900100075
:10B4E000FCF708FD044B1800FCF715FD03001800DD
:10B4F000BD4602B080BDC0460030024080B584B079
:10B5000000AFF8603A607B603A687B68F9680120B8
:10B510000AF044FD03001800BD4604B080BD0000E1
:10B5200090B58BB000AF78600A00BB1C1A80262350
:10B53000FB1800221A800023FB607B6880225202E5
:10B5400094466344DC02394B1A68C0239B041340C1
:10B550000ED0364B1A68C0239B041A4080235B042C
:10B560009A420BD1324B1A6880239B03134005D1BA
:10B57000304B1B689B02304A134005E02D4B1B6883
:10B580009B025B082D4A13401900F723D802E4F709
:10B59000E1FD03001900254B1A68C0239B041340EA
:10B5A0000ED0224B1A68C0239B041A4080235B04F0
:10B5B0009A420BD11E4B1A6880239B03134005D17E
:10B5C0001C4B1B689B021C4A134005E0194B1B686F
:10B5D0009B025B08194A13404B43E318180000F024
:10B5E00035F803003B6210217B183A6A5A607B18D9
:10B5F00002221A60BB1C1A887B18DA607B187A68F2
:10B600009A600C23FA187B18110018000AF0C8FD84
:10B61000031E03D02623FB1801221A802623FB18C1
:10B620001B881800BD460BB090BDC0460075FF1FBB
:10B6300020200240E075FF1F00FC0F0000FE070005
:10B6400080B500AFC046BD4680BD000080B584B067
:10B6500000AF78600023FB601B4B1A68C0239B047B
:10B6600013400ED0184B1A68C0239B041A40802345
:10B670005B049A420FD1154B1A6880239B03134039
:10B6800009D1134B1B689B02124A134080221205FA
:10B690009446634409E00E4B1B689B025B080E4A0C
:10B6A000134080221205944663447A68934202D97B
:10B6B0000423FB6002E080231B02FB60FB68180090
:10B6C000BD4604B080BDC0460075FF1F202002406B
:10B6D000E075FF1F00FC0F0000FE070080B582B080
:10B6E00000AFBB1D00221A80BB1D1B881800BD4681
:10B6F00002B080BD80B582B000AF0200FB1D1A70A1
:10B70000FB1D1B78180000F077FA03001800BD46F7
:10B7100002B080BD80B582B000AF0200FB1D1A7080
:10B72000FB1D1B78180000F073FB03001800BD46DA
:10B7300002B080BDB0B584B000AFB9607A603B6044
:10B740000F257B19021C1A703C687A68B9687B194E
:10B750001878230000F072FB03001800BD4604B007
:10B76000B0BDB0B584B000AFB9607A603B600F2562
:10B770007B19021C1A703C687A68B9687B191878C2
:10B78000230000F0CFFB03001800BD4604B0B0BD9D
:10B7900080B582B000AF3A60FB1D021C1A70BB1D61
:10B7A0000A1C1A703A68BB1D1978FB1D1B7818001B
:10B7B00000F04AFC03001800BD4602B080BD000046
:10B7C00080B500AF084A094B1100180005F02CFAAB
:10B7D000031E02D001235B4203E0054B01221A70D5
:10B7E00000231800BD4680BD4854002054020020AC
:10B7F0004C54002080B500AF00231800BD4680BD2A
:10B8000080B500AF80239B000348002219000AF096
:10B81000D8FFC046BD4680BD0004005080B500AFD3
:10B8200080239B000348012219000AF0CAFFC0468A
:10B83000BD4680BD0004005080B582B000AF02005C
:10B84000FB1D1A70C046094B18000DF0E9F9030002
:10B85000012BF8D1FA239B00F91D044801220CF0BA
:10B8600045FDC046BD4602B080BDC0460050002028
:10B8700080B584B002AFFB1DFF221A70BB1D0022F1
:10B880001A70C0460A4B18000DF0CAF90300012BCC
:10B89000F8D1BA1DF91D0648FA239B000093012335
:10B8A0000CF0ACFEBB1D1B781800BD4602B080BD7D
:10B8B0000050002080B582B000AF7860FFF7D8FF5D
:10B8C00003001A007B681A70C046BD4602B080BDF6
:10B8D00090B583B000AF0C4B32221A70FFF7C8FF4F
:10B8E000FC1DFFF7C5FF03002370FB1D1B78FF2B1A
:10B8F00004D0054B1B78DBB2002BF1D1FB1D1B786C
:10B900001800BD4603B090BD2A4F002080B586B018
:10B9100000AF264B7B61FFF781FF00233B6105E011
:10B92000FF20FFF789FF3B6901333B613B69092B2E
:10B93000F6DDFFF765FF3B1D40221A703B1D00221C
:10B940005A703B1D00229A703B1D0022DA703B1D8D
:10B9500000221A713B1D95225A710023FB6009E0F9
:10B960003A1DFB68D3181B781800FFF765FFFB68CA
:10B970000133FB60FB68052BF2DD02E07B69013BD4
:10B980007B61FFF775FF0300012B02D07B69002B61
:10B99000F4D1FFF743FFFF20FFF74EFF044B0122D6
:10B9A0001A70C046BD4606B080BDC046FF1F0000ED
:10B9B000A154002080B500AF024B00221A70C0468F
:10B9C000BD4680BDA154002080B500AF024B1B785E
:10B9D0001800BD4680BDC046A1540020B0B584B05B
:10B9E00000AF786039601A4B0A221A700F257C1953
:10B9F000FFF73EFF030023707B191B78FF2B04D158
:10BA0000134B1B78DBB2002BF0D10F23FB181B78F4
:10BA1000FE2B01D0002316E07B685A1C7A601800C8
:10BA2000FFF748FF7B685A1C7A601800FFF742FF57
:10BA30003B68023B3B603B68002BEDD1FFF718FFF2
:10BA4000FFF716FF01231800BD4604B0B0BDC04685
:10BA5000294F0020B0B584B000AF78600A00FB1C0D
:10BA60001A700D23FB1800221A70FFF731FF030034
:10BA7000FF2B01D0002351E0FB1C1B781800FFF7BF
:10BA8000DBFEFB1C1B78FD2B3ED00E23FB18002297
:10BA90001A707B685A1C7A601B781800FFF7CCFE7E
:10BAA0007B685A1C7A601B781800FFF7C5FE0E21D0
:10BAB0007B187A181278013A1A707B181B78002BC1
:10BAC000E7D1FFF7D5FEFFF7D3FE11E00F257C1974
:10BAD000FFF7CEFE030023707B191B781F22134053
:10BAE000052B0BD00D217B181A787B1801321A70A8
:10BAF0000D23FB181B78402BE8D900E0C046C04658
:10BB0000FFF7B6FE031EFBD00F23FB181B781F2286
:10BB10001340052B01D1012300E000231800BD468E
:10BB200004B0B0BDB0B584B000AF02003960FB1DF9
:10BB30001A70FFF7CDFE0300FF2B01D0FF2356E064
:10BB4000FB1D1B781800FFF777FE3B681B0EDBB26E
:10BB50001800FFF771FE3B681B0CDBB21800FFF703
:10BB60006BFE3B681B0ADBB21800FFF765FE3B6803
:10BB7000DBB21800FFF760FE0F217B1800221A705D
:10BB8000FB1D1B78402B02D17B1895221A70FB1DE0
:10BB90001B78482B03D10F23FB1887221A700F2321
:10BBA000FB181B781800FFF747FEFB1D1B784C2B7A
:10BBB00001D1FFF75DFE0E23FB180A221A700D2536
:10BBC0007C19FFF755FE030023707B191B785BB2CD
:10BBD000002B09DA0E217B187A181278013A1A70B4
:10BBE0007B181B78002BEAD10D23FB181B7818005B
:10BBF000BD4604B0B0BD0000B0B584B000AF0200D7
:10BC0000FB1D1A70FB1D1B78002B01D00123F5E0F2
:10BC10007C4B1B78DBB21A000223134003D0794B14
:10BC20001B78DBB2EAE0FFF771FEFFF7E9FD0E23B8
:10BC3000FB1800221A7000214020FFF773FF030059
:10BC4000012B00D0BFE0704B64221A70D5235B003B
:10BC500019004820FFF766FF0300012B00D06DE0BC
:10BC60000F23FB1800221A700EE00F257B191C7899
:10BC7000FFF7FEFD03001A000823FB181A557B1975
:10BC80001A787B1901321A700F23FB181B78032BCB
:10BC9000EBD90822BB189B78012B00D093E0BB188E
:10BCA000DB78AA2B00D08EE000217720FFF73AFF47
:10BCB0000300012B07D88023DB0519006920FFF75B
:10BCC00031FF031E05D0504B1B78DBB2002BEBD1AC
:10BCD00000E0C0464C4B1B78DBB2002B00D172E079
:10BCE00000217A20FFF71EFF031E00D06BE00F2318
:10BCF000FB1800221A700EE00F257B191C78FFF745
:10BD0000B7FD03001A000823FB181A557B191A788F
:10BD10007B1901321A700F23FB181B78032BEBD908
:10BD20000823FB181B781A004023134001D0062279
:10BD300000E002220E23FB181A7044E00021772055
:10BD4000FFF7F0FE0300012B08D800216920FFF760
:10BD5000E9FE0300012B01D8022200E001220E239C
:10BD6000FB181A700E23FB181B78022B0DD1002133
:10BD70007720FFF7D7FE0300012B0CD800216920A4
:10BD8000FFF7D0FE031E06D10CE000214120FFF793
:10BD9000C9FE031E05D01C4B1B78DBB2002BE1D182
:10BDA00000E0C046184B1B78DBB2002B07D0802385
:10BDB0009B0019005020FFF7B5FE031E03D00E2391
:10BDC000FB1800221A70114B0E243A1912781A70BF
:10BDD000FFF724FDFFF74CFD3B191B78002B08D023
:10BDE000084B1B78DBB201229343DAB2054B1A7081
:10BDF00001E0FFF7DFFD034B1B78DBB21800BD4607
:10BE000004B0B0BD68020020294F0020A0540020DB
:10BE100080B582B000AF0200FB1D1A70FB1D1B78BD
:10BE2000002B01D0012302E0034B1B78DBB218008A
:10BE3000BD4602B080BDC0466802002080B584B017
:10BE400000AFB9607A603B600F217B18021C1A704A
:10BE50007B181B78002B02D13B68002B01D10423F7
:10BE600058E02E4B1B78DBB21A000123134001D09F
:10BE700003234FE02A4B1B781A000423134002D1FE
:10BE80007B685B027B60FFF7BBFC3B68012B12D138
:10BE90007B6819005120FFF745FE031E32D1802335
:10BEA0009A00BB6811001800FFF798FD031E29D007
:10BEB00000233B6026E07B6819005220FFF732FE2A
:10BEC000031E1FD180239A00BB6811001800FFF7E2
:10BED00085FD03001A0001235340DBB2002B0CD177
:10BEE000BB688022920094466344BB603B68013B80
:10BEF0003B603B68002BE5D100E0C04600214C20B0
:10BF0000FFF710FEFFF78AFCFFF7B2FC3B685A1EF2
:10BF10009341DBB21800BD4604B080BD680200202A
:10BF2000A054002080B584B000AFB9607A603B6057
:10BF30000F217B18021C1A707B181B78002B02D172
:10BF40003B68002B01D1042375E03D4B1B78DBB22D
:10BF50001A000123134001D003236CE0384B1B78F7
:10BF6000DBB21A000423134001D0022363E0354BF7
:10BF70001B781A000423134002D17B685B027B60AC
:10BF8000FFF73EFC3B68012B10D17B68190058205D
:10BF9000FFF7C8FD031E46D1BB68FE211800FFF75E
:10BFA00059FD031E3FD000233B603CE0254B1B782E
:10BFB0001A000223134008D000217720FFF7B2FDBA
:10BFC0003B6819005720FFF7ADFD7B681900592029
:10BFD000FFF7A8FD031E26D1BB68FC211800FFF760
:10BFE00039FD03001A0001235340DBB2002B0CD1B2
:10BFF000BB688022920094466344BB603B68013B6F
:10C000003B603B68002BE7D100E0C046FD210020EB
:10C01000FFF720FD03001A0001235340DBB2002B81
:10C0200001D001233B60FFF7F9FBFFF721FC3B68E0
:10C030005A1E9341DBB21800BD4604B080BDC04615
:10C0400068020020A054002090B58BB000AF3A6089
:10C05000FB1D021C1A70BB1D0A1C1A703B683B6258
:10C06000FB1D1B78002B01D004231DE12723FB18A7
:10C0700001221A70BB1D1B78052B2BD13B6A1B7844
:10C08000022B17D021DC002B02D0012B0BD01CE09F
:10C09000FFF79AFC031E01D0FFF78CFC2723FB1847
:10C0A00000221A70FDE0FFF731FC2723FB18002265
:10C0B0001A70F6E03B6A5C1CFFF786FC03002370F5
:10C0C0002723FB1800221A70EBE02723FB18042219
:10C0D0001A70E6E0764B1B78DBB21A00012313409E
:10C0E00001D00323E0E0FFF78BFBBB1D1B780D2B7A
:10C0F00000D9C6E09A006F4BD3181B689F460021F9
:10C100004920FFF70FFD031E00D0BFE00C243B19B0
:10C1100010211800FFF762FC031E00D1B6E02200D8
:10C12000BB181B789B09DBB2012B13D11100BB1884
:10C130005B7A1A007B181B7A1B029BB2D3189AB247
:10C140001E217B1801321A807B181B889A023B68DB
:10C150001A6039E00C203B185B790F221340DAB2E9
:10C160003B189B7ADB09DBB2D318DAB23B185B7A57
:10C170005B00DBB206210B40DBB2D318DAB2262417
:10C180003B1902321A703B181B7A9B09DBB21A006A
:10C190003B18DB799B009BB2D3189AB23B189B7972
:10C1A0009B0299B2C0231B010B409BB2D3189AB2D9
:10C1B0001E217B1801321A807B181A883B191B78C4
:10C1C000093B9A403B681A602723FB1800221A702B
:10C1D0005CE03B68802292001A802723FB18002233
:10C1E0001A705AE0FFF774FB0300FF2B50D127238E
:10C1F000FB1800221A704BE000214920FFF792FC47
:10C20000031E47D13B6A10211800FFF7E7FB031E0E
:10C2100040D02723FB1800221A703BE000214A205F
:10C22000FFF780FC031E37D13B6A10211800FFF78F
:10C23000D5FB031E30D02723FB1800221A702BE0F9
:10C2400000217A20FFF76EFC031E1AD12623FB186B
:10C2500000221A700CE03C6A631C3B62FFF708FB8B
:10C260000300237026217B181A787B1801321A707C
:10C270002623FB181B78032BEDD92723FB1800225C
:10C280001A702723FB1804221A7006E0C04604E047
:10C29000C04602E0C04600E0C046FFF7BFFAFFF725
:10C2A000E7FA2723FB181B781800BD460BB090BD9A
:10C2B000680200205054030880B584B000AF02002B
:10C2C0003960BB1D1A80BB1D1B887F2B05D80E2330
:10C2D000FB18BA1D12881A8037E03B68002B10D07B
:10C2E000BB1D1B88FF2B07D8BB1D1B88803B1A007A
:10C2F000194B5200D25A00E000220E23FB181A807C
:10C3000023E00E23FB1800221A800EE00E217B187A
:10C310001A88114B5200D35ABA1D12889A420AD079
:10C320007B181A887B1801321A800E23FB181B8891
:10C330007F2BEBD900E0C0460E217B181B88803391
:10C340009AB27B18FF210A401A800E23FB181B8823
:10C350001800BD4604B080BD90540308B0B586B047
:10C3600000AF0200BB1D1A80BB1D1A8880235B0131
:10C370009A4201D24D4B00E04D4B7B617B699A1C88
:10C380007A6112243A191B8813803B191B88002BF1
:10C3900000D184E0BA1D3B1912881B889A4200D252
:10C3A0007DE07B699A1C7A6110203A181B88138003
:10C3B0000E257B193A181288120A1A803B183A186F
:10C3C0001288FF210A401A80BB1D1A883B19198860
:10C3D0003B181B88CB189A4252DA7B191B88082B12
:10C3E0005CD89A00334BD3181B689F46BB1D1A8834
:10C3F0001223FB181B88D31A5B007A69D218BB1D65
:10C4000012881A803BE0BA1D1223FB1812881B8881
:10C41000D31A9BB2012213409AB2BB1DB91D0988E1
:10C420008A1A1A802BE0BB1DBA1D1288103A1A8096
:10C4300025E0BB1DBA1D1288203A1A801FE0BB1DE3
:10C44000BA1D1288303A1A8019E0BB1DBA1D128835
:10C450001A3A1A8013E0BB1DBA1D128808321A80DE
:10C460000DE0BB1DBA1D1288503A1A8007E0BB1DB3
:10C47000BA1D128810498C4662441A80C0460DE0ED
:10C480000E23FB181B88002B00D077E71023FB1826
:10C490001B885B007A69D3187B616FE7C046BB1DC0
:10C4A0001B881800BD4606B0B0BDC046B455030891
:10C4B000A857030890550308A0E3FFFF80B584B098
:10C4C00000AF02003960FB1D1A700023BB60082317
:10C4D000FB180121180004F0E1FB02003B681A6020
:10C4E0003B681B685A1E9341DBB2FB60FB68180077
:10C4F000BD4604B080BD80B582B000AF78607B6877
:10C50000180004F06DFC01231800BD4602B080BD88
:10C5100080B584B000AF78600023FB60FA239A00F6
:10C520007B681100180004F0DFFB031E01D101231A
:10C53000FB60FB681800BD4604B080BD80B582B0CA
:10C5400000AF78607B68180004F018FCC046BD4658
:10C5500002B080BD80B582B000AF78607B68180003
:10C560000FF078F803001800BD4602B080BD80B51A
:10C5700082B000AF78607B6818000FF075F8C04695
:10C58000BD4602B080BD0000B0B584B000AF02006F
:10C59000FB1D1A70FB1D1B780B4A9B00D31804333C
:10C5A0001B685B68FA1D127807498A18127A0F25F2
:10C5B0007C1910009847030023707B191B78180022
:10C5C000BD4604B0B0BDC0466C55002090B585B0E6
:10C5D00000AF0200FB1D1A700F203B1800221A70DA
:10C5E000FB1D1B78104AD35C002B16D1FB1D1B785A
:10C5F0000D4A0121D154FB1D1B780B4A9B00D31817
:10C6000004331B681B68FA1D127807498A18127ACE
:10C610003C1810009847030023700F23FB181B7869
:10C620001800BD4605B090BD6C550020F0B587B030
:10C6300000AFB9607A603B600F217B18021C1A7052
:10C640007B181B780C4A9B00D31804331B689D6829
:10C650007B181B78084AD318187A1726BC193B6830
:10C660007A68B968A84703002370BB191B781800C3
:10C67000BD4607B0F0BDC0466C550020F0B587B090
:10C6800000AFB9607A603B600F217B18021C1A7002
:10C690007B181B780C4A9B00D31804331B68DD6899
:10C6A0007B181B78084AD318187A1726BC193B68E0
:10C6B0007A68B968A84703002370BB191B78180073
:10C6C000BD4607B0F0BDC0466C550020F0B585B042
:10C6D00000AF3A60FB1D021C1A70BB1D0A1C1A70C9
:10C6E000FB1D1B780C4A9B00D31804331B681B6985
:10C6F000FA1D127808498A18107A0F26BC193D686D
:10C70000BA1D11782A00984703002370BB191B78C3
:10C710001800BD4605B0F0BD6C55002080B584B052
:10C7200000AF78607B6801331A780E217B181A807D
:10C730007B181B881B021AB27B681B781BB2134341
:10C740001AB27B181A807B181B881800BD4604B0EB
:10C7500080BD80B584B000AF78607B6803331B7800
:10C76000FB60FB681B027A68023212781343FB609D
:10C77000FB681B027A68013212781343FB60FB6886
:10C780001B027A6812781343FB60FB681800BD46F1
:10C7900004B080BD80B582B000AF78600A00BB1CD9
:10C7A0001A807B685A1C7A60BA1C1288D2B21A703E
:10C7B000BB1CBA1C1288120A1A807B685A1C7A6049
:10C7C000BA1C1288D2B21A70C046BD4602B080BDF3
:10C7D00080B582B000AF786039607B685A1C7A609F
:10C7E0003A68D2B21A703B681B0A3B607B685A1CDD
:10C7F0007A603A68D2B21A703B681B0A3B607B6869
:10C800005A1C7A603A68D2B21A703B681B0A3B60C5
:10C810007B685A1C7A603A68D2B21A70C046BD462C
:10C8200002B080BD80B586B000AFF860B9607A60B4
:10C83000FB687B61BB683B617B68002B0DD03A696C
:10C84000531C3B617B69591C796112781A707B68B3
:10C85000013B7B607B68002BF1D1C046BD4606B032
:10C8600080BD80B586B000AFF860B9607A60FB68C3
:10C870007B617B695A1C7A61BA68D2B21A707B6894
:10C88000013B7B607B68002BF3D1C046C046BD46B0
:10C8900006B080BD80B588B000AFF860B9607A603E
:10C8A000FB68FB61BB68BB6100237B61FB695A1CB1
:10C8B000FA611B781900BB695A1CBA611B78CB1A44
:10C8C0007B617B68013B7B607B68002B02D07B69CE
:10C8D000002BEBD07B691800BD4608B080BD80B549
:10C8E00082B000AF7860396002E07B6801337B6022
:10C8F0007B681B78002B05D07B681B781A003B688F
:10C900009342F2D17B681B781800BD4602B080BD0F
:10C9100080B582B000AF78607B68002B08D07B6860
:10C920005B691800FFF7F4FD031E01D0012300E04E
:10C9300000231800BD4602B080BD80B582B000AFB4
:10C9400078600A00FB1C1A707B68002B10D0FB1C5F
:10C950001B780C2B0CD0FB1C1B780B2B08D0FB1C62
:10C960001B780F2B04D07B685B691800FFF7E6FD8E
:10C97000C046BD4602B080BD80B584B000AF7860CF
:10C9800039600023BB60BB68FB6027E0254BFA6879
:10C990001201D358002B1CD0224BFA681201D25836
:10C9A0007B681B689A4216D11E4AFB681B01D3188C
:10C9B00004331A687B689B689A420CD1194AFB6859
:10C9C0001B01D31808331A687B685B699A4202D14D
:10C9D00007E00123BB60FB680133FB60FB68012BB0
:10C9E000D4D9FB68022B09D1BB68002B02D13B686C
:10C9F000022B01D1002311E012230FE03B68002B32
:10CA000009D1084AFB681B01D3180C331A8880230C
:10CA10005B009A4201D1102300E000231800BD46BC
:10CA200004B080BDFC54002080B582B000AF00236C
:10CA30007B6002E07B6801337B607B68012B05D85B
:10CA4000074B7A681201D358002BF3D17B68023B65
:10CA50005A1E9341DBB21800BD4602B080BDC046ED
:10CA6000FC54002080B584B000AF786039600023AA
:10CA7000FB601EE03F4BFA681201D2587B681B68CE
:10CA80009A4213D13B4AFB681B01D31804331A683E
:10CA90007B689B689A4209D1364AFB681B01D31810
:10CAA00008331A687B685B699A4206D0FB680133D9
:10CAB000FB60FB68012BDDD900E0C046FB68022B60
:10CAC00030D10023FB6002E0FB680133FB60FB68B0
:10CAD000012B05D8274BFA681201D358002BF3D14C
:10CAE000FB68022B01D100233FE07B681968214BD2
:10CAF000FA681201D1507B689A681E49FB681B01D5
:10CB0000CB1804331A607B685A691A49FB681B0109
:10CB1000CB1808331A60174AFB681B01D3180C3373
:10CB200000221A803B68002B09D0124AFB681B01C7
:10CB3000D3180C331B88002B01D0002315E03B6871
:10CB4000002B08D10B4AFB681B01D3180C331B8840
:10CB500001339BB201E080235B000649FA681201B1
:10CB60008A180C321380FB6801331800BD4604B0EC
:10CB700080BDC046FC54002080B584B000AF786012
:10CB80007B68013B7B607B68012B32D80E203B1811
:10CB90001D497A6812018A180C3212881A803B18D3
:10CBA0001A8880235B009A4202D13B1800221A8027
:10CBB0000E217B181B88002B04D07B181A887B1849
:10CBC000013A1A80104A7B681B01D3180C330E21DE
:10CBD0007A1812881A807B181B88002B04D10A4B04
:10CBE0007A6812010021D1500D23FB1800221A701F
:10CBF00003E00D23FB1802221A700D23FB181B788B
:10CC00001800BD4604B080BDFC54002080B584B03F
:10CC100000AF78600023FB600EE00B4BFA68120156
:10CC2000D3587A689A4204D1074BFA68120100215E
:10CC3000D150FB680133FB60FB68012BEDD9C04686
:10CC4000C046BD4604B080BDFC54002090B587B0FE
:10CC500000AF78600F243B1900221A707B68DB78E4
:10CC6000002B34D07B689B6B7B617B6858787B683A
:10CC70003C3319007A690123FFF700FD031E03D03E
:10CC80003B1901221A7022E07B680022DA707B686F
:10CC9000DB6A7A69D21A7B685B6A9A4217D27B6830
:10CCA0009B783B6110E07B685B6A7A69D3187B6193
:10CCB0007B6858787B683C3319007A690123FFF759
:10CCC000DDFC3B69013B3B613B69012BEBD80F234A
:10CCD000FB181B781800BD4607B090BDB0B584B0F6
:10CCE00000AF786039600F257B1900221A707B68CD
:10CCF0009B6B3A689A421FD07C197B681800FFF73B
:10CD0000A5FF030023702C003B191B78002B13D1C7
:10CD10007B6858787B683C3319003A680123FFF739
:10CD200085FC031E05D001235B423B603B190122B9
:10CD30001A707B683A689A630F23FB181B781800F7
:10CD4000BD4604B0B0BD0000B0B584B000AF78609F
:10CD50000F257C197B681800FFF778FF030023700C
:10CD60007B191B78002B5ED17B681B78032B4DD180
:10CD70007B681B79012B49D17B683C3318007B68A9
:10CD80009B891A000021FFF76CFD7B683C33FF3361
:10CD9000FF33284A11001800FFF7FCFC7B683C3386
:10CDA000254A11001800FFF713FD7B683C33E5337B
:10CDB000FF33224A11001800FFF70AFD7B683C335D
:10CDC000E933FF331A007B68DB6919001000FFF7B5
:10CDD000FFFC7B683C33ED33FF331A007B689B69B3
:10CDE00019001000FFF7F4FC7B689B6A5A1C7B68F3
:10CDF0009A637B6858787B683C3319007B689A6B30
:10CE00000123FFF73BFC7B6800221A717B685B788B
:10CE1000002200211800FFF759FC031E03D00F2346
:10CE2000FB1801221A700F23FB181B781800BD464F
:10CE300004B0B0BD55AA0000525261417272416106
:10CE400080B582B000AF786039603B68023B3B60E0
:10CE50007B681B6A023B3A689A4201D3002307E0D1
:10CE60007B685B891A003B685A437B685B6BD3180D
:10CE70001800BD4602B080BD90B587B000AF7860A5
:10CE800039607B681B683B613B68012B04D93B69B7
:10CE90001B6A3A689A4202D301237B61C1E00123F5
:10CEA0005B427B613B691B78032B00D187E000DD8F
:10CEB000ADE0012B02D0022B5BD0A8E03B68FB6009
:10CEC000FB685B08FA68D318FB603B69DC6A3B6966
:10CED0009B891900F868E3F73DF90300E2183B6904
:10CEE00011001800FFF7FAFE031E00D092E0FB6865
:10CEF0005A1CFA603A69928911001800E3F7B0F9F8
:10CF00000B0019003B693C225B189B181B78BB6027
:10CF10003B69DC6A3B699B891900F868E3F71AF9F9
:10CF20000300E2183B6911001800FFF7D7FE031E4B
:10CF300000D071E03B699B891A00FB681100180062
:10CF4000E3F78EF90B0019003B693C225B189B1834
:10CF50001B781B02BA681343BB603B680122134075
:10CF600002D0BB681B0902E0BB681B051B0D7B617F
:10CF700057E03B69DC6A3B699B895B089BB21900FF
:10CF80003868E3F7E7F80300E2183B69110018007E
:10CF9000FFF7A4FE031E41D13B693C331C003B68F4
:10CFA0005A003B699B8919001000E3F759F90B00FF
:10CFB000E3181800FFF7B2FB03007B6131E03B6927
:10CFC000DC6A3B699B899B089BB219003868E3F7D0
:10CFD000C1F80300E2183B6911001800FFF77EFE5C
:10CFE000031E1DD13B693C331C003B689A003B6922
:10CFF0009B8919001000E3F733F90B00E3181800C0
:10D00000FFF7A7FB03001B011B097B6109E001235C
:10D010007B6106E0C04604E0C04602E0C04600E096
:10D02000C0467B691800BD4607B090BDB0B588B05A
:10D0300000AFF860B9607A601F23FB1802221A70F3
:10D04000BB68012B00D81AE1FB681B6ABA689A42D8
:10D0500000D314E1FB681B78032B00D1C1E000DD95
:10D060000DE1012B03D0022B00D18AE007E1BB6860
:10D07000BB61BB695B08BA69D318BB61FB68DC6A3A
:10D08000FB689B891900B869E3F764F80300E218AC
:10D090001F257C19FB6811001800FFF71FFE030015
:10D0A00023707B191B78002B00D0E1E0FB683C3338
:10D0B0001C00BB695A1CBA61FA68928911001800F9
:10D0C000E3F7CEF80B00E3187B61BB680122134045
:10D0D0000DD07B691B785BB20F2213405AB27B687C
:10D0E000DBB21B015BB213435BB2DBB201E07B68D6
:10D0F000DBB27A691370FB680122DA70FB68DC6AC4
:10D10000FB689B891900B869E3F724F80300E2186B
:10D110001F257C19FB6811001800FFF7DFFD0300D5
:10D1200023707B191B78002B00D0A3E0FB683C33F5
:10D130001C00FB689B891A00BB6911001800E3F70B
:10D140008FF80B00E3187B61BB680122134003D00A
:10D150007B681B09DBB20EE07B691B785BB20F2298
:10D1600093435AB27B681B0A5BB20F210B405BB240
:10D1700013435BB2DBB27A691370FB680122DA7089
:10D180007DE0FB68DC6AFB689B895B089BB2190049
:10D19000B868E2F7DFFF0300E2181F257C19FB687F
:10D1A00011001800FFF79AFD030023707B191B780C
:10D1B000002B61D1FB683C331C00BB685A00FB6844
:10D1C0009B8919001000E3F74BF80B00E3187A680D
:10D1D00092B211001800FFF7DDFAFB680122DA7045
:10D1E0004DE0FB68DC6AFB689B899B089BB21900D9
:10D1F000B868E2F7AFFF0300E2181F257C19FB684F
:10D2000011001800FFF76AFD030023707B191B78DB
:10D21000002B33D17B681B011C09FB683C331D00CC
:10D22000BB689A00FB689B8919001000E3F718F8A7
:10D230000B00EB181800FFF78CFA03001B0F1B07FD
:10D2400023437B60FB683C331C00BB689A00FB688F
:10D250009B8919001000E3F703F80B00E3187A68C4
:10D2600011001800FFF7B4FAFB680122DA7006E03B
:10D27000C04604E0C04602E0C04600E0C0461F23AE
:10D28000FB181B781800BD4608B0B0BDB0B588B01B
:10D2900000AFF860B9607A601F23FB1800221A7093
:10D2A000FB681B68BB61BB68012B04D9BB691B6AA7
:10D2B000BA689A4201D3022357E07B68002B11D051
:10D2C0001F257C1901235A427968BB691800FFF7B2
:10D2D000ADFE030023707B191B78002B02D07B1955
:10D2E0001B7842E0BA68FB6811001800FFF7C4FD24
:10D2F00003007B617B69002B35D07B69012B01D159
:10D30000022332E07B69013301D101232DE01F2587
:10D310007C19B968BB6900221800FFF787FE03007B
:10D3200023707B191B78002B02D07B191B781CE023
:10D33000BB69DA69BB691B6A023B9A420BD2BB69C3
:10D34000DB695A1CBB69DA61BB691B790122134393
:10D35000DAB2BB691A717B69BB60BB691B6ABA68C8
:10D360009A42BFD300E0C04600231800BD4608B073
:10D37000B0BDB0B588B000AF786039607B681B681D
:10D380003B613B68002B0DD13B699B69BB61BB696D
:10D39000002B04D03B691B6ABA699A421DD3012352
:10D3A000BB611AE03A687B6811001800FFF764FD62
:10D3B0000300FB60FB68012B01D801237BE0FB68C5
:10D3C000013301D1FB6876E03B691B6AFA689A4237
:10D3D00001D2FB686FE03B68BB61BB69FB61FB6925
:10D3E0000133FB613B691B6AFA699A4207D3022346
:10D3F000FB61FA69BB699A4201D900235BE0FA69D3
:10D400007B6811001800FFF737FD0300FB60FB6825
:10D41000002B0DD0FB68012B02D0FB68013301D13A
:10D42000FB6848E0FA69BB699A42D8D1002342E020
:10D43000C04617257C1901235A42F9693B69180037
:10D44000FFF7F4FD030023707B191B78002B0BD131
:10D450003B68002B08D07C19FA6939683B691800D1
:10D46000FFF7E4FD030023701723FB181B78002B44
:10D4700016D13B69FA699A613B69DA693B691B6AB3
:10D48000023B9A4204D83B69DB695A1E3B69DA6168
:10D490003B691B7901221343DAB23B691A7109E037
:10D4A0001723FB181B78012B02D101235B4200E0FC
:10D4B0000123FB61FB691800BD4608B0B0BD80B513
:10D4C00086B000AF786039607B681B68FB607B6862
:10D4D000DB6A04333B61FB689B8919003868E2F71B
:10D4E00039FE03001A00FB685B8919001000E2F79F
:10D4F00031FE03007B613B691A1D3A611B68BB600A
:10D50000BB68002B01D1002310E07A69BB689A4206
:10D5100007D37A69BB68D31A7B613B6904333B61EB
:10D52000E9E7C0463B691A687B69D3181800BD4615
:10D5300006B080BD90B587B000AF786039607B6879
:10D540001B683B613A6880239B039A4203D23B6885
:10D550001F22134001D0022374E07B683A685A61AD
:10D560007B689B687B617B69002B06D13B691B78DC
:10D57000022B02D93B691B6B7B617B69002B0CD1B1
:10D580003B685B093A691289934201D3022359E04F
:10D590003B691A6B7B68DA612FE03B695B891A0093
:10D5A0003B699B895343FB601AE07B687A691100F1
:10D5B0001800FFF761FC03007B617B69013301D137
:10D5C00001233FE07B69012B04D93B691B6A7A691F
:10D5D0009A4201D3022335E03A68FB68D31A3B60D4
:10D5E0003A68FB689A42E0D27A693B6911001800F8
:10D5F000FFF726FC02007B68DA617B687A699A6132
:10D600007B68DB69002B01D102231BE07B68DC69AE
:10D610003B699B8919003868E2F79CFD0300E2181A
:10D620007B68DA613B693C331C003B699B891A00CB
:10D630003B6811001800E2F713FE0B00E2187B684C
:10D640001A6200231800BD4607B090BD90B587B0A0
:10D6500000AF786039607B681B68FB607B685B6942
:10D660002033BB607B68DB69002B04D0BA68802361
:10D670009B039A4201D30423C0E0FB689B891A00F4
:10D68000BB6811001800E2F7EBFD0B1E00D0A2E012
:10D690007B68DB695A1C7B68DA617B689B69002BBD
:10D6A0000BD1BB685B09FA681289934200D292E001
:10D6B0007B680022DA610423A0E0FB689B891900E3
:10D6C000B868E2F747FD03001A00FB685B89013B7D
:10D6D000134000D07FE07A687B689B6919001000D6
:10D6E000FFF7CAFB03007B617B69012B01D8022392
:10D6F00084E07B69013301D101237FE0FB681B6A71
:10D700007A699A425BD33B68002B04D17B68002284
:10D71000DA61042372E07A687B689B691900100063
:10D72000FFF727FE03007B617B69002B01D10723F4
:10D7300064E07B69012B01D102235FE07B69013347
:10D7400001D101235AE0FB681800FFF77FFA031E9E
:10D7500001D0012352E0FB683C331800FB689B8931
:10D760001A000021FFF77DF800233B617A69FB680E
:10D7700011001800FFF764FB0200FB689A6312E0D7
:10D78000FB680122DA70FB681800FFF75FFA031EDE
:10D7900001D0012332E03B6901333B61FB689B6BA5
:10D7A0005A1CFB689A63FB685B891A003B699342C9
:10D7B000E6D3FB689A6B3B69D21AFB689A637B6875
:10D7C0007A699A617A69FB6811001800FFF738FBE3
:10D7D00002007B68DA617B68BA685A61FB683C3397
:10D7E0001C00FB689B891A00BB6811001800E2F757
:10D7F00037FD0B00E2187B681A6200231800BD4653
:10D8000007B090BDB0B586B000AF786039607B6876
:10D810001B68FB6017257C197B6800211800FFF747
:10D8200089FE030023707B191B78002B33D1002362
:10D830003B617B68DA6917257C19FB6811001800C9
:10D84000FFF74CFA030023707B191B78002B21D1C2
:10D850007B681B6A1B78E52B04D07B681B6A1B78EE
:10D86000002B07D13B6901333B613A693B689A421F
:10D8700002D110E000233B6117257C197B68012150
:10D880001800FFF7E3FE030023707B191B78002BC1
:10D89000CFD000E0C0461722BB181B78042B02D162
:10D8A000BB1807221A701723FB181B781800BD46F7
:10D8B00006B0B0BD80B584B000AF786039603B6819
:10D8C0001A331800FEF72AFF0300FB607B681B7801
:10D8D000032B09D13B6814331800FEF71FFF030028
:10D8E0001B04FA681343FB60FB681800BD4604B0D4
:10D8F00080BD80B584B000AFF860B9607A60BB6865
:10D900001A337A6892B211001800FEF743FFFB68E1
:10D910001B78032B09D1BB6814331A007B681B0CDE
:10D920009BB219001000FEF735FFC046BD4604B09B
:10D9300080BD0000B0B586B000AF786039603B684C
:10D940001A331800FEF7EAFE031E01D0002368E038
:10D950003B681B781A003F2313405A1E13005B00DC
:10D960009B189B009B187B610E23FB1801221A80D9
:10D9700000233B613DE02D4A3B69D3181B781A0018
:10D980003B689B180C257C191800FEF7C7FE0300A6
:10D9900023800E23FB181B88002B1FD07B69FE2BD6
:10D9A00013D87B191B881800FEF7D8FC03001C0055
:10D9B0007B695A1C7A615B007A68D3181B8818004F
:10D9C000FEF7CCFC03009C4201D0002329E00E238B
:10D9D000FB180C22BA1812881A8007E00C23FB18D7
:10D9E0001B88134A934201D000231AE03B6901339C
:10D9F0003B613B690C2BBED93B681B781A00402366
:10DA000013400DD00E23FB181B88002B08D07B6918
:10DA10005B007A68D3181B88002B01D0002300E03C
:10DA200001231800BD4606B0B0BDC046EC5803083F
:10DA3000FFFF000090B587B000AF786039603B68A9
:10DA40001A331800FEF76AFE031E01D000235BE0C4
:10DA50003B681B781A0040239A4313005A1E130098
:10DA60005B009B189B009B187B610E23FB18012217
:10DA70001A8000233B6132E0254A3B69D3181B78AA
:10DA80001A003B689B180C22BC181800FEF746FED3
:10DA9000030023800E23FB181B88002B14D07B6906
:10DAA000FE2B01D900232FE00E217B180C22BA187F
:10DAB00012881A807B695A1C7A615B007A68D318D5
:10DAC0007A1812881A8007E00C23FB181B88114A69
:10DAD000934201D0002317E03B6901333B613B696E
:10DAE0000C2BC9D93B681B781A00402313400AD07D
:10DAF0007B69FE2B01D9002306E07B695B007A6815
:10DB0000D31800221A8001231800BD4607B090BD2B
:10DB1000EC580308FFFF000090B589B000AFF86033
:10DB2000B9601900FB1D1A70BB1D0A1C1A70BB6876
:10DB30000D33BA1D12781A70BB680B330F221A709E
:10DB4000BB680C3300221A70BB681A33002118001E
:10DB5000FEF720FEFB1D1B785A1E13005B009B186E
:10DB60009B009B18FB611623FB1800221A800023E0
:10DB7000BB6116217B181B88214A934208D0FB69A0
:10DB80005A1CFA615B00FA68D2187B1812881A8056
:10DB90001C4ABB69D3181B781A00BB689A18162454
:10DBA0003B191B8819001000FEF7F4FD2200BB187A
:10DBB0001B88002B03D1BB18012252421A80BB697B
:10DBC0000133BB61BB690C2BD3D91623FB181B880F
:10DBD0000B4A934206D0FB695B00FA68D3181B8896
:10DBE000002B05D1FB1DFA1D127840210A431A7043
:10DBF000BB68FA1D12781A70C046BD4609B090BDC8
:10DC0000FFFF0000EC58030880B58CB000AFF8604F
:10DC1000B9607A603B60B968FB680B221800FEF7B8
:10DC200001FE3B68052B2FD93B68FB6126E07B6832
:10DC30009A1C7A602222BA181B8813800023BB62C8
:10DC400019E0FB695A0022203B181B8801210B4078
:10DC5000D318FB613B183A18128852081A80FA69E7
:10DC600080235B02134003D0FB69304A5340FB61C1
:10DC7000BB6A0133BB62BB6A0F2BE2D97B681B888E
:10DC8000002BD4D1FB693B600723BB623B68DBB24E
:10DC90000F221340DAB22F217B1830321A707B1812
:10DCA0001B78392B04D97B187A18127807321A702E
:10DCB000BB6A5A1EBA6214203A182F2179180978C3
:10DCC000D1543B681B093B603B68002BDED13A18FE
:10DCD000BB6AD3187E221A7000237B6202E07B6A43
:10DCE00001337B627A6ABB6A9A4205D2FA687B6A20
:10DCF000D3181B78202BF2D1BB6A072B06D8BB6A3E
:10DD00005A1CBA621422BA18D15C00E020217B6A46
:10DD10005A1C7A62FA68D3180A1C1A707B6A072B9D
:10DD2000EAD9C046C046BD460CB080BD21100100F6
:10DD300080B584B000AF78600F23FB1800221A7002
:10DD40000B23BB600F203B181B78DAB25208DB01B3
:10DD50001343D9B27B685A1C7A601A783B188A1828
:10DD60001A70BB68013BBB60BB68002BEAD13B1853
:10DD70001B781800BD4604B080BDB0B586B000AFBA
:10DD8000786039601723FB1804221A707B681B68BF
:10DD90003B611523FB18FF221A701423FB18FF2286
:10DDA0001A70AFE07B68DA6917257C193B691100AE
:10DDB0001800FEF793FF0300237029007B181B78DF
:10DDC000002B00D0A4E07B681A6A16203B1812785A
:10DDD0001A703B181B78002B03D17B1804221A7091
:10DDE0009BE07B681B6A0B331A780F203B183F219E
:10DDF0000A401A707B6801007A1812789A7116220C
:10DE0000BB181B78E52B0FD0BB181B782E2B0BD023
:10DE10007B181B7820229343083B5A425341DBB2C4
:10DE20001A003B68934204D01523FB18FF221A7096
:10DE30005BE00F23FB181B780F2B40D116217B18BA
:10DE40001B784022134015D07B681A6A1423FB18F4
:10DE5000527B1A707B1808007A18127840218A4386
:10DE60001A701523FB183A1812781A707B685A69D1
:10DE70007B681A631623FA1815243B1912781B784D
:10DE80009A4217D17B681B6A0D331B781422BA188B
:10DE900012789A420ED13B691A697B681B6A190095
:10DEA0001000FFF7C7FD031E04D03B191B78013B90
:10DEB000DAB200E0FF221523FB181A7015E01523D3
:10DEC000FB181B78002B0BD17B681B6A1800FFF72F
:10DED0002FFF03001A001423FB181B78934219D05C
:10DEE0007B68012252421A6314E017257C197B6873
:10DEF00000211800FFF7AAFB030023707B191B7891
:10DF0000002B09D17B68DB69002B00D04AE704E0D5
:10DF1000C04602E0C04600E0C0461723FB181B784D
:10DF2000002B02D07B680022DA611723FB181B78D4
:10DF30001800BD4606B0B0BDB0B586B000AF786081
:10DF40007B681B683B6117257C197B6800211800E2
:10DF5000FFF7F0FA030023707B191B78002B02D027
:10DF60007B191B78DFE014217B18FF221A70152320
:10DF7000FB187A1812781A707B68012252421A63D1
:10DF80007B68DA6917257C193B6911001800FEF7D8
:10DF9000A5FE0300237029007B181B78002B00D0FE
:10DFA000B9E07B681A6A16203B1812781A703B1881
:10DFB0001B78002B03D17B1804221A70B0E07B6819
:10DFC0001B6A0B331A780F203B183F210A401A7046
:10DFD0007B6801007A1812789A711623FB181B7857
:10DFE000E52B08D07B181B78082213400CD07B1837
:10DFF0001B780F2B08D01523FB18FF221A707B68A3
:10E00000012252421A6377E00F23FB181B780F2B73
:10E0100048D17B682F229B5C1A004023134000D01C
:10E020006AE016217B181B784022134015D07B68CC
:10E030001A6A1423FB18527B1A707B1808007A188E
:10E04000127840218A431A701523FB183A18127867
:10E050001A707B685A697B681A631623FA181524AC
:10E060003B1912781B789A4217D17B681B6A0D33D3
:10E070001B781422BA1812789A420ED13B691A6999
:10E080007B681B6A19001000FFF754FC031E04D0C4
:10E090003B191B78013BDAB200E0FF221523FB1885
:10E0A0001A7029E01523FB181B78002B0BD17B6815
:10E0B0001B6A1800FFF73CFE03001A001423FB182C
:10E0C0001B78934229D07B682F229B5C1A00012386
:10E0D000134009D17B68186A7B6824330B2219002E
:10E0E000FEF7D8FB031E1AD01523FB18FF221A7067
:10E0F0007B68012252421A6317257C197B68002134
:10E100001800FFF7A3FA030023707B191B78002B7C
:10E1100000D135E704E0C04602E0C04600E0C0465A
:10E120001723FB181B781800BD4606B0B0BDB0B56C
:10E130008CB000AF78607B681B68FB617B682F2226
:10E140009B5C1A00A023134001D00623FBE00023B0
:10E150007B6202E07B6A01337B62FB691A697B6A3E
:10E160005B00D3181B88002BF4D17B682433190083
:10E170000C243B190C221800FEF754FB3B19DB7AE8
:10E180001A000123134037D07B682F224021995475
:10E190000123BB6218E07B6824331800FB691A690D
:10E1A000BB6A0C217918FFF72FFD2F257C197B689E
:10E1B0001800FFF7C1FE030023707B191B78002BAA
:10E1C00006D1BB6A0133BB62BB6A632BE3D900E0B3
:10E1D000C046BB6A642B01D10723B4E02F22BB18D1
:10E1E0001B78042B02D0BB181B78ACE00C23FB1867
:10E1F000D97A7B682F2299540C23FB18DB7A1A00FA
:10E200000223134008D07B6A0C330D211800E1F77C
:10E21000A1FF0300013300E001233B622F257C199D
:10E220003A6A7B6811001800FFF7ECFA03002370CC
:10E2300029007B181B78002B53D13B6A013B3B62C2
:10E240003B6A002B4DD07B685A693B6A5B01D21A4E
:10E250000D007C187B6811001800FFF76BF90300B4
:10E2600023707B191B78002B3BD17B6824331B2246
:10E27000BC181800FFF75CFD030023707B68DA69A7
:10E280002F257C19FB6911001800FEF727FD0300FC
:10E2900023702C003B191B78002B21D1FB691869D6
:10E2A0007B68196A3B6ADAB21B23FB181B78FFF7FD
:10E2B00033FCFB690122DA7025003C197B680021E0
:10E2C0001800FFF7C3F9030023707B191B78002B9C
:10E2D00007D13B6A013B3B623B6A002BCED100E099
:10E2E000C0462F257B191B78002B29D17B68DA6962
:10E2F0007C19FB6911001800FEF7F0FC0300237085
:10E300007B191B78002B1BD17B681B6A2022002104
:10E310001800FEF7A6FA7B68186A7B6824330B2284
:10E320001900FEF77FFA7B682F229A5C7B681B6AD4
:10E330000C3318210A40D2B21A70FB690122DA703C
:10E340002F23FB181B781800BD460CB0B0BDB0B52C
:10E3500086B000AF78607B681B683B617B685B6957
:10E36000FB607B681B6B013309D07B681A6B7B6891
:10E3700011001800FFF7DEF803001A0000E0002289
:10E3800017217B181A707B181B78002B34D17B68FF
:10E39000DA6917257C193B6911001800FEF79EFC0D
:10E3A0000300237029007B181B78002B19D17B6890
:10E3B0001B6AE5221A703B690122DA707B685B698F
:10E3C000FA689A420FD90D007C187B68002118006A
:10E3D000FFF73CF9030023707B191B78002BD6D084
:10E3E00002E0C04600E0C0461722BB181B78042B91
:10E3F00002D1BB1802221A701723FB181B781800D1
:10E40000BD4606B0B0BD0000B0B58AB000AF7860C0
:10E4100039603B681B683B617B681B681B69FB605C
:10E4200000237B617B69BB61BB695A1CBA613A6995
:10E43000D3181A7824217B181A800A00BB181B886D
:10E440001F2B4ED9BB181B882F2B07D0BB181B883E
:10E450005C2B10D102E0BB690133BB613A69BB6937
:10E46000D3181B782F2BF6D03A69BB69D3181B78C9
:10E470005C2BF0D036E07B69FE2B01D90623C2E18C
:10E4800024257B197A191288FF210A401A807C19E9
:10E490007B191B8801211800FDF70EFF0300238064
:10E4A0007B191B88002B01D10623ACE12422BB1869
:10E4B0001B887F2B0AD8BB181A88A74B110018009D
:10E4C000FEF70DFA031E01D006239CE17B695A1C5E
:10E4D0007A615B00FA68D3182422BA1812881A806D
:10E4E000A2E7C0463A69BB69D2183B681A60242388
:10E4F000FB181B881F2B01D8042200E000222723D1
:10E50000FB181A7016E07B69944A944663445B00DA
:10E51000FA68D21824217B1812881A800A00BB18C6
:10E520001B88202B03D0BB181B882E2B06D17B69A0
:10E53000013B7B617B69002BE5D100E0C0467B6934
:10E540005B00FA68D31800221A807B69002B01D186
:10E55000062358E17B6824330B2220211800FEF7A4
:10E5600080F90023BB6102E0BB690133BB61BB6979
:10E570005B00FA68D3181B88202BF5D0BB695B00C1
:10E58000FA68D3181B882E2BEED0BB69002B0AD05B
:10E590002722BB18BA18127803210A431A7002E026
:10E5A0007B69013B7B617B69002B09D07B696B4AEE
:10E5B000944663445B00FA68D3181B882E2BEFD176
:10E5C0002623FB1800221A7000233B620823FB61FC
:10E5D000BB695A1CBA615B00FA68D21824217B1807
:10E5E00012881A800A00BB181B88002B00D1B1E0EA
:10E5F000BB181B88202B07D0BB181B882E2B0BD1D8
:10E60000BA697B699A4207D02722BB18BA181278D8
:10E6100003210A431A709CE03A6AFB699A4203D2CA
:10E62000BA697B699A4227D1FB690B2B07D1272254
:10E63000BB18BA18127803210A431A7095E0BA6918
:10E640007B699A4206D02722BB18BA181278032198
:10E650000A431A70BA697B699A4200D984E07B69DF
:10E66000BB6108233B620B23FB612622BB18BA184F
:10E67000127892001A706CE024257B191B887F2B7E
:10E680001AD97C197B191B8800211800FDF714FE8C
:10E69000030023807B191B88002B06D07B191B8865
:10E6A000803B2F4AD25C7B191A802722BB18BA18EC
:10E6B000127802210A431A702422BB181B88002BEF
:10E6C00008D0BB181A88274B11001800FEF707F96D
:10E6D000031E0BD02423FB185F221A802722BB18AD
:10E6E000BA18127803210A431A7025E02422BB18B5
:10E6F0001B88402B0BD9BB181B885A2B07D8262206
:10E70000BB18BA18127802210A431A7014E02420A8
:10E710003B181B88602B0FD93B181B887A2B0BD812
:10E720002622BB18BA18127801210A431A703B1826
:10E730003A181288203A1A803B6A5A1C3A622422FC
:10E74000BA181288D0B27A682421D3185B18021C38
:10E750001A703DE7C04608E0FC580308FFFFFF7F42
:10E760006C58030808590308C0467B6824229B5C48
:10E77000E52B03D17B68242205219954FB69082BE2
:10E7800005D12622BB18BA18127892001A702621D9
:10E790007B181B780C2213400C2B05D07B181B78A0
:10E7A00003221340032B06D12722BB18BA18127874
:10E7B00002210A431A7027217B181B78022213407A
:10E7C0001AD12623FB181B7803221340012B05D1F5
:10E7D0007B187A18127810210A431A702623FB1826
:10E7E0001B780C221340042B06D12722BB18BA1821
:10E7F000127808210A431A707B682722BA182F2141
:10E8000012785A5400231800BD460AB0B0BDC04665
:10E81000B0B586B000AF786039607B683B613B691A
:10E820001B68FB6002E03B6801333B603B681B7880
:10E830002F2BF8D03B681B785C2BF4D03B6900226F
:10E840009A603B681B781F2B0DD87B682F22802194
:10E8500099541723FC187B6800211800FEF76AFE04
:10E860000300237057E017257C193A007B681100DC
:10E870001800FFF7C9FD030023707B191B78002BDC
:10E8800044D17C197B681800FFF756FB0300237006
:10E890000B203B187A682F21525C1A707B191B7869
:10E8A000002B0CD07B191B78042B31D13B181B7823
:10E8B000042213402CD17B1905221A7028E00B2367
:10E8C000FB181B780422134024D13B699B791A0062
:10E8D0001023134004D11723FB1805221A701AE0E5
:10E8E000FB683C331C007B685A69FB689B891900F4
:10E8F0001000E1F7B5FC0B00E218FB6811001800EE
:10E90000FEF7D8FF02003B699A60ACE7C04602E020
:10E91000C04600E0C0461723FB181B781800BD4610
:10E9200006B0B0BD80B586B000AF786001235B4211
:10E930003B617B681B68002B31D07B681B687B6167
:10E9400002E07B6901337B617B691B781F2B03D954
:10E950007B691B783A2BF4D17B691B783A2B1CD14D
:10E960007B681B68FB60FB685A1CFA601B78303BB5
:10E97000BB60BB68092B0ED8FA687B699A420AD142
:10E98000BB68002B07D1BB683B617B6901337B61AE
:10E990007B687A691A603B6902E000233B613B694E
:10E9A0001800BD4606B080BD80B582B000AF78606B
:10E9B00039607B680022DA707B68012252429A63D8
:10E9C0003A687B6811001800FEF788F9031E01D031
:10E9D000042337E07B683C33FF33FF331800FDF737
:10E9E0009DFE03001A00194B9A4201D0032329E02F
:10E9F0007B683C229B5CE92B09D07B683C229B5CBA
:10EA0000EB2B1ED17B683E229B5C902B19D17B683F
:10EA10003C3336331800FDF79CFE03001B021B0A33
:10EA20000B4A934201D100230CE07B683C33523304
:10EA30001800FDF78EFE0300064A934201D1002321
:10EA400000E002231800BD4602B080BD55AA0000B8
:10EA50004641540046415433B0B596B000AFF8601B
:10EA6000B960FB1D1A70BB6800221A60FB681800B1
:10EA7000FFF758FF0300FB63FB6B002B01DA0B234E
:10EA800088E2C64BFA6B9200D358BB63BB6B002B7A
:10EA900001D10C237EE2BB6B1800FDF739FF031E8A
:10EAA00001D10F2376E2BB68BA6B1A60FB1DFA1D19
:10EAB000127801218A431A70BB6B1B78002B1BD084
:10EAC000BB6B5B7837257C191800FDF75DFD0300F3
:10EAD000237029007B181B78012213400CD1FB1DE9
:10EAE0001B78002B06D07B181B780422134001D022
:10EAF0000A234FE200234DE2BB6B00221A70FB6B2E
:10EB0000DAB2BB6B5A70BB6B5B7837257C19180087
:10EB1000FDF75CFD030023707B191B780122134075
:10EB200001D0032336E2FB1D1B78002B07D03723CF
:10EB3000FB181B780422134001D00A232AE2BB6B86
:10EB40005878BB6B0C331A000221FDF7BFFD031E82
:10EB500001D001231EE2BB6B9A8980235B019A429C
:10EB60000DD8BB6B9A8980239B009A4207D3BB6B5D
:10EB70009B891A00BB6B9B89013B134001D0012389
:10EB800008E200233B6557257C193A6DBB6B1100E9
:10EB90001800FFF709FF030023707B191B78022B75
:10EBA0004BD100233B641DE0BB6B3C331A003B6C34
:10EBB0001B01BF33FF33D3183B633B6B04331B781C
:10EBC000002B06D03B6B08331800FDF7C2FD030095
:10EBD00000E000231422BA18396C89008B503B6C7A
:10EBE00001333B643B6C032BDED900233B643B6C5D
:10EBF000002B02D03B6C013B3B641423FB183A6CA6
:10EC00009200D3583B653B6D002B08D03A6DBB6B2F
:10EC100011001800FFF7C8FE03001A0000E00322ED
:10EC200057217B181A707B181B78012B05D93B6C78
:10EC300001333B643B6C032BDFD95723FB181B7854
:10EC4000042B01D10123A5E15723FB181B78012BCD
:10EC500001D90D239EE1BB6B3C330B331800FDF74C
:10EC60005DFD03001A00BB6B9B899A4201D00D2306
:10EC700090E1BB6B3C3316331800FDF74FFD0300EA
:10EC8000FB64FB6C002B07D1BB6B3C3324331800B7
:10EC9000FDF75FFD0300FB64BB6BFA6C5A62BB6B54
:10ECA0004C229A5CBB6B9A70BB6B9B78012B05D096
:10ECB000BB6B9B78022B01D00D236BE1BB6B9B7868
:10ECC0001A00FB6C5343FB64BB6B49229B5C1A002C
:10ECD000BB6B5A81BB6B5B89002B07D0BB6B5B891D
:10ECE0001A00BB6B5B89013B134001D00D2351E13E
:10ECF000BB6B3C3311331800FDF710FD03001A0005
:10ED0000BB6B1A81BB6B1A89BB6B9B895B099BB27E
:10ED100019001000E1F7A4FA0B009BB2002B01D000
:10ED20000D2337E1BB6B3C3313331800FDF7F6FCC2
:10ED30000300BB64BB6C002B07D1BB6B3C3320339F
:10ED40001800FDF706FD0300BB64BB6B3C330E33BC
:10ED50002E257C191800FDF7E1FC030023807B19A8
:10ED60001B88002B01D10D2314E12E23FB181A88D8
:10ED7000FB6CD418BB6B1A89BB6B9B895B099BB27C
:10ED800019001000E1F7E6F903009BB2E318BB623B
:10ED9000BA6CBB6A9A4203D20D23FBE0F454002004
:10EDA000BA6CBB6AD21ABB6B5B8919001000E1F721
:10EDB000D1F903007B627B6A002B01D10D23E9E0CE
:10EDC00057217B1803221A707B6A744A934202D837
:10EDD0007B1802221A707B6A714A934203D8572328
:10EDE000FB1801221A707B6A9A1CBB6B1A62BB6B00
:10EDF0003A6D9A622E23FB181A883B6DD218BB6BB2
:10EE0000DA623A6DBB6AD218BB6B5A635723FB18A0
:10EE10001B78032B1DD1BB6B3C332A331800FDF745
:10EE20007DFC031E01D00D23B4E0BB6B1B89002BBE
:10EE300001D00D23AEE0BB6B3C332C331800FDF743
:10EE400088FC0200BB6B1A63BB6B1B6A9B007B6474
:10EE500020E0BB6B1B89002B01D10D239AE0BB6B1B
:10EE6000DA6AFB6CD218BB6B1A635723FB181B784A
:10EE7000022B03D1BB6B1B6A5B000AE0BB6B1A6AF7
:10EE800013005B009B185A08BB6B1B6A01210B40E7
:10EE9000D3187B64BB6B5C6ABB6B9B891A007B6C71
:10EEA000D3185A1EBB6B9B8919001000E1F752F969
:10EEB00003009C4201D20D236CE0BB6B0122524245
:10EEC000DA61BB6BDA69BB6B9A61BB6B80221A712A
:10EED0005723FB181B78032B48D1BB6B3C333033D3
:10EEE0001800FDF71BFC0300012B3FD13B6D5A1CA2
:10EEF000BB6B11001800FDF7F1FE031E36D1BB6B92
:10EF000000221A71BB6B3C33FF33FF331800FDF74F
:10EF100005FC03001A00234B9A4227D1BB6B3C33FC
:10EF20001800FDF716FC03001F4A93421ED1BB6B6D
:10EF30003C33E533FF331800FDF70BFC03001B4A9D
:10EF4000934213D1BB6B3C33E933FF331800FDF719
:10EF500000FC0200BB6BDA61BB6B3C33ED33FF336B
:10EF60001800FDF7F6FB0200BB6B9A61BB6B5722E2
:10EF7000BA1812781A700E4B1B8801339AB20C4BD8
:10EF80001A800B4B1A88BB6BDA80BB6B1800FDF73D
:10EF90003DFE00231800BD4616B0B0BDF5FF0000D1
:10EFA000F50F000055AA0000525261417272416192
:10EFB000F854002090B585B000AF786039600F2418
:10EFC0003B1909221A707B68002B30D07B681B68C4
:10EFD000002B2CD07B681B681B78002B27D07B680C
:10EFE0009A887B681B68DB889A4220D17B681B6803
:10EFF0001800FDF78DFC031E15D07B681B685B783D
:10F000001800FDF7C1FA03001A000123134003D1D1
:10F010003B1900221A700AE07B681B680021180067
:10F02000FDF78BFC03E00F23FB180F221A700F2350
:10F03000FB181B78002B02D17B681A6800E00022C5
:10F040003B681A600F23FB181B781800BD4605B0FB
:10F0500090BD0000B0B588B000AFF860B960FB1D8E
:10F060001A70BB683B611023FB181800FFF75AFCAD
:10F070000300FB61FB69002B01DA0B234CE0284BFA
:10F08000FA699200D358BB61BB69002B0FD0BB69F2
:10F090001800FDF7BBFDBB695B691800FDF72BFA93
:10F0A000031E01D1022337E0BB6900221A70FB68FE
:10F0B000002B0ED0FB6800221A70FB69DAB2FB68E5
:10F0C000143319001000FDF7F9F9031E01D10223D2
:10F0D00022E0F968124BFA699200D150FB68002BCC
:10F0E00003D0FB1D1B78012B01D0002314E0172552
:10F0F0007C190C23F9180823FB1800221800FFF7CD
:10F10000ABFC03002370FA687B191B781900100010
:10F11000FDF713FC7B191B781800BD4608B0B0BD85
:10F12000F4540020F0B59BB000AFF860B960FB1D4F
:10F130001A70FB68002B01D1092315E2FB1DFA1D93
:10F1400012783F210A401A7067257C19FB1D1A7836
:10F150001023F9180823FB181800FFF77DFC0300A3
:10F1600023707B191B78002B00D0EBE13A69142344
:10F17000FB181A6080239B001800FDF7EBF90300D1
:10F18000BB65BB6D002B06D13B6911211800FDF753
:10F19000D4FB1123E8E13B69BA6D1A61BA686725AF
:10F1A0007C191426BB1911001800FFF731FB03006E
:10F1B000237029007B181B78002B1BD1BB192F2231
:10F1C0009B5C5BB2002B03DA7B1806221A7011E0FD
:10F1D000FB1D1B7801229A429B415B42DBB21A0065
:10F1E0006723FC181423FB1811001800FDF7C4FB5B
:10F1F00003002370FB1D1B781C22134000D196E0F6
:10F200006722BB181B78002B1AD0BB181B78042B65
:10F210000FD1FDF709FC031E07D01423FB181800BB
:10F22000FEF785FF03001A0000E012226723FB1897
:10F230001A70FB1DFA1D127808210A431A7014E097
:10F240001423FB189B791A001123134004D0672361
:10F25000FB1807221A7008E0FB1D1B7804221340DC
:10F2600003D06723FB1808221A7067243B191B7808
:10F27000002B00D07BE0FB1D1B780822134000D13F
:10F2800075E0FCF7B7FA03007B6514257B191B6A50
:10F290000E337A6D11001800FDF79AFA7B191B6A7C
:10F2A00016337A6D11001800FDF792FA7B191B6A6C
:10F2B0000B3320221A703A697B191B6A190010005F
:10F2C000FEF7F8FA03003B6538697B191B6A0022D8
:10F2D0001900FEF70EFB7B191B6A1C330021180076
:10F2E000FDF776FA3B690122DA703B6D002B3ED0C8
:10F2F0003B699B6B7B6526003C19396D7B190022AD
:10F300001800FDF7C3FF03002370BB191B78002B07
:10F310002DD13B69BC197A6D11001800FDF7DEFC98
:10F32000030023703B693A6D013A9A611FE067213F
:10F330007B181B78002B1AD11423FB189B791A0019
:10F340001023134003D07B1804221A700FE0FB1D1A
:10F350001B78022213400AD01423FB189B791A0051
:10F360000123134003D06723FB1807221A70672379
:10F37000FB181B78002B2BD1FB1D1B780822134098
:10F3800005D0FB1DFA1D127840210A431A703B6913
:10F390009A6BFB685A6214217B181A6AFB689A629E
:10F3A000FB1D1B7801229A429B415B42DBB21A0093
:10F3B0007B1811001800FDF755FB0200FB681A616D
:10F3C000FB681B69002B03D16723FB1802221A700C
:10F3D0006723FB181B78002B00D0AFE03A69142498
:10F3E0003B191B6A19001000FEF764FA0200FB6863
:10F3F0009A603B191B6A1C331800FDF7AAF902003A
:10F40000FB68DA60FB680022DA623A69FB681A601E
:10F410003B69DA88FB689A80FB68FA1D12781A75D6
:10F42000FB6800225A75FB6800221A62FB68002202
:10F430009A61FB6830338022520100211800FDF7E9
:10F4400010FAFB1D1B782022134000D176E0FB68E8
:10F45000DB68002B00D171E0FB68DA68FB689A6119
:10F460003B695B891A003B699B895343FB64FB68DA
:10F470009B683B66FB68DB68FB6519E0FB683A6EDE
:10F4800011001800FDF7F8FC03003B663B6E012BF2
:10F4900003D86723FB1802221A703B6E013303D195
:10F4A0006723FB1801221A70FA6DFB6CD31AFB65F7
:10F4B0006723FB181B78002B03D1FA6DFB6C9A4273
:10F4C000DCD8FB683A6EDA6167243B191B78002BA5
:10F4D00034D13B699B891A00FB6D11001800E0F7DD
:10F4E000BFFE0B1E2AD03B693A6E11001800FDF7D3
:10F4F000A7FC0300BB64BB6C002B03D13B190222A9
:10F500001A701BE03B699B891900F86DE0F722FE39
:10F5100003001A00BB6CD218FB681A623B6958786A
:10F52000FB6830331900FB681A6A0123FDF77EF887
:10F53000031E03D06723FB1801221A70BB6D18004D
:10F54000FDF715F86723FB181B78002B02D0FB682A
:10F5500000221A603A6967243B191B7819001000D1
:10F56000FDF7EBF93B191B781800BD461BB0F0BD49
:10F57000B0B58EB000AFF860B9607A603B60BB6830
:10F580007B623B6800221A60FB6837257C191422D5
:10F59000BA1811001800FFF70DFD030023707B1946
:10F5A0001B78002B07D17B19FA68527D1A707B19E2
:10F5B0001B78002B0AD07A6937243B191B78190075
:10F5C0001000FDF7BAF93B191B785FE1FB681B7D62
:10F5D0001A000123134006D17B6907211800FDF7AB
:10F5E000ACF9072352E1FB68DA68FB689B69D31A20
:10F5F0003B627A683B6A9A4200D83DE13B6A7B6095
:10F600003AE1FB689A697B699B8919001000E0F771
:10F6100027FE0B1E00D0F5E0FB689A697B699B8989
:10F6200019001000E0F796FD03001A007B695B8962
:10F63000013B1340FB61FB69002B3BD1FB689B69DD
:10F64000002B03D1FB689B683B6316E0FB68DB6A19
:10F65000002B09D0FB689A69FB6811001800FDF7C0
:10F660002EFF03003B6308E0FA68FB68DB691900C2
:10F670001000FDF701FC03003B633B6B012B09D835
:10F68000FB6802225A757B6902211800FDF755F9C3
:10F690000223FBE03B6B013309D1FB6801225A7561
:10F6A0007B6901211800FDF748F90123EEE0FB68B2
:10F6B0003A6BDA617A69FB68DB6919001000FDF7C3
:10F6C000BFFB0300BB61BB69002B09D1FB680222B1
:10F6D0005A757B6902211800FDF72FF90223D5E046
:10F6E000BA69FB69D318BB617B699B89190078688B
:10F6F000E0F730FD0300BB62BB6A002B43D0FA6920
:10F70000BB6AD3187A695289934205D97B695B89B0
:10F710001A00FB69D31ABB627B695878BB6ABA6965
:10F72000796AFCF783FF031E09D0FB6801225A7532
:10F730007B6901211800FDF700F90123A6E0FB68B1
:10F740001B7D5BB2002B17DAFB681A6ABB69D31A00
:10F75000BA6A9A4210D9FB681A6ABB69D31A7A69E5
:10F76000928953437A6AD018FB68303319007B6959
:10F770009B891A00FDF756F87B699B891A00BB6AC2
:10F780005343FB6264E0FB681B6ABA699A4236D055
:10F79000FB681B7D5BB2002B1CDA7B695878FB6829
:10F7A00030331900FB681A6A0123FCF767FF031E58
:10F7B00009D0FB6801225A757B6901211800FDF709
:10F7C000BCF8012362E0FB681B7D7F221340DAB2A4
:10F7D000FB681A757B695878FB6830331900BA6981
:10F7E0000123FCF723FF031E09D0FB6801225A7591
:10F7F0007B6901211800FDF7A0F8012346E0FB68B2
:10F80000BA691A627B699B891C00FB689A697B69EB
:10F810009B8919001000E0F723FD0B00E31AFB623F
:10F82000FA6A7B689A4201D97B68FB62FB683033D5
:10F830001C00FB689A697B699B8919001000E0F73E
:10F840000FFD0B00E118FA6A7B6A1800FCF7EAFF6B
:10F850007A6AFB6AD3187B62FB689A69FB6AD218E2
:10F86000FB689A613B681A68FB6AD2183B681A60A9
:10F870007A68FB6AD31A7B607B68002B00D0C0E6F5
:10F880007B6900211800FDF758F800231800BD46D9
:10F890000EB0B0BDB0B58CB000AFF860B9607A60A2
:10F8A0003B60BB68FB613B6800221A60FB682F2548
:10F8B0007C191022BA1811001800FFF77BFB030017
:10F8C00023707B191B78002B07D17B19FA68527DB6
:10F8D0001A707B191B78002B0AD03A692F243B1928
:10F8E0001B7819001000FDF728F83B191B7897E1E9
:10F8F000FB681B7D1A000223134006D13B690721D8
:10F900001800FDF71AF807238AE1FB689A697B68FB
:10F91000D218FB689B699A4200D36EE1FB689B6931
:10F92000DB437B6069E1FB689A693B699B8919004D
:10F930001000E0F795FC0B1E00D012E1FB689A69FD
:10F940003B699B8919001000E0F704FC03001A00D2
:10F950003B695B89013B1340BB61BB69002B50D104
:10F96000FB689B69002B0DD1FB689B68BB62BB6A7F
:10F97000002B1ED1FB6800211800FDF7FAFC0300E4
:10F98000BB6216E0FB68DB6A002B09D0FB689A6952
:10F99000FB6811001800FDF792FD0300BB6208E050
:10F9A000FA68FB68DB6919001000FDF7E2FC030050
:10F9B000BB62BB6A002B00D124E1BB6A012B09D1D9
:10F9C000FB6802225A753B6902211800FCF7B5FF5B
:10F9D000022325E1BB6A013309D1FB6801225A7574
:10F9E0003B6901211800FCF7A8FF012318E1FB681F
:10F9F000BA6ADA61FB689B68002B02D1FB68BA6ABD
:10FA00009A60FB681B7D5BB2002B1CDA3B6958785F
:10FA1000FB6830331900FB681A6A0123FCF72EFEDD
:10FA2000031E09D0FB6801225A753B6901211800A9
:10FA3000FCF783FF0123F3E0FB681B7D7F2213406B
:10FA4000DAB2FB681A753A69FB68DB6919001000C5
:10FA5000FDF7F6F903007B617B69002B09D1FB6898
:10FA600002225A753B6902211800FCF766FF022347
:10FA7000D6E07A69BB69D3187B613B699B89190021
:10FA80007868E0F767FB03003B623B6A002B45D0D8
:10FA9000BA693B6AD3183A695289934205D93B69DE
:10FAA0005B891A00BB69D31A3B623B6958783B6A91
:10FAB0007A69F969FCF7E2FD031E09D0FB680122AF
:10FAC0005A753B6901211800FCF737FF0123A7E0B5
:10FAD000FB681A6A7B69D31A3A6A9A4217D9FB689B
:10FAE00030331800FB681A6A7B69D31A3A69928925
:10FAF0005343FA69D1183B699B891A00FCF792FEBF
:10FB0000FB681B7D7F221340DAB2FB681A753B69E4
:10FB10009B891A003B6A53437B6250E0FB681B6A77
:10FB20007A699A421AD0FB689A69FB68DB689A4244
:10FB300014D23B695878FB68303319007A69012385
:10FB4000FCF774FD031E09D0FB6801225A753B695E
:10FB500001211800FCF7F1FE012361E0FB687A69DE
:10FB60001A623B699B891C00FB689A693B699B8907
:10FB700019001000E0F774FB0B00E31A7B627A6A4D
:10FB80007B689A4201D97B687B62FB6830331C003A
:10FB9000FB689A693B699B8919001000E0F760FBDC
:10FBA0000B00E3187A6AF9691800FCF73BFEFB6862
:10FBB0001B7D802252421343DAB2FB681A75FA6940
:10FBC0007B6AD318FB61FB689A697B6AD218FB6871
:10FBD0009A61FB68D968FB689A690B00934200D26E
:10FBE0001300FA68D3603B681A687B6AD2183B68D6
:10FBF0001A607A687B6AD31A7B607B68002B00D01E
:10FC000091E600E0C046FB681B7D40221343DAB258
:10FC1000FB681A753B6900211800FCF78EFE002373
:10FC20001800BD460CB0B0BDB0B586B000AF78606E
:10FC30007B6817257C190822BA1811001800FFF7F5
:10FC4000B9F9030023707B191B78002B73D17B68F3
:10FC50001B7D1A00402313406DD07B681B7D5BB277
:10FC6000002B19DABB6858787B68303319007B6841
:10FC70001A6A0123FCF702FD031E06D0BB680121AE
:10FC80001800FCF75AFE01235FE07B681B7D7F2292
:10FC90001340DAB27B681A75FBF7ACFD03003B61D9
:10FCA000BA687B685B6A17257C1919001000FDF79C
:10FCB00015F8030023702C003B191B78002B3AD158
:10FCC0007B689B6AFB60FB680B331A78FB680B331D
:10FCD00020210A43D2B21A707B6818687B689A6840
:10FCE000FB681900FDF705FEFB681C331A007B68F2
:10FCF000DB6819001000FCF76BFDFB6816333A69EE
:10FD000011001800FCF764FDFB6812330021180095
:10FD1000FCF740FDBB680122DA70BB683C19180093
:10FD2000FDF712F8030023707B681B7D402293438C
:10FD3000DAB27B681A75BA6817243B191B78190068
:10FD40001000FCF7FAFD3B191B781800BD4606B001
:10FD5000B0BDB0B584B000AF78600F257C197B686A
:10FD60001800FFF761FF030023707B191B78002B3D
:10FD700021D17B687C190822BA1811001800FFF7FE
:10FD800019F9030023707B191B78002B13D17B68B2
:10FD90001B697C191800FCF7EFFE030023707B1928
:10FDA0001B78002B02D17B6800221A60BB680021FF
:10FDB0001800FCF7C2FD0F23FB181B781800BD4686
:10FDC00004B0B0BDB0B590B000AF786039607B686A
:10FDD0003F257C190822BA1811001800FFF7EAF82D
:10FDE000030023707B191B78002B03D17B197A68E1
:10FDF000527D1A703F217B181B78002B0AD0BA68FD
:10FE00000C007B181B7819001000FCF796FD3B19BD
:10FE10001B7851E27B68DB6A002B00D1F5E03B6880
:10FE2000013366D17B68DB6A7B627B6A1A1D7A626A
:10FE30001B687B610223BB627B689B683B633B6BF7
:10FE4000002B45D03B6B3B610023FB62BB6A023356
:10FE5000BB623B6BFB60FB6A0133FB627B683A6B06
:10FE600011001800FDF708F803003B633B6B012B02
:10FE700009D87B6802225A75BB6802211800FCF77A
:10FE80005CFD022318E23B6B013309D17B68012240
:10FE90005A75BB6801211800FCF74FFD01230BE2E6
:10FEA000FB6801333A6B9A42D3D0BA6A7B699A42B3
:10FEB00009D87B6A1A1D7A62FA6A1A607B6A1A1D6F
:10FEC0007A623A691A60BB681B6A3A6B9A42B9D384
:10FED0007B68DB6ABA6A1A60BA6A7B699A4203D89D
:10FEE0007B6A00221A60DDE13F23FB1811221A70A1
:10FEF000D8E17B68DB683A689A4202D97B68DB68A4
:10FF00003B607B683A689A613B68002B00D1C9E18D
:10FF10003B685A1E7B6811001800FDF7D0FA0200FA
:10FF20007B68DA61BA687B68DB6919001000FCF74E
:10FF300087FF0300BB61BB69002B09D17B680222EC
:10FF40005A75BB6802211800FCF7F7FC0223B3E1E5
:10FF50003B685A1EBB689B8919001000E0F7FAF84D
:10FF600003001A00BB685B89013B1340BA69D318D0
:10FF7000BB617B689A69BB689B8919001000E0F738
:10FF80006FF90B1E00D18DE17B681B6ABA699A423A
:10FF900000D187E17B681B7D5BB2002B1CDABB685C
:10FFA00058787B68303319007B681A6A0123FCF7A4
:10FFB00065FB031E09D07B6801225A75BB680121CD
:10FFC0001800FCF7BAFC012376E17B681B7D7F22D9
:10FFD0001340DAB27B681A75BB6858787B68303397
:10FFE0001900BA690123FCF721FB031E09D07B68C5
:10FFF00001225A75BB6801211800FCF79EFC012301
:020000040802F0
:100000005AE17B68BA691A624CE17B68DB683A683E
:100010009A4208D97B681B7D1A000223134002D143
:100020007B68DB683B607B689B693B6200237B638A
:100030007B687A6B9A613B68002B00D1D8E0BB6883
:100040005B891A00BB689B895343FB613B6A002BA9
:1000500020D03B68013BF9691800E0F77BF803000A
:100060001C003B6A013BF9691800E0F773F80300D4
:100070009C420FD33B6A013BFA6952421A407B68AB
:100080009A617B689B693A68D31A3B607B68DB693D
:10009000BB632CE07B689B68BB63BB6B002B23D1ED
:1000A0007B6800211800FDF764F90300BB63BB6B9C
:1000B000012B09D17B6802225A75BB680221180006
:1000C000FCF73BFC0223F7E0BB6B013309D17B68F3
:1000D00001225A75BB6801211800FCF72EFC012390
:1000E000EAE07B68BA6B9A607B68BA6BDA61BB6BDB
:1000F000002B00D17CE047E03A68FB69D31A3B60F3
:100100007B689A69FB69D2187B689A617B681B7D62
:100110001A00022313400DD07B68BA6B110018003F
:10012000FDF727F90300BB63BB6B002B0AD100234B
:100130003B602DE07B68BA6B11001800FCF79CFE59
:100140000300BB63BB6B013309D17B6801225A7585
:10015000BB6801211800FCF7F0FB0123ACE0BB6B8E
:10016000012B04D9BB681B6ABA6B9A4209D37B681E
:1001700002225A75BB6802211800FCF7DEFB02233D
:100180009AE07B68BA6BDA613A68FB699A42B3D845
:100190007B689A693B68D2187B689A61BB689B89C7
:1001A0001A003B6811001800E0F75AF80B1E1FD028
:1001B000BB68BA6B11001800FCF742FE03007B63BA
:1001C0007B6B002B09D17B6802225A75BB68022128
:1001D0001800FCF7B2FB02236EE0BB689B89190094
:1001E0003868DFF7B7FF03001A007B6B9B187B634F
:1001F0007B689A697B68DB689A420AD97B689A694E
:100200007B68DA607B681B7D40221343DAB27B682F
:100210001A757B689A69BB689B8919001000E0F722
:100220001FF80B1E3ED07B681B6A7A6B9A4239D04E
:100230007B681B7D5BB2002B1CDABB6858787B683F
:10024000303319007B681A6A0123FCF717FA031E82
:1002500009D07B6801225A75BB6801211800FCF7A0
:100260006CFB012328E07B681B7D7F221340DAB200
:100270007B681A75BB6858787B68303319007A6BD5
:100280000123FCF7D3F9031E09D07B6801225A75BC
:10029000BB6801211800FCF750FB01230CE07B68D0
:1002A0007A6B1A62BA683F243B191B781900100058
:1002B000FCF743FB3B191B781800BD4610B0B0BDDE
:1002C000B0B586B000AF78607B6817257C190C222A
:1002D000BA1811001800FEF76DFE030023707B1999
:1002E0001B78002B07D17B197A68527D1A707B1915
:1002F0001B78002B0AD0FA6817243B191B781900C9
:100300001000FCF71AFB3B191B789EE07B681B7DF5
:100310001A000223134006D1FB6807211800FCF7DE
:100320000CFB072391E07B689A697B68DB689A4243
:1003300000D380E07B689B69002B0ED178687B68D6
:100340009B681722BC1800221900FCF79FFF0300CE
:1003500023707B6800229A602DE07A687B68DB69F5
:1003600019001000FCF788FD03003B6117217B1882
:1003700000221A703B69013302D17B1801221A70E6
:100380003B69012B03D11723FB1802221A70172196
:100390007B181B78002B0ED1FB681B6A3A699A42C6
:1003A00009D278687B68DA697C183B691900FCF728
:1003B0006DFF030023707B689A697B68DA607B6855
:1003C0001B7D40221343DAB27B681A7517243B1950
:1003D0001B78002B1BD17B681B7D5BB2002B16DAD0
:1003E000FB6858787B68303319007B681A6A0123F0
:1003F000FCF744F9031E03D03B1901221A7006E0F2
:100400007B681B7D7F221340DAB27B681A75172147
:100410007B181B78002B0ED07B687A1812785A75DF
:10042000FA680C007B181B7819001000FCF785FA9D
:100430003B191B7809E0FA6817243B191B7819004F
:100440001000FCF77AFA3B191B781800BD4606B07D
:10045000B0BDF0B5A1B000AF78600023BB677F25C9
:100460007C190823F9183B1D02221800FEF7F4FA44
:1004700003002370BA684023FB181A607B191B78AD
:10048000002B00D0B3E080239B001800FCF762F83B
:1004900003007B677B6F002B06D1BB68112118001E
:1004A000FCF74BFA1123ACE0BB687A6F1A617A68EB
:1004B0007F257C194026BB1911001800FEF7A8F90A
:1004C000030023707B191B78002B07D17C19BB1903
:1004D00002211800FCF750FA030023707F217B18DB
:1004E0001B78002B00D07EE04023FB182F229B5C62
:1004F0005BB2002B03DA7B1806221A700AE0402355
:10050000FB189B791A000123134003D07F23FB18AB
:1005100007221A707F243B191B78002B3AD1BA6846
:1005200040257B191B6A19001000FDF7C3F9030071
:10053000BB677B199B791A00102313402AD0BA6835
:100540000C26BB191A60BB19BA6F9A6025007C197A
:10055000BB1900211800FCF7EDFF030023707B1985
:100560001B78002B16D17C19BB1900211800FDF750
:1005700004FC030023707B191B78002B02D17B192C
:1005800007221A707F22BB181B78042B02D1BB18DC
:1005900000221A707F257B191B78002B23D17C1930
:1005A0004026BB191800FDF7D2FE030023707B190B
:1005B0001B78002B0BD1BB6F002B08D07C19B96FB7
:1005C000BB1900221800FCF761FE030023707F2294
:1005D000BB181B78002B06D1BB68BC181800FCF7B1
:1005E000B3FB030023707B6F1800FBF7C0FFBA68F2
:1005F0007F243B191B7819001000FCF79EF93B196A
:100600001B781800BD4621B0F0BD80B584B000AFA6
:1006100078600A00FB1C1A70FB1C1B780A2B04D1A3
:100620007B680D211800FFF7F0FF7B685B68FB60BB
:10063000FB68002B26DBFB685A1CFA607A68D3182B
:10064000FA1C12781A73FB683C2B12DD7B68186861
:100650007B680C331900FA680823FB18FFF71AF9B6
:10066000BA68FB689A4201D1002301E001235B4292
:10067000FB607B68FA685A607B689B685A1C7B68E1
:100680009A6000E0C046BD4604B080BD80B584B02D
:1006900000AF78607B685B68002B15DB7B681868AF
:1006A0007B680C3319007B685B681A000C23FB180D
:1006B000FFF7F0F8031E07D17B685B68FA68934286
:1006C00002D17B689B6801E001235B421800BD46B4
:1006D00004B080BD80B582B000AF786039607B68BF
:1006E0003A681A607B6800225A607B685A687B68A7
:1006F0009A60C046BD4602B080BD00000EB4F0B5A1
:10070000A6B000AF78607A682C23FB18110018009F
:10071000FFF7E0FFA82308229B18DB19BB67A42181
:1007200008200B18DB191B685A1C0918C9190A6024
:1007300083217A181B7813700A00BB181B78002BD2
:1007400000D10AE2BB181B78252B08D0BB181A78F9
:100750002C23FB1811001800FFF757FFFCE197242A
:100760003B1900221A7000238822BA181360A421B2
:1007700008254B19DB191B685A1C4819C01902605F
:1007800083203A181B7813703B181B78302B0DD13F
:100790003B1901221A704B19DB191B685A1C4919A5
:1007A000C9190A603A181B78137030E083217B184E
:1007B0001B782D2B2BD19723FB1802221A70A42013
:1007C00008240319DB191B685A1C0019C0190260A0
:1007D0007A181B7813701AE088217B181A681300A6
:1007E0009B009B185B001A0083203B181B78D318D2
:1007F000303B7A181360A42108240B19DB191B68FD
:100800005A1C0919C9190A603A181B7813708322F7
:10081000BB181B782F2B03D9BB181B78392BDBD9BE
:100820008322BB181B786C2B03D0BB181B784C2B76
:1008300013D19722BB18BA18127804210A431A70F0
:10084000A42108200B18DB191B685A1C0918C919A8
:100850000A608322BA181B7813708322BB181B7896
:10086000002B00D17BE182217B18BA1812781A7014
:100870007B181B78602B08D97B181B787A2B04D83F
:100880007B187A181278203A1A708223FB181B788A
:10089000423B162B00D976E09A00B84BD3181B6860
:1008A0009F46BB6F1A1DBA671B68FB6700238C222B
:1008B000BA18136005E08C22BB181B680133BA1804
:1008C0001360FA6F8C23FB181B68D3181B78002B5E
:1008D000F1D19723FB181B78022213401CD105E0AD
:1008E0002C23FB1820211800FFF78FFE8C217B188A
:1008F0001B685A1C79180A608822BA1812689A4232
:10090000EED809E0FB6F5A1CFA671A782C23FB1803
:1009100011001800FFF779FEFB6F1B78002BF1D157
:1009200005E02C23FB1820211800FFF76EFE8C2118
:100930007B181B685A1C79180A608822BA1812683A
:100940009A42EED808E1BB6F1A1DBA671B68DAB28B
:100950002C23FB1811001800FFF757FEFCE096232C
:10096000FB1802221A7018E09623FB1808221A704E
:1009700013E09623FB180A221A700EE09623FB1848
:1009800010221A7009E08323FB181A782C23FB1815
:1009900011001800FFF739FEDEE09723FB181B78E3
:1009A0000422134004D0BB6F1A1DBA671B680DE008
:1009B0008223FB181B78442B04D1BB6F1A1DBA6726
:1009C0001B6803E0BB6F1A1DBA671B688422B91845
:1009D0000B608223FB181B78442B0FD1BB181B68BC
:1009E000002B0BDABB181B685B42BA181360972206
:1009F000BB18BA18127808210A431A7000239022F3
:100A0000BA18136096257B191A7884243B191B6841
:100A100011001800DFF724FC0B001A008226BB1916
:100A20001A707B191B7819003B191868DFF792FBC5
:100A300003003A191360BB191B78092B0DD98323C6
:100A4000FB181B78782B01D1272300E00723822194
:100A50007A18791809785B18137090203B181B6876
:100A60005A1C39180A608222BA1812783032D1B270
:100A70000C22BA18D1548423FB181B68002B03D016
:100A80003B181B681F2BBDD99723FB181B78082226
:100A9000134009D090217B181B685A1C79180A60F2
:100AA0000C22BA182D21D1549023FB181B688C22DC
:100AB000BA1813609723FB181B780122134001D04A
:100AC000302200E020228223FB181A7008E08223E3
:100AD000FB181A782C23FB1811001800FFF795FD5E
:100AE0009723FB181B78022213400AD18C217B1814
:100AF0001B685A1C79180A608822BA1812689A4230
:100B0000E5D890243B191B68013B3A1913600C236C
:100B1000FA183B191B68D3181A782C23FB181100FC
:100B20001800FFF772FD3B191B68002BE9D108E0A4
:100B30008223FB181A782C23FB1811001800FFF7EA
:100B400064FD8C217B181B685A1C79180A60882266
:100B5000BA1812689A42EBD8E1E5C04600E0C046F8
:100B60002C23FB181800FFF791FD03001800BD4669
:100B700026B0F0BC08BC03B01847C046445903086F
:100B800090B587B000AFF860B960FB1D1A701724EC
:100B90003B1901221A7016203B1800221A70214BB3
:100BA0005B7ADBB2002B36D11E4B5B7ADBB21A00CC
:100BB0001C4B002199541B4B5B7ADBB2194A9B00FA
:100BC000D3180433FA681A60164B5B7ADBB21A004A
:100BD000144B9B18FA1D12781A72124B5B7ADBB217
:100BE0005A1CD1B20F4A51723A1813703B181B7835
:100BF0003033DAB2BB681A70BB6801333A221A701C
:100C0000BB6802332F221A70BB68033300221A70AC
:100C10003B1900221A701723FB181B781800BD46D9
:100C200007B090BD6C55002080B582B000AF7860F1
:100C3000396039687B6800221800FFF7A1FF0300C4
:100C40001800BD4602B080BD80B582B000AFEFF3A2
:100C500005837B607B685A1E9341DBB21800BD465A
:100C600002B080BD80B500AF01F0F6FD0023180092
:100C7000BD4680BD80B584B000AF78607B68FB6006
:100C8000FB68002B01D0FB6800E00123180001F095
:100C9000BBFC00231800BD4604B080BD80B584B005
:100CA00000AF786039603B68012B11D1032200212D
:100CB000012000F06CFE0300FB60FB68002B05D0F8
:100CC000F86800230022002100F0C9FEFB6806E05E
:100CD0003B683A681100180000F0A9FE03001800F4
:100CE000BD4604B080BD000080B584B000AF786020
:100CF00039600023BB607B68002B01D1802336E084
:100D00000023FB603B68013303D101235B42FB609E
:100D100009E03B68002B06D03B68FB60FB68002BBA
:100D200001D10123FB60FFF78FFF031E13D00823BF
:100D3000FA187B680021180001F014F90300012B58
:100D400001D0FF2313E0BB68002B0FD00A4B802299
:100D500052051A600AE0FA687B681100180001F079
:100D600045F80300012B01D0FF2300E00023180009
:100D7000BD4604B080BDC04604ED00E080B584B03F
:100D800000AF78600023FB600023BB60FFF75CFFCF
:100D9000031E13D00823FA187B681100180000F016
:100DA00046FF0300012B01D0FF2313E0BB68002B9B
:100DB0000FD00A4B802252051A600AE0786800239F
:100DC0000022002100F04BFE0300012B01D0FF2385
:100DD000FB60FB681800BD4604B080BD04ED00E078
:100DE00080B582B000AF7860FFF72EFF031E01D000
:100DF000822304E07B68180001F004F90023180046
:100E0000BD4602B080BD80B500AF02F05BFA0300C2
:100E1000012B01D000F098FBC046BD4680BD00000C
:100E200080B584B000AF78600023FB60082000F03C
:100E3000C7FB0300BB60BB68002B12D000F030FB87
:100E4000BB687A681A60BB6800225A60074B1B684F
:100E5000BA685A60054BBA681A6000F033FB012388
:100E6000FB60FB681800BD4604B080BD7402002022
:100E700080B588B000AFF860B9607A600123FB618B
:100E80003E4B1B68002B46D13C4B3D4A1A603CE070
:100E90003A4B1B681B681B68BB61BB691800DFF716
:100EA0003DF903007B61FA687B69D3181B785BB25C
:100EB000202B06D0FA687B69D3181B785BB2002B15
:100EC0001ED17A69B969FB6818000CF067F8031E37
:100ED00016D12A4B1B681B681B7B5BB2002B19DBEE
:100EE000FB68180000F062F903001A00234B1B682E
:100EF0001B681B7B5BB29A420CD00023FB6109E0AC
:100F00001E4B1B685A681D4B1A601C4B1B68002B3C
:100F1000BED100E0C046194B1B68002B0CD0FB690A
:100F2000002B09D17A681749BB6818000CF047F804
:100F3000124B00221A601CE0104B1B68002B10D0D3
:100F40000E4B1B681B689B68FA687968B8689847FD
:100F50000300FB61FB69002B0BD1084B00221A60D8
:100F600007E07A680849BB6818000CF028F80023ED
:100F7000FB61FB691800BD4608B080BD2C580020FD
:100F80006C0200205C5A0308B45A030880B500AF15
:100F9000014B1800BD4680BDC855002080B586B005
:100FA00000AFF860B9607A6000237B6100233B6189
:100FB0007B6800221A6042E0FB680133FB60FB683B
:100FC0001B785BB2002B08D0FB681B785BB2202B30
:100FD000F2D102E0FB680133FB60FB681B785BB277
:100FE000002B04D0FB681B785BB2202BF2D0FB688F
:100FF0001B785BB2002B27D07B6901337B617A6958
:10100000BB689A421BD1FB683B6107E07B681B68A9
:101010005A1C7B681A60FB680133FB60FB681B7815
:101020005BB2002B04D0FB681B785BB2202BEDD1A8
:101030007B681B68002B09D100233B6106E07A69BD
:10104000BB689A42BBD302E0C04600E0C0463B69A1
:101050001800BD4606B080BD80B586B000AFF86010
:10106000B9607A6000233B611023FA187B68012184
:101070001800FFF793FF0200434B1A60424B1B68B6
:10108000002B2BD0404B1B684049062218000BF068
:1010900085FF031E22D13E4B1B78072B02D13C4B10
:1010A00000221A703A4B1B785A1CD1B2384A117080
:1010B0001A00384B9200D158BA68FB6818000BF040
:1010C0007EFF334B1B78072B05D100237B61304B10
:1010D00000221A7052E001237B614FE02A4B1B680B
:1010E000002B4BD12C4B1B68002B05D12A4B2B4AD4
:1010F0001A602B4B01221A70294B1A78294B1B7846
:101100009A421ED9FB6808331800234B1B681B68E2
:101110005968BB68083B1A000BF051FFFB680133AC
:10112000214A110018000CF036F8FB6828221A70CA
:10113000FB68063329221A70FB68073320221A70D5
:1011400008E0154B1B681B685968BA68FB681800F3
:101150000BF035FF104B1B685A680F4B1A60104B91
:101160001B780133DAB20E4B1A700B4B1B68002B45
:1011700002D100237B6101E001237B617B691800C0
:10118000BD4606B080BDC04630580020045B030851
:10119000345800204C000020385800206C020020F9
:1011A0003C580020D40A0020BA1C030880B584B043
:1011B00000AF78600F23FB1800221A700023BB6079
:1011C00018E07B681B785BB2202B0ED1BB68012B2B
:1011D0000DD00F217B181B785BB2DBB20133DAB282
:1011E0007B181A700123BB6001E00023BB607B68A1
:1011F00001337B607B681B785BB2002BE1D1BB685D
:10120000012B08D10F217B181B785BB2DBB2013BAD
:10121000DAB27B181A700F23FB181B785BB2180028
:10122000BD4604B080BD80B582B000AF78607B68F9
:1012300008331A007B685A607B68012252429A6028
:101240007B6808331A007B68DA607B6808331A0011
:101250007B681A617B6800221A60C046BD4602B0F6
:1012600080BD80B582B000AF78607B6800221A61D3
:10127000C046BD4602B080BD80B584B000AF786086
:1012800039607B685B68FB603B68FA685A60FB68A2
:101290009A683B689A60FB689B683A685A60FB688A
:1012A0003A689A603B687A681A617B681B685A1CC6
:1012B0007B681A60C046BD4604B080BD80B584B06E
:1012C00000AF786039603B681B68BB60BB68013366
:1012D00003D17B681B69FB600CE07B680833FB6013
:1012E00002E0FB685B68FB60FB685B681B68BA68D0
:1012F0009A42F6D2FB685A683B685A603B685B6862
:101300003A689A603B68FA689A60FB683A685A6083
:101310003B687A681A617B681B685A1C7B681A6094
:10132000C046BD4604B080BD80B584B000AF7860D3
:101330007B681B69FB607B685B687A6892689A606F
:101340007B689B687A6852685A60FB685B687A6859
:101350009A4203D17B689A68FB685A607B680022D6
:101360001A61FB681B685A1EFB681A60FB681B68E1
:101370001800BD4604B080BD80B584B000AFF860F1
:10138000B9607A60FB68043BFB60FB688022520412
:101390001A60FB68043BFB60BA68FB681A60FB6874
:1013A000043BFB60084AFB681A60FB68143BFB6067
:1013B0007A68FB681A60FB68203BFB60FB681800DA
:1013C000BD4604B080BDC046CD13020880B582B0D2
:1013D00000AF00237B6072B6C0467B68002BFCD058
:1013E000C046C046BD4602B080BD80B500AFC04615
:1013F000BD4680BD000000000000000000000000AD
:101400000B4A13681868203080F30988022080F3A3
:101410001488BFF36F8F3FBCAE4608BC04BC62B6F5
:101420001847C046C046C046C046C046C046C04633
:1014300030B80120C046C04680B500AF0E4B1A68D8
:101440000D4BFF2109040A431A600B4B1A680A4B23
:10145000FF2109060A431A6000F090F8074B0022AA
:101460001A60FFF7CDFF01F019FCFFF7AFFF002373
:101470001800BD4680BDC04620ED00E07802002087
:1014800080B500AF054B802252051A60BFF34F8F25
:10149000BFF36F8FC046BD4680BDC04604ED00E07F
:1014A00080B500AF72B6064B1B685A1C044B1A601D
:1014B000BFF34F8FBFF36F8FC046BD4680BDC046A0
:1014C0007802002080B500AF064B1B685A1E054B02
:1014D0001A60044B1B68002B00D162B6C046BD46A3
:1014E00080BDC04678020020EFF3108072B67047CE
:1014F000C046180080F310887047C0460000000006
:10150000EFF309800E4B1A6820381060F0C0444693
:101510004D4656465F46F0C008B572B601F0BEFBB8
:1015200062B60CBC116808681030F0C8A046A94625
:10153000B246BB4680F309882038F0C81847C04639
:1015400030B80120C046C04680B582B000AFFFF77A
:10155000CBFF03007B6001F0F9FA031E03D0064BBA
:10156000802252051A607B681800FFF7C3FFC0464F
:10157000BD4602B080BDC04604ED00E080B500AFBE
:101580000B4B00221A600B4B00221A600A4B1B689F
:10159000FA2291001800DEF7DDFD03001A00074B68
:1015A000013A1A60024B07221A60C046BD4680BD50
:1015B00010E000E018E000E04802002014E000E045
:1015C00080B586B000AF78600023FB6001F07EF943
:1015D000454B1B68002B01D100F0D2F8434B1B6830
:1015E0007A68134000D072E07B68002B0CD0082290
:1015F0007B689B187B607B680722134004D07B6864
:101600000722934308337B607B68002B5FD0384B05
:101610001B687A689A425AD8364B3B61354B1B6837
:101620007B6104E07B693B617B691B687B617B6953
:101630005B687A689A4203D97B691B68002BF1D1F9
:10164000294B1B687A699A4241D03B691B68082282
:101650009B18FB607B691A683B691A607B695A6852
:101660007B68D21A08235B009A4210D97A697B689A
:10167000D318BB607B695A687B68D21ABB685A6012
:101680007B697A685A60BB68180000F0D9F8184B7B
:101690001A687B695B68D21A154B1A60144B1A687A
:1016A000154B1B689A4203D2114B1A68124B1A60F1
:1016B0007B695A680D4B1B681A437B695A607B69CA
:1016C00000221A600D4B1B685A1C0C4B1A6001F06B
:1016D00009F9FB68002B01D1F5F776F9FB681800D2
:1016E000BD4606B080BDC046D8B70120ECB701208A
:1016F000DCB70120D0B70120E0B70120E4B701201A
:1017000080B584B000AF78607B68FB607B68002B9D
:101710002CD008235B42FA68D318FB60FB68BB60DF
:10172000BB685A68134B1B6813401FD0BB681B680B
:10173000002B1BD1BB685A680E4B1B68DB431A4059
:10174000BB685A6001F0C2F8BB685A680A4B1B6854
:10175000D218094B1A60BB68180000F071F8074BEB
:101760001B685A1C054B1A6001F0BCF8C046BD4608
:1017700004B080BDECB70120DCB70120E8B7012040
:1017800080B584B000AF274BBB60274BFB60FB6884
:10179000072213400CD0FB680733FB60FB6807226D
:1017A0009343FB60BA68FB68D21A1F4BD318BB6027
:1017B000FB687B601D4B7A681A601C4B00225A60E4
:1017C0007B68BA68D318FB600822FB689B1AFB6031
:1017D000FB6807229343FB60FA68154B1A60144BB1
:1017E0001B6800225A60124B1B6800221A607B683B
:1017F0003B603B68FA68D21A3B685A600C4B1A6827
:101800003B681A603B685A680A4B1A603B685A6822
:10181000094B1A60094B802212061A60C046BD4669
:1018200004B080BD905F010040580020D0B7012077
:10183000D8B70120E0B70120DCB70120ECB70120C8
:1018400080B584B000AF7860274BFB6002E0FB6896
:101850001B68FB60FB681B687A689A42F7D8FB68D4
:10186000BB60FB685B68BA68D3187A689A4208D193
:10187000FB685A687B685B68D218FB685A60FB6833
:101880007B607B68BB607B685B68BA68D218FB686A
:101890001B689A4218D1FB681A68144B1B689A425D
:1018A0000DD07B685A68FB681B685B68D2187B6840
:1018B0005A60FB681B681A687B681A6008E00B4B6B
:1018C0001A687B681A6003E0FB681A687B681A6014
:1018D000FA687B689A4202D0FB687A681A60C04650
:1018E000BD4604B080BDC046D0B70120D8B70120A6
:1018F00080B584B000AF786039607B68FB60FFF72B
:10190000CFFDFB681A68FB68D96BFB681B6C4B4307
:10191000D218FB689A60FB6800229A63FB681A6819
:10192000FB685A60FB681A68FB68DB6B591EFB6832
:101930001B6C4B43D218FB68DA60FB684422FF2122
:101940009954FB684522FF2199543B68002B0DD127
:10195000FB681B69002B13D0FB681033180001F0E3
:101960006BFA031E0CD0FFF78BFD09E0FB68103308
:101970001800FFF758FCFB6824331800FFF753FCEE
:10198000FFF7A0FD01231800BD4604B080BD90B54F
:101990008BB002AFF860B960FB1D1A70FB68BA68C3
:1019A0005343FB61FB6950331800FFF709FE030046
:1019B000BB61BB69002B0ED0BB697B617B69503377
:1019C0007B61FB1D1C787A69B968F868BB69009374
:1019D000230000F005F8BB691800BD4609B090BDB2
:1019E00080B584B000AFF860B9607A601A00FB1C63
:1019F0001A70BB68002B03D1BB69BA691A6002E098
:101A0000BB697A681A60BB69FA68DA63BB69BA684D
:101A10001A64BB6901211800FFF76AFFBB69FA1C51
:101A20004C2112785A54C046BD4604B080BD80B5E2
:101A300084B000AF786039607B6802220021180012
:101A4000FFF7A5FF0300FB60FB68002B02D0FB68DB
:101A50003A689A63FB681800BD4604B080BD80B543
:101A60008AB000AFF860B9607A603B6000237B62A7
:101A7000FB683B62FFF714FD3B6A9A6B3B6ADB6BCA
:101A80009A4202D33B68022B1ED13A68B9683B6A7E
:101A9000180000F0DFFA0300FB613B6A5B6A002B71
:101AA00009D03B6A2433180001F0C6F9031E07D0A1
:101AB000FFF7E6FC04E0FB69002B01D0FFF7E0FC38
:101AC000FFF700FD01235BE07B68002B03D1FFF7EC
:101AD000F9FC002354E07B6A002B06D11423FB1889
:101AE000180001F001FA01237B62FFF7EBFC00F024
:101AF000EDFEFFF7D5FC3B6A44229B5C5BB20133F1
:101B000003D13B6A4422002199543B6A45229B5CE5
:101B10005BB2013303D13B6A452200219954FFF7A0
:101B2000D1FC3A1D1423FB181100180001F0F0F944
:101B3000031E1ED13B6A180000F091FB031E11D05A
:101B40003B6A10337A681100180001F039F93B6ADA
:101B5000180000F010FB00F0C5FE031E8AD1FFF74D
:101B60008FFC87E73B6A180000F005FB00F0BAFE27
:101B700080E73B6A180000F0FEFA00F0B3FE002395
:101B80001800BD460AB080BD90B58BB000AFF860BC
:101B9000B9607A603B60FB683B62FFF7A5FC03001D
:101BA000FB613B6A9A6B3B6ADB6B9A4202D33B68F0
:101BB000022B31D11B243B193A6A4521525C1A7021
:101BC0003B6A9B6B7B613A68B9683B6A180000F01E
:101BD00041FA3B191B785BB2013311D13B6A5B6A56
:101BE000002B16D03B6A2433180001F025F9031EA0
:101BF0000FD07B68002B0CD07B6801221A6008E0B4
:101C00001B23FB181B780133DBB259B23B6A452218
:101C1000995401237B6201E000237B62FB69180079
:101C2000FFF768FC7B6A1800BD460BB090BD80B51D
:101C300088B000AF786039607B68BB61FFF754FC07
:101C400003007B61BB699B6B3B61BB69DB6B3A69E2
:101C50009A422CD20F203B18BA694521525C1A7067
:101C60003B695A1CBB699A633B181B785BB2013312
:101C700011D1BB695B6A002B16D0BB6924331800F5
:101C800001F0DAF8031E0FD03B68002B0CD03B6844
:101C900001221A6008E00F23FB181B780133DBB226
:101CA00059B2BB69452299540123FB6101E000232D
:101CB000FB617B691800FFF71DFCFB691800BD463E
:101CC00008B080BD80B58AB000AFF860B9607A60B6
:101CD00000237B62FB683B62FFF7E2FB3B6A9B6B86
:101CE000FB61FB69002B1AD0BA683B6A110018002F
:101CF00000F01BFAFB695A1E3B6A9A633B6A1B6938
:101D0000002B08D03B6A1033180001F095F8031E31
:101D100001D0FFF7B5FBFFF7D5FB012362E07B683D
:101D2000002B03D1FFF7CEFB00235BE07B6A002B87
:101D300006D11423FB18180001F0D6F801237B62AA
:101D4000FFF7C0FB00F0C2FDFFF7AAFB3B6A44228D
:101D50009B5C5BB2013303D13B6A4422002199545E
:101D60003B6A45229B5C5BB2013303D13B6A45224F
:101D700000219954FFF7A6FB3A1D1423FB1811000C
:101D8000180001F0C5F8031E1ED13B6A180000F0D0
:101D900050FA031E11D03B6A24337A6811001800F0
:101DA00001F00EF83B6A180000F0E5F900F09AFD2A
:101DB000031E91D1FFF764FB8EE73B6A180000F029
:101DC000DAF900F08FFD87E73B6A180000F0D3F9DD
:101DD00000F088FD3B6A180000F02BFA031E00D1CA
:101DE0007AE700231800BD460AB080BD80B58AB0EE
:101DF00000AF7860396000237B627B68FB61002361
:101E00003B62FFF74DFBFB699B6BBB61BB69002B22
:101E10001DD0BB695A1EFB699A63FB691B68002BC6
:101E200004D101F0DBFC0200FB699A60FB691B69CD
:101E3000002B08D0FB691033180000F0FDFF031ED3
:101E400001D0FFF71DFBFFF73DFB012386E03B6858
:101E5000002B03D1FFF736FB00237FE07B6A002BCA
:101E600006D10C23FB18180001F03EF801237B6219
:101E7000FFF728FB00F02AFDFFF712FBFB69442265
:101E80009B5C5BB2013303D1FB694422002199546E
:101E9000FB6945229B5C5BB2013303D1FB694522A0
:101EA00000219954FFF70EFB3A000C23FB18110098
:101EB000180001F02DF8031E2ED1FB69180000F068
:101EC000B8F9031E21D0FB691B68002B0AD1FFF76C
:101ED000E7FAFB699B68180001F010FA03003B6207
:101EE000FFF7F0FAFB6924333A681100180000F09C
:101EF00067FFFB69180000F03EF900F0F3FC031ED9
:101F000000D07EE7FFF7BCFA7BE7FB69180000F022
:101F100032F900F0E7FC74E7FB69180000F02BF9D8
:101F200000F0E0FCFB69180000F083F9031E00D10B
:101F300067E73B6A002B10D0FFF7B2FAFB69180085
:101F400000F072F803007B61FB699B687A691100FD
:101F5000180001F087FAFFF7B5FA00231800BD4614
:101F60000AB080BD90B58BB000AFF860B9607A6000
:101F7000FB683B62FFF7B8FA0300FB613B6A9B6BAF
:101F8000BB61BB69002B32D017243B193A6A44214C
:101F9000525C1A70BA683B6A1100180000F0C5F86C
:101FA000BB695A1E3B6A9A633B191B785BB20133CB
:101FB00011D13B6A1B69002B16D03B6A1033180005
:101FC00000F03AFF031E0FD07B68002B0CD07B681B
:101FD00001221A6008E01723FB181B780133DBB2DB
:101FE00059B23B6A4422995401237B6201E00023E9
:101FF0007B62FB691800FFF77DFA7B6A1800BD461B
:102000000BB090BD80B584B000AF78607B68FB609A
:10201000FB68180000F064F9FB681800FFF770FB1C
:10202000C046BD4604B080BD80B584B000AF7860C6
:102030007B685B6A002B06D07B681B6B1B680722E2
:10204000D31AFB6001E00023FB60FB681800BD466B
:1020500004B080BD80B586B000AFF860B9607A602A
:1020600000237B61FB689B6B3B61FB681B6C002B57
:102070000ED1FB681B68002B4ED1FB689B681800D3
:1020800001F0A4F903007B61FB6800229A6043E041
:102090007B68002B19D1FB685868FB681A6CBB6819
:1020A00019000BF080F8FB685A68FB681B6CD218AB
:1020B000FB685A60FB685A68FB689B689A422BD39E
:1020C000FB681A68FB685A6026E0FB68D868FB6802
:1020D0001A6CBB6819000BF066F8FB68DA68FB68DD
:1020E0001B6C5B42D218FB68DA60FB68DA68FB683D
:1020F0001B689A4207D2FB689A68FB681B6C5B42BC
:10210000D218FB68DA607B68022B05D13B69002B93
:1021100002D03B69013B3B613B695A1CFB689A63F7
:102120007B691800BD4606B080BD80B582B000AFA7
:10213000786039607B681B6C002B18D07B68DA688C
:102140007B681B6CD2187B68DA607B68DA687B6816
:102150009B689A4203D37B681A687B68DA607B6865
:10216000D9687B681A6C3B6818000BF01CF8C046F5
:10217000BD4602B080BD80B584B000AF7860FFF787
:102180008FF90F23FB187A684521525C1A7013E00F
:102190007B685B6A002B16D07B682433180000F044
:1021A0004BFE031E01D000F0F9FE0F217B181B78B7
:1021B000013BDAB27B181A700F23FB181B785BB255
:1021C000002BE5DC00E0C0467B684522FF219954E6
:1021D000FFF778F9FFF764F90E23FB187A684421BA
:1021E000525C1A7013E07B681B69002B16D07B6869
:1021F0001033180000F020FE031E01D000F0CEFEC8
:102200000E217B181B78013BDAB27B181A700E2363
:10221000FB181B785BB2002BE5DC00E0C0467B6856
:102220004422FF219954FFF74DF9C046BD4604B042
:1022300080BD80B584B000AF7860FFF731F97B686E
:102240009B6B002B02D10123FB6001E00023FB60AC
:10225000FFF738F9FB681800BD4604B080BD80B5B3
:1022600084B000AF7860FFF71BF97B689A6B7B68DE
:10227000DB6B9A4202D10123FB6001E00023FB608B
:10228000FFF720F9FB681800BD4604B080BD0000D0
:1022900080B584B000AF786039600023FB6015E042
:1022A0000E4BFA68D200D358002B0CD10B4BFA68B6
:1022B000D2003968D150094AFB68DB00D3180433D7
:1022C0007A681A6006E0FB680133FB60FB68072B45
:1022D000E6D9C046C046BD4604B080BDF0B7012077
:1022E00080B584B000AF78600023FB6018E0104A2E
:1022F000FB68DB00D31804331B687A689A420CD160
:102300000B4BFA68D2000021D150094AFB68DB0070
:10231000D318043300221A6006E0FB680133FB6027
:10232000FB68072BE3D9C046C046BD4604B080BD5C
:10233000F0B7012080B586B000AFF860B9607A6070
:10234000FB687B61FFF7ACF87B6944229B5C5BB266
:10235000013303D17B694422002199547B694522D2
:102360009B5C5BB2013303D17B6945220021995408
:10237000FFF7A8F87B699B6B002B06D17B692433A0
:102380007A68B968180000F035FD7B691800FFF71E
:10239000F2FEC046BD4606B080BD90B58DB004AF1C
:1023A000F860B9603B60BB1D1A80BB1D1B889B0099
:1023B0001800FFF705F903007B617B69002B10D043
:1023C0006020FFF7FDF80300FB61FB69002B03D0E1
:1023D000FB697A691A6306E07B691800FFF790F9D8
:1023E00001E00023FB61FB69002B16D0BB1D1A889E
:1023F0003C68B968F86800230393FB6902937B6B20
:1024000001933B6B0093230000F010F8FB69180068
:1024100000F092F80123BB6102E001235B42BB6143
:10242000BB691800BD4609B090BD000080B586B0FC
:1024300000AFF860B9607A603B60BB6A186B7B687C
:102440009B001A00A5210AF086FDBB6A1A6B7B6807
:1024500038498C4663449B00D3183B613B69072293
:1024600093433B61BB68002B20D000237B6113E0CA
:10247000BA687B69D3181878BA6A34217B69D31893
:102480005B18021C1A70BA687B69D3181B78002B82
:1024900006D07B6901337B617B690C2BE8D900E0B6
:1024A000C046BB6A40220021995403E0BB6A342233
:1024B000002199543B6A062B01D906233B62BB6A73
:1024C0003A6ADA62BB6A3A6ADA64BB6A00221A655F
:1024D000BB6A04331800FEF7C4FEBB6A1833180049
:1024E000FEF7BFFEBB6ABA6A1A613B6A0722D21ABC
:1024F000BB6A9A61BB6ABA6A5A62BB6A00225A65B1
:10250000BB6A00229A65BB6A5C22002199543A6832
:10251000F9683B691800FEF72FFF0200BB6A1A60DA
:102520007B6A002B02D07B6ABA6A1A60C046BD463D
:1025300006B080BDFFFFFF3F80B582B000AF78607E
:10254000FEF7AEFF2A4B1B685A1C294B1A60294B19
:102550001B68002B09D1274B7A681A60244B1B6833
:10256000012B10D100F034FD0DE0234B1B68002B34
:1025700009D1204B1B68DA6A7B68DB6A9A4202D871
:102580001C4B7A681A601D4B1B685A1C1B4B1A6047
:102590001A4B1A687B685A647B68DA6A184B1B68A6
:1025A0009A4203D97B68DA6A154B1A607B68DA6A4B
:1025B00013009B009B189B00124A9A187B680433F7
:1025C00019001000FEF758FEFEF77CFF0A4B1B684F
:1025D000002B08D0074B1B68DA6A7B68DB6A9A42DB
:1025E00001D2FEF74DFFC046BD4602B080BDC046D9
:1025F00030B9012030B801203CB901204CB901208C
:1026000038B9012034B8012080B584B000AF7860BB
:102610000023FB607B68002B0AD000F057F97B6831
:102620000021180001F0BCFA00F05CF90300FB6027
:10263000FB68002B01D1FEF723FFC046BD4604B066
:1026400080BD000080B588B000AF78607B68BB615A
:102650002B4B1B68BA699A4204D11F23FB18002236
:102660001A7046E0FEF71CFFBB695B697B61254B76
:102670001B683B61244B1B68FB60FEF723FF7A69F4
:102680003B699A4203D07A69FB689A4204D11F23BE
:10269000FB1802221A702CE07A691C4B9A4218D15E
:1026A000BB699B6A002B0FD1BB695C229B5CDBB2D0
:1026B000012B04D11F23FB1802221A7019E01F23DB
:1026C000FB1803221A7014E01F23FB1802221A7051
:1026D0000FE07A690E4B9A4202D07B69002B04D13D
:1026E0001F23FB1804221A7003E01F23FB1801228A
:1026F0001A701F23FB181B781800BD4608B080BD58
:1027000030B80120E8B80120ECB801201CB9012044
:1027100004B9012080B584B000AF7860FEF7C0FE38
:102720007B68002B02D1074B1B6800E07B68FB60D5
:10273000FB68DB6ABB60FEF7C5FEBB681800BD46E0
:1027400004B080BD30B8012080B586B000AF78609D
:10275000396000237B613B68062B01D906233B606F
:10276000FEF79EFE7B68002B02D1384B1B6800E011
:102770007B683B613B69DB6CFB60FA683B689A42B3
:102780005DD03A68FB689A420DD9304B1B683A69B4
:102790009A420FD02D4B1B68DB6A3A689A4209D3E4
:1027A00001237B6106E0294B1B683A699A4201D1FB
:1027B00001237B613B69DB6ABB603B69DA6C3B6987
:1027C000DB6A9A4202D13B693A68DA623B693A684D
:1027D000DA643B699B69002B04DB3B680722D21A51
:1027E0003B699A613B695969BA6813009B009B1861
:1027F0009B00174A9B1899421CD13B69043318006F
:10280000FEF792FD3B69DA6A124B1B689A4203D9C4
:102810003B69DA6A0F4B1A603B69DA6A13009B0066
:102820009B189B000A4A9A183B6904331900100050
:10283000FEF722FD7B69002B01D0FEF721FEFEF79B
:1028400041FEC046BD4606B080BDC04630B801203E
:1028500034B8012038B9012080B584B002AF144AE1
:1028600014491548154B0193002300930023FFF7EB
:1028700094FD03007B607B68012B03D101F0E4F938
:1028800003007B607B68012B0ED172B60C4B0122DA
:1028900052421A600B4B01221A600B4B00221A6045
:1028A000E8F7D4F8FEF7C8FDC046BD4602B080BDCB
:1028B000C40900000C5B0308B12F020854B90120C1
:1028C00050B901203CB9012034B9012080B500AFD6
:1028D000034B1B685A1C024B1A60C046BD4680BDA4
:1028E00058B9012080B584B000AF0023FB600023FD
:1028F000BB60FEF7D5FD364B1B685A1E344B1A6081
:10290000334B1B68002B5BD1324B1B68002B57D01D
:102910002FE0314BDB68DB68FB60FB681833180085
:10292000FEF702FDFB6804331800FEF7FDFCFB68B0
:10293000DA6A2A4B1B689A4203D9FB68DA6A274B8A
:102940001A60FB68DA6A13009B009B189B00244AFC
:102950009A18FB68043319001000FEF78DFCFB6821
:10296000DA6A204B1B68DB6A9A4202D31E4B0122B3
:102970001A60194B1B68002BCBD1FB68002B01D0D0
:1029800000F082FC194B1B687B607B68002B0FD02A
:1029900000F0DCF8031E02D0134B01221A607B68A2
:1029A000013B7B607B68002BF2D1104B00221A6048
:1029B0000D4B1B68002B03D00123BB60FEF760FDAD
:1029C000FEF780FDBB681800BD4604B080BDC04660
:1029D00058B9012030B90120F0B8012038B90120E0
:1029E00034B8012030B8012044B9012040B9012099
:1029F00080B582B000AF044B1B687B607B68180019
:102A0000BD4602B080BDC04634B9012080B582B059
:102A100000AF00237B60044B1B683B603B681800E1
:102A2000BD4602B080BDC04634B9012080B586B035
:102A300000AFF860B9607A6000237B6107233B61D7
:102A4000FFF744FF3B4B1B68BA689A426AD33B6965
:102A5000013B3B617A691300DB009B189B001A0065
:102A6000FB6898183A6913009B009B189B00324A38
:102A70009B180122190000F089FB02007B699B185A
:102A80007B613B69002BE2D17A691300DB009B1864
:102A90009B001A00FB689818284B1B68022219003B
:102AA00000F074FB02007B699B187B617A6913005C
:102AB000DB009B189B001A00FB689818204B1B68D2
:102AC0000222190000F062FB02007B699B187B6107
:102AD0007A691300DB009B189B001A00FB689B18A7
:102AE00018490422180000F051FB02007B699B1872
:102AF0007B617A691300DB009B189B001A00FB685E
:102B00009B1811490322180000F040FB02007B696A
:102B10009B187B617B68002B04D0E7F7ADFF0200B8
:102B20007B681A60FFF7DEFE7B691800BD4606B0C1
:102B300080BDC04630B9012034B80120E8B801207A
:102B4000ECB8012004B901201CB9012080B586B081
:102B500000AF00237B61464B1B68002B00D07DE05B
:102B6000444B1B6801333B61424B3A691A603B6935
:102B7000002B10D1404B1B68FB60404B1A683E4B4A
:102B80001A603E4BFA681A603D4B1B685A1C3C4B5E
:102B90001A6000F079FB3B4B1B683A699A4249D3B3
:102BA000354B1B681B68002B04D1364B0122524267
:102BB0001A603FE0304B1B68DB68DB68BB60BB68BA
:102BC0005B687B603A697B689A4203D22D4B7A68D6
:102BD0001A602FE0BB6804331800FEF7A5FBBB6842
:102BE0009B6A002B04D0BB6818331800FEF79CFBCF
:102BF000BB68DA6A244B1B689A4203D9BB68DA6A5D
:102C0000214B1A60BB68DA6A13009B009B189B007B
:102C10001E4A9A18BB68043319001000FEF72CFBFB
:102C2000BB68DA6A1A4B1B68DB6A9A42B8D3012385
:102C30007B61B5E7164B1B68DA6A144913009B00E9
:102C40009B189B005B58012B01D901237B61114B21
:102C50001B68002B07D001237B6104E00E4B1B682F
:102C60005A1C0D4B1A607B691800BD4606B080BD2A
:102C700058B9012034B90120E8B80120ECB801208E
:102C800048B9012050B9012038B9012034B80120D9
:102C900030B8012044B9012040B9012080B584B08A
:102CA00000AF3F4B1B68002B03D03E4B01221A6044
:102CB00071E03C4B00221A60E7F7DEFE02003A4B5F
:102CC0001A60394B1A68394B1B689A4209D9384B3C
:102CD0001B68596D344A1068344A1268821A8A187F
:102CE0005A65314B1A68314B1A60314B1B681B6BAC
:102CF000BB60304B7B60BB681B687A689A4211D11D
:102D0000BB6804331B687A689A420BD1BB680833EE
:102D10001B687A689A4205D1BB680C331B687A68D5
:102D20009A4208D0224B1A68214B1B683433190091
:102D30001000F3F727FE204B1B68FB6002E0FB68E6
:102D4000013BFB601D49FA6813009B009B189B0028
:102D50005B58002BF3D0FA6813009B009B189B0074
:102D6000164A9B183B603B685B685A683B685A6030
:102D70003B685A683B6808339A4204D13B685B68F9
:102D80005A683B685A603B685B68DA68084B1A60AF
:102D9000094BFA681A60C046BD4604B080BDC04603
:102DA00058B9012044B9012060B901205CB9012063
:102DB00030B80120A5A5A5A538B9012034B8012057
:102DC00080B582B000AF78603960094B1B6818335A
:102DD0001A007B6811001800FEF770FA3B680121A9
:102DE000180000F0DDFEC046BD4602B080BDC04602
:102DF00030B8012080B584B000AFF860B9607A6067
:102E00000C4B1B6818331A00FB6811001800FEF702
:102E100033FA7B68002B02D001235B42BB607A68E7
:102E2000BB681100180000F0BBFEC046BD4604B0F0
:102E300080BDC04630B8012080B584B000AF786056
:102E40007B68DB68DB68BB60BB6818331800FEF783
:102E50006BFA1F4B1B68002B1DD1BB680433180095
:102E6000FEF762FABB68DA6A1A4B1B689A4203D90A
:102E7000BB68DA6A174B1A60BB68DA6A13009B00FA
:102E80009B189B00144A9A18BB6804331900100061
:102E9000FEF7F2F907E0BB6818331A000F4B110078
:102EA0001800FEF7E9F9BB68DA6A0D4B1B68DB6AAC
:102EB0009A4205D90123FB600A4B01221A6001E006
:102EC0000023FB60FB681800BD4604B080BDC0460F
:102ED00058B9012038B9012034B80120F0B80120D8
:102EE00030B8012044B9012080B582B000AF7860CD
:102EF000054B1A687B681A60044B1A687B685A6035
:102F0000C046BD4602B080BD48B9012034B9012099
:102F100080B586B000AF78603960FEF7C1FA1D4B0E
:102F20001B683B617B685B683A69D31AFB603B684E
:102F30001B68013302D100237B6124E07B681A689F
:102F4000154B1B689A4207D07B685B683A699A42C6
:102F500002D301237B6116E03B681B68FA689A4242
:102F60000CD23B681A68FB68D21A3B681A607B680F
:102F70001800FFF7B9FF00237B6104E03B680022E3
:102F80001A6001237B61FEF79DFA7B691800BD463C
:102F900006B080BD34B9012048B9012080B500AF2A
:102FA000024B01221A60C046BD4680BD44B90120D3
:102FB00080B582B000AF786000F04EF8034B1B681C
:102FC000012BF9D9FEF75CFAF6E7C04634B80120C8
:102FD00080B582B000AF00237B600CE07A681300FC
:102FE0009B009B189B00144A9B181800FEF71BF9C6
:102FF0007B6801337B607B68062BEFD90F4B180091
:10300000FEF711F90E4B1800FEF70DF90D4B1800E5
:10301000FEF709F90C4B1800FEF705F90B4B1800E9
:10302000FEF701F90A4B054A1A600A4B044A1A6076
:10303000C046BD4602B080BD34B80120C0B80120F2
:10304000D4B80120F0B8012004B901201CB9012036
:10305000E8B80120ECB8012080B582B000AF1AE0DA
:10306000FEF71EFA104BDB68DB687B607B6804337D
:103070001800FEF759F90D4B1B685A1E0B4B1A60CE
:103080000B4B1B685A1E0A4B1A60FEF71BFA7B6833
:10309000180000F0E8F8064B1B68002BE0D1C04692
:1030A000C046BD4602B080BD04B9012030B9012040
:1030B00018B9012080B586B000AFF860B9607A60B9
:1030C0001A00FB1C1A70FB68002B02D12E4B1B68E8
:1030D00000E0FB687B61BB687A691A607B69343306
:1030E0001A00BB685A607B69DA6ABB681A617B693F
:1030F0001A6BBB68DA617B695A6CBB689A607B6942
:10310000DA6CBB685A617B695A6DBB689A61FB1CBB
:103110001B78052B1CD01C4B1B687A699A4203D183
:10312000BB6800221A731BE0BB68FA1C12781A7382
:10313000FB1C1B78032B13D1FFF7C8FB7B699B6A31
:10314000002B02D0BB6802221A73FFF7CBFB07E00B
:103150007B691800FFF776FA03001A00BB681A7340
:103160007B68002B09D07B691B6B180000F061F8AD
:1031700003001A00BB681A8402E0BB6800221A84AC
:10318000C046BD4606B080BD30B8012080B58AB0CB
:1031900000AFF860B960FB1D1A7000237B62BB684A
:1031A0001B68002B40D0BB683B623B6A5B685A6877
:1031B0003B6A5A603B6A5A683B6A08339A4204D1B8
:1031C0003B6A5B685A683B6A5A603B6A5B68DB68CB
:1031D000FB61BB68BB61BB695B685A68BB695A60CD
:1031E000BB695A68BB6908339A4204D1BB695B6802
:1031F0005A68BB695A60BB695B68DB687B617A6A45
:103200001300DB009B189B001A00FB689918FB1D3C
:103210001B7878690122FFF74DFF7B6A01337B62DF
:103220007A69FB699A42D4D17B6A1800BD460AB01C
:1032300080BD80B584B000AF78600023FB6005E0FE
:103240007B6801337B60FB680133FB607B681B7824
:10325000A52BF5D0FB689B08FB60FB689BB21800B0
:10326000BD4604B080BD80B582B000AF78607B6899
:103270001B6B1800FEF744FA7B681800FEF740FA53
:10328000C046BD4602B080BD80B582B000AF0B4BDA
:103290001B681B68002B04D1094B012252421A60A3
:1032A00008E0064B1B68DB68DB687B607B685A685C
:1032B000034B1A60C046BD4602B080BDE8B801208D
:1032C00050B9012080B582B000AF0A4B1B68002BBB
:1032D00002D101237B6008E0074B1B68002B02D161
:1032E00002237B6001E000237B607B681800BD4601
:1032F00002B080BD3CB9012058B9012080B584B02E
:1033000000AF78607B68BB600023FB607B68002BAC
:1033100051D0BB68DA6A2A4B1B68DB6A9A4241D2F9
:10332000BB689B69002B06DB254B1B68DB6A072209
:10333000D21ABB689A61BB685969BB68DA6A130024
:103340009B009B189B001F4A9B18994222D1BB6887
:1033500004331800FDF7E8FF194B1B68DA6ABB68F5
:10336000DA62BB68DA6A184B1B689A4203D9BB68F9
:10337000DA6A154B1A60BB68DA6A13009B009B1867
:103380009B00104A9A18BB68043319001000FDF71F
:1033900073FF04E00A4B1B68DA6ABB68DA62012338
:1033A000FB6008E0BB68DA6C054B1B68DB6A9A427D
:1033B00001D20123FB60FB681800BD4604B080BD4C
:1033C00030B8012034B8012038B9012080B584B06C
:1033D00000AF78607B68BB600023FB607B68002BDC
:1033E00037D0BB681B6D5A1EBB681A65BB68DA6AAA
:1033F000BB68DB6C9A422CD0BB681B6D002B28D1BC
:10340000BB6804331800FDF78FFFBB68DA6CBB683C
:10341000DA62BB68DB6A0722D21ABB689A61BB68B2
:10342000DA6A0E4B1B689A4203D9BB68DA6A0B4B07
:103430001A60BB68DA6A13009B009B189B00084A5D
:103440009A18BB68043319001000FDF715FF01231B
:10345000FB60FB681800BD4604B080BD38B9012090
:1034600034B8012080B586B000AF786039607B68E1
:103470003B610123FB607B68002B4BD03B69DB6C1D
:103480003A689A4202D93B687B6102E03B69DB6C97
:103490007B613B69DB6A7A699A423BD03B691B6D71
:1034A000FA689A4236D13B69DB6ABB603B697A694C
:1034B000DA623B699B69002B04DB7B690722D21A25
:1034C0003B699A613B695969BA6813009B009B1874
:1034D0009B00124A9B1899421CD13B690433180087
:1034E000FDF722FF3B69DA6A0D4B1B689A4203D94C
:1034F0003B69DA6A0A4B1A603B69DA6A13009B007F
:103500009B189B00054A9A183B6904331900100068
:10351000FDF7B2FEC046BD4606B080BD34B80120FE
:1035200038B9012080B584B000AF786039603A685E
:103530007B681100180009F02EFE7B681800DCF78C
:10354000EDFD0300FB6007E07A68FB68D3182022DA
:103550001A70FB680133FB60FB680B2BF4D97A68A7
:10356000FB68D31800221A707A68FB68D318180019
:10357000BD4604B080BD0000F0B589B002AF7860F0
:103580007B6800221A704C4B1B68FB604A4B1A6820
:103590001300DB009B189B001800FEF711F80300D6
:1035A000BB60BB68002B00D182E0F968BB680022D9
:1035B0001800FFF73BFA0300FB6000237B616FE01C
:1035C0007A691300DB009B189B001A00BB689B18EC
:1035D0001B7B042B1DD89A00384BD3181B689F46C1
:1035E0001323FB1858221A7018E01323FB185222D9
:1035F0001A7013E01323FB1842221A700EE01323F3
:10360000FB1853221A7009E01323FB1844221A7086
:1036100004E01323FB1800221A70C0467A691300D5
:10362000DB009B189B001A00BB689B185A687B68DC
:1036300011001800FFF776FF03007B601323FB18CF
:103640001C787A691300DB009B189B001A00BB688A
:103650009B181D697A691300DB009B189B001A00F8
:10366000BB689B181B8C1E007A691300DB009B183B
:103670009B001A00BB689B189B68114978680193EE
:1036800000962B00220009F0E7FB7B681800DCF7AE
:1036900045FD02007B689B187B607B6901337B6181
:1036A0007A69FB689A428BD3BB681800FEF728F84A
:1036B000C046BD4607B0F0BD30B90120245B030809
:1036C000145B030880B588B000AF78607B68002287
:1036D0001A703F4B1B68BB613D4B1A681300DB003F
:1036E0009B189B001800FDF76BFF03007B617B6953
:1036F000002B68D00C23FA18B9697B691800FFF712
:1037000095F90300BB61FB6864211800DCF722FD1A
:103710000300FB60FB68002B51D00023FB614AE0F3
:10372000FA691300DB009B189B001A007B699B1849
:103730009B69FA6811001800DCF70CFD03003B617F
:10374000FA691300DB009B189B001A007B699B1829
:103750005A687B6811001800FFF7E4FE03007B60E5
:103760003B69002B0ED0FA691300DB009B189B000D
:103770001A007B699B189A693B691649786809F0B9
:103780006BFB0DE0FA691300DB009B189B001A002D
:103790007B699B189A6910497B68180009F05CFBEB
:1037A0007B681800DCF7BAFC02007B689B187B6022
:1037B000FB690133FB61FA69BB699A42B0D37B694B
:1037C0001800FDF79DFFC046BD4608B080BDC0464D
:1037D00030B90120385B0308445B030880B500AFB3
:1037E000064B1B68002B04D0044B1B681A6D01327A
:1037F0001A65024B1B681800BD4680BD30B8012019
:1038000080B584B000AF78603960FDF749FE1C4B8D
:103810001B689B6D002B0ED1194B1B685C2201218C
:1038200099543B68002B06D03B680121180000F03A
:10383000B7F9FDF725FEFDF745FEFDF731FE104B0C
:103840001B689B6DFB60FB68002B0CD07B68002B1A
:1038500004D00B4B1B6800229A6504E0084B1B68E0
:10386000FA68013A9A65064B1B685C22002199545C
:10387000FDF728FEFB681800BD4604B080BDC046B9
:1038800030B8012080B588B000AFF860B9603B6007
:10389000FB1D1A700123FB61FB68BB61FDF700FE95
:1038A0003B68002B03D0BB699A6D3B681A601723F5
:1038B000FB18BA695C21525C1A70BB695C22022158
:1038C0009954FB1D1B78042B21D89A002A4BD3183E
:1038D0001B689F46BB699A6DBB681A43BB699A65B2
:1038E00018E0BB699B6D5A1CBB699A6512E0BB6905
:1038F000BA689A650EE01723FB181B78022B03D0D9
:10390000BB69BA689A6505E00023FB6102E0C04626
:1039100000E0C0461723FB181B78012B25D1BB699B
:1039200004331800FDF700FDBB69DA6A134B1B680E
:103930009A4203D9BB69DA6A104B1A60BB69DA6A2A
:1039400013009B009B189B000D4A9A18BB69043317
:1039500019001000FDF790FCBB69DA6A094B1B687F
:10396000DB6A9A4201D9FDF78BFDFDF7ABFDFB69E0
:103970001800BD4608B080BD505B030838B901206F
:1039800034B8012030B8012080B588B000AFF860AD
:10399000B9603B60FB1D1A700123FB61FB68BB61D2
:1039A000FDF7A2FD03007B613B68002B03D0BB69E0
:1039B0009A6D3B681A601323FB18BA695C21525C4C
:1039C0001A70BB695C2202219954FB1D1B78042BE1
:1039D00021D89A00354BD3181B689F46BB699A6D56
:1039E000BB681A43BB699A6518E0BB699B6D5A1C9A
:1039F000BB699A6512E0BB69BA689A650EE0132349
:103A0000FB181B78022B03D0BB69BA689A6505E0E6
:103A10000023FB6102E0C04600E0C0461323FB1810
:103A20001B78012B39D1224B1B68002B1DD1BB69A0
:103A300004331800FDF778FCBB69DA6A1D4B1B687C
:103A40009A4203D9BB69DA6A1A4B1A60BB69DA6A0F
:103A500013009B009B189B00174A9A18BB690433FC
:103A600019001000FDF708FC07E0BB6918331A00C5
:103A7000124B11001800FDF7FFFBBB69DA6A104B0F
:103A80001B68DB6A9A4208D9BB6A002B02D0BB6A6A
:103A900001221A600B4B01221A607B691800FDF7A6
:103AA00029FDFB691800BD4608B080BD645B0308B2
:103AB00058B9012038B9012034B80120F0B80120EC
:103AC00030B8012044B9012080B586B000AF7860DD
:103AD00039607B687B61FDF707FD03003B610F20C8
:103AE0003B187A695C21525C1A707B695C22022166
:103AF00099547B699B6D5A1C7B699A653B181B78AE
:103B0000012B39D1204B1B68002B1DD17B6904335D
:103B10001800FDF709FC7B69DA6A1C4B1B689A42A6
:103B200003D97B69DA6A194B1A607B69DA6A130078
:103B30009B009B189B00164A9A187B690433190056
:103B40001000FDF799FB07E07B6918331A00114B51
:103B500011001800FDF790FB7B69DA6A0E4B1B68B9
:103B6000DB6A9A4208D93B68002B02D03B680122ED
:103B70001A600A4B01221A603B691800FDF7BAFC73
:103B8000C046BD4606B080BD58B9012038B90120F5
:103B900034B80120F0B8012030B8012044B9012028
:103BA00080B584B000AF78603960214B1B68FB6042
:103BB000204B1B6804331800FDF7B6FB7B6801330C
:103BC0000BD13B68002B08D01A4B1B681A1D1A4BEF
:103BD00011001800FDF750FB26E0FA687B68D31847
:103BE000BB60144B1B68BA685A60BA68FB689A429B
:103BF00009D2124B1A680F4B1B68043319001000CE
:103C0000FDF75CFB10E00E4B1A680A4B1B6804338F
:103C100019001000FDF752FB0A4B1B68BA689A4264
:103C200002D2084BBA681A60C046BD4604B080BDD7
:103C300034B9012030B801201CB90120ECB80120B2
:103C4000E8B8012050B9012080B584B002AF00234C
:103C50007B6000F0E3FA0A4B1B68002B0BD0094A8B
:103C600009490A480A4B0193032300930023FEF7F6
:103C700094FB03007B607B681800BD4602B080BDEA
:103C800094B90120C4090000785B0308413E020892
:103C900098B9012090B589B002AFF860B9607A6038
:103CA0003B602C20FDF78CFC03007B617B69002BC3
:103CB0000ED07B692822002199543C687A68B96843
:103CC000F8687B690193BB6A0093230000F005F854
:103CD0007B691800BD4607B090BD80B584B000AFC9
:103CE000F860B9607A603B60FB69002B1ED000F081
:103CF00095FAFB69FA681A60FB69BA689A61FB6910
:103D00003A68DA61FB69BA691A62FB690433180020
:103D1000FDF7A7FA7B68002B08D0FB6928229B5C83
:103D200004221343D9B2FB6928229954C046BD46E8
:103D300004B080BD90B58BB000AFF860B9607A6018
:103D40003B6000237B621D4B1B68002B30D014248A
:103D50003B19BA681A603B197A685A603B19FA68CD
:103D60009A60BB68052B19DCFFF7ACFA0300022B45
:103D700009D1124B1868BA6B39190023FDF76FFE91
:103D800003007B6214E00D4B18681423F91800231C
:103D90000022FDF764FE03007B6209E0074B186810
:103DA0003A681423F9180023FDF7EEFE03007B6246
:103DB0007B6A1800BD460BB090BDC04694B9012087
:103DC00080B586B002AF786039601C4B1B68DB6839
:103DD000DB68FB60FB6804331800FDF7A5FAFB689D
:103DE00028229B5C1A000423134015D0FB689A69B3
:103DF0007B68D1187B683A68F86800F0BFF8031E4A
:103E000013D07A68F8680023009300230021FFF79D
:103E100091FF0300BB6008E0FB6828229B5C012245
:103E20009343D9B2FB6828229954FB681B6AFA684D
:103E300010009847C046BD4604B080BD8CB9012033
:103E400080B584B000AF78600823FB18180000F03C
:103E500053F80300FB60BA68FB681100180000F01B
:103E600003F800F0CDF8EFE780B584B000AF7860DC
:103E70003960FEF72BFD0823FB18180000F05EF8F0
:103E80000300FB60BB68002B2BD13B68002B0CD1DF
:103E90007A68FB689A4208D8FEF724FDFA687B68C6
:103EA00011001800FFF78CFF1DE03B68002B08D0C5
:103EB0000F4B1B681B68002B01D1012300E000237E
:103EC0003B600C4B18687A68FB68D31A3A68190093
:103ED000FEF730FAFEF706FD031E04D1FDF7D0FA17
:103EE00001E0FEF7FFFCC046BD4604B080BDC04601
:103EF00090B9012094B9012080B584B000AF7860FA
:103F00000D4B1B681B68002B01D1012200E0002231
:103F10007B681A607B681B68002B05D1064B1B6809
:103F2000DB681B68FB6001E00023FB60FB68180096
:103F3000BD4604B080BDC0468CB9012080B584B0B8
:103F400000AF7860FEF754FD0300FB600A4B1B686E
:103F5000FA689A4205D200F009F97B6801221A60DA
:103F600002E07B6800221A60034BFA681A60FB6863
:103F70001800BD4604B080BD9CB9012080B586B054
:103F800000AFF860B9607A603B6000237B61FB683A
:103F9000BA685A60FB68FA681A61BA687B689A4224
:103FA00012D87A683B68D21AFB689B699A4202D39E
:103FB00001237B611BE0104B1A68FB680433190076
:103FC0001000FDF77BF912E07A683B689A4206D24E
:103FD000BA683B689A4202D301237B6107E0074B32
:103FE0001A68FB68043319001000FDF767F97B6954
:103FF0001800BD4606B080BD90B901208CB90120E3
:1040000090B58DB002AF9CE00822BB181B68002B56
:104010000ADABB1804337B627B6A1A687B6A5868C9
:104020007B6A9B68190090470822BB181B68002B0D
:1040300000DA86E0BB189B683B623B6A5B69002B39
:1040400004D03B6A04331800FDF76EF93B1D1800DD
:10405000FFF774FF0300FB610823FB181B68092BA3
:104060006ED89A003F4BD3181B689F463B6A2822A4
:104070009B5C01221343D9B23B6A2822995408243D
:104080003B195A683B6A9B69D1183B195B68FA690E
:10409000386AFFF773FF031E53D03B6A1B6A3A6A04
:1040A000100098473B6A28229B5C1A0004231340A7
:1040B00047D03B195A683B6A9B69D218386A00237B
:1040C000009300230021FFF735FE0300BB6138E0B9
:1040D0003B6A28229B5C01229343D9B23B6A282287
:1040E00099542EE03B6A28229B5C01221343D9B2EB
:1040F0003B6A282299540823FB185A683B6A9A6144
:104100003B6A9A69FB69D118FB69FA69386AFFF75B
:1041100035FF16E03B6A28229B5C1A0002231340FD
:1041200004D13B6A1800FDF7EBFA0AE03B6A28224B
:104130009B5C01229343D9B23B6A2822995400E048
:10414000C046094B1B680822B91800221800FDF769
:10415000B9FD031E00D057E7C046C046BD460BB0B0
:1041600090BDC046805B030894B9012080B588B03B
:1041700002AF3CE0274B1B68DB681B683B61254BAB
:104180001B68DB68DB68FB60FB6804331800FDF725
:10419000CBF8FB681B6AFA6810009847FB68282276
:1041A0009B5C1A000423134021D0FB689B693A6989
:1041B000D318BB60BA683B699A420ED9FB68BA68EB
:1041C0005A60FB68FA681A61124B1A68FB6804337C
:1041D00019001000FDF772F809E03A69F868002349
:1041E000009300230021FFF7A5FD03007B60094B2E
:1041F0001B681B68002BBDD1064B1B687B61064BFF
:104200001A68044B1A60044B7A691A60C046BD46AE
:1042100006B080BD8CB9012090B9012080B500AFF7
:10422000FDF73EF9144B1B68002B20D1134B1800EF
:10423000FCF7F9FF124B1800FCF7F5FF114B0F4A82
:104240001A60114B0E4A1A60002210210420FDF75B
:104250009EFB0200084B1A60074B1B68002B06D020
:10426000054B1B68094A11001800FEF711F8FDF70D
:1042700029F9C046BD4680BD94B9012064B901202A
:1042800078B901208CB9012090B90120A85B0308FE
:1042900080B582B000AFFB1D00221A700B4B1A686C
:1042A0000A4B802149000A431A60032000F010F8ED
:1042B000031E03D0FB1D01221A7001E002F0B9FABF
:1042C000FB1D1B781800BD4602B080BD00200240D7
:1042D00090B585B000AF78600F23FB1800221A70EC
:1042E0001D4B1B78002B2BD01C4B1C681A4B1B78CA
:1042F0001900FA239800DBF72DFF030019002000B6
:10430000DBF728FF0300180001F08FF8031E12D11D
:104310007B68032B0AD8796801235B4200221800CE
:1043200001F05EF80E4B7A681A600DE00F23FB185F
:1043300001221A7008E00F23FB1801221A7003E013
:104340000F23FB1801221A700F23FB181B7818008B
:10435000BD4605B090BDC046800200204802002046
:104360007C02002080B500AF054B1B781A00054B7E
:104370001B68D218034B1A60C046BD4680BDC046BC
:1043800080020020A0B9012080B500AF024B1B685D
:104390001800BD4680BDC046A0B9012080B584B0DC
:1043A00000AF7860FFF7F0FF0300BB607B68FB6045
:1043B000FB68013305D00A4B1B781A00FB689B1879
:1043C000FB60C046FFF7E0FF0200BB68D31AFA6843
:1043D0009A42F7D8C046C046BD4604B080BDC0462C
:1043E0008002002080B500AF034B1B681B0C1B0430
:1043F0001B0C1800BD4680BD0058014080B500AFC1
:10440000034B1B681B051B0D1800BD4680BDC04635
:104410000058014080B582B000AF786039607B6899
:104420001B68054A1A403B681A437B681A60C046FD
:10443000BD4602B080BDC046FFFF3FFE80B582B0E2
:1044400000AF78607B681A68E0235B0413401800B3
:10445000BD4602B080BD80B584B000AFF860B960E1
:104460007A60FB685B69BA6804210A4007219140C1
:104470000A00D2431A40BB6804210B407968994076
:104480000B001A43FB685A61C046BD4604B080BDAC
:1044900080B582B000AF786039607B685B693A684C
:1044A00004210A40072191400A001A403B68042178
:1044B0000B40DA4013001800BD4602B080BD80B545
:1044C00082B000AF78607B68DA68C0231B011340BC
:1044D00001D1012300E000231800BD4602B080BDD9
:1044E00080B584B000AFF860B9607A60FB689B6A01
:1044F000BA681F210A400F2191400A00D2431A4096
:104500007B689B0E0F211940BB681F200340994018
:104510000B001A43FB689A62C046BD4604B080BDDA
:1045200080B582B000AF786039607B689A6A3B687A
:104530005B035B0B1A437B689A62C046BD4602B0C0
:1045400080BD80B582B000AF786039607B689B6ABF
:104550003A685203520BD2431A407B689A62C046B3
:10456000BD4602B080BD000080B584B000AFF860E9
:10457000B9607A60FB685B69BA681202D2431A407C
:10458000BB681B0279680B4004490B401A43FB6867
:104590005A61C046BD4604B080BDC04600FFFF075B
:1045A00080B582B000AF78607B689B68054A134095
:1045B000802252051A437B689A60C046BD4602B00D
:1045C00080BDC046E8FFFF6F80B582B000AF786065
:1045D0007B689A6880235B051A4080235B059A42BA
:1045E00001D1012300E000231800BD4602B080BDC8
:1045F00080B582B000AF78607B689B68044A134046
:1046000001221A437B689A60C046BD4602B080BD55
:10461000E8FFFF7F80B582B000AF78607B689B6861
:10462000044A134002221A437B689A60C046BD4682
:1046300002B080BDE8FFFF7F80B582B000AF786038
:104640007B689B6801221340012B01D1012300E00C
:1046500000231800BD4602B080BD80B582B000AF17
:1046600078607B689B6802221340022B01D10123F2
:1046700000E000231800BD4602B080BD80B582B0C6
:1046800000AF78607B689B68044A134004221A4399
:104690007B689A60C046BD4602B080BDE8FFFF7FE0
:1046A00080B582B000AF78607B689B68044A134095
:1046B00010221A437B689A60C046BD4602B080BD96
:1046C000E8FFFF7F80B582B000AF78607B689B68B1
:1046D00004221340042B01D1012300E00023180021
:1046E000BD4602B080BD000080B588B000AF7860E4
:1046F0001F23FB1800221A700023BB6100237B617B
:104700000023FB607B68002B01D101237FE17B68E4
:104710009B6D002B0AD17B681800F0F767FC7B6863
:104720000022DA657B685422002199547B681B685B
:104730001800FFF749FF031E15D17B681B6818009E
:10474000FFF72EFFB44B1B68B4491800DBF702FDDE
:10475000030001335B00FB6002E0FB68013BFB6090
:10476000FB68002BF9D17B681B681800FFF72CFF52
:10477000031E0FD17B689B6D10221A437B689A65DC
:104780007B68DB6D01221A437B68DA651F23FB1807
:1047900001221A707B681B681800FFF793FF030063
:1047A0003B617B689B6D1022134000D022E13B6986
:1047B000002B00D01EE17B689B6D994A13400222BA
:1047C0001A437B689A657B681B681800FFF734FF03
:1047D000031E00D0ADE07B689A687B681B7E9B035C
:1047E0001A437B685B7EDB031A437B689B7E5B031B
:1047F0001A437B681B6B002B02D080235B0100E017
:1048000000231A437B68DB681A437B681B69002B13
:1048100004DA7B681B695B005B0801E080239B0373
:104820001A437B682C215B5C5B001343BA6913431A
:10483000BB617B6820229B5C012B15D17B689B7E32
:10484000002B05D1BB69802252021343BB610BE0F0
:104850007B689B6D20221A437B689A657B68DB6DC1
:1048600001221A437B68DA657B685B6A002B0AD0F9
:104870007B685A6AE0235B001A407B689B6A13439B
:10488000BA691343BB617B681B68DB68654A1340E8
:1048900019007B681B68BA690A43DA607B685B6849
:1048A0009B0F9A077B68DB6C13437A6913437B6128
:1048B0007B683C229B5C012B11D17B685B689B0F62
:1048C0009A077B681B6C1A437B685B6C1A437B6896
:1048D0009B6C1A437B691343012213437B617B6802
:1048E0001B681B69504A134019007B681B687A6972
:1048F0000A431A617B685A68C0231B069A4218D083
:104900007B685A688023DB059A4212D07B685A681C
:1049100080231B069A420CD0444B1B68444A134028
:1049200019007B685A68F0239B031A403F4B0A43E7
:104930001A607B6818687B685B6B1A000021FFF7C0
:104940008AFD7B6818687B689B6B3A491A00FFF701
:1049500082FD7B681B69002B09D17B681B689A6A02
:104960007B681B68102149420A439A6218E07B6801
:104970001A6980239B039A4212D17B681B689B6A49
:104980007B68DB69013B9B001C22134010225242D2
:104990009A4011007B681A6E7B681B680A439A6212
:1049A0007B681B6800211800FFF772FD02007B681E
:1049B0005B6B9A420BD17B680022DA657B689B6D4A
:1049C0000322934301221A437B689A651CE07B68AB
:1049D0009B6D1222934310221A437B689A657B6871
:1049E000DB6D01221A437B68DA651F23FB18012265
:1049F0001A7009E07B689B6D10221A437B689A65E8
:104A00001F23FB1801221A701F23FB181B781800A4
:104A1000BD4608B080BDC04648020020400D0300DE
:104A2000FDFEFFFF0102DEFF02FCFF1F0827014021
:104A3000FFFFC3FF04FFFF07B0B584B000AF78608D
:104A40007B681B681800FFF73DFE031E35D17B68AD
:104A500054229B5C012B01D1022335E07B68542258
:104A6000012199540F257C197B68180000F028FB60
:104A7000030023707B191B78002B19D17B689B6D79
:104A8000134A1340802252001A437B689A657B6860
:104A90000022DA657B681B681C221A607B6854223E
:104AA000002199547B681B681800FFF7E7FD08E0B8
:104AB0007B6854220021995403E00F23FB18022243
:104AC0001A700F23FB181B781800BD4604B0B0BD48
:104AD000FEF0FFFFB0B584B000AF78607B68542271
:104AE0009B5C012B01D1022329E07B685422012128
:104AF00099540F257C197B68180000F09FFA030079
:104B000023707B191B78002B12D17C197B6818004D
:104B100000F05CFB030023707B191B78002B07D18E
:104B20007B689B6D084A134001221A437B689A6593
:104B30007B685422002199540F23FB181B7818001E
:104B4000BD4604B0B0BDC046FEFEFFFF80B584B0D8
:104B500000AF786039607B685B69082B02D108235D
:104B6000FB600FE07B681B68DB680122134007D005
:104B70007B689B6D20221A437B689A65012372E053
:104B80000423FB60FFF700FC0300BB601FE03B68F1
:104B900001331CD0FFF7F8FB0200BB68D31A3A6858
:104BA0009A4202D33B68002B11D17B681B681B68BB
:104BB000FA6813400BD17B689B6D04221A437B6813
:104BC0009A657B6854220021995403234BE07B684B
:104BD0001B681B68FA681340D9D07B689B6D8022E4
:104BE00092001A437B689A657B681B681800FFF780
:104BF00066FC031E2ED07B689B7E002B2AD17B682F
:104C00001B681B6808221340082B23D17B681B6894
:104C10001800FFF757FD031E10D17B681B685A6808
:104C20007B681B680C218A435A607B689B6D104A25
:104C3000134001221A437B689A650BE07B689B6DE9
:104C400020221A437B689A657B68DB6D01221A4338
:104C50007B68DA657B681B7E002B03D17B681B6851
:104C60000C221A6000231800BD4604B080BDC04667
:104C7000FEFEFFFF80B582B000AF78607B681B68E6
:104C80001B6C1800BD4602B080BD000080B586B028
:104C900000AF786039601723FB1800221A700023D8
:104CA000FB607B6854229B5C012B01D10223C0E195
:104CB0007B685422012199547B681B681800FFF718
:104CC00001FD031E00D0A3E13B685B68022B00D10D
:104CD00043E17B681A6980231B069A4204D07B68F3
:104CE0001B69C14A934208D17B681A683B681B68FC
:104CF00019001000FFF714FCC9E07B681A6E3B68CE
:104D00005B681F210B400F2199400B00DB431340D0
:104D100019003B681B685B035B0B05D13B681B6894
:104D20009B0E1F22134098E03B681B680122134032
:104D300000D091E03B681B680222134000D089E05C
:104D40003B681B680422134000D081E03B681B686D
:104D50000822134000D079E03B681B681022134002
:104D600000D071E03B681B682022134000D069E04E
:104D70003B681B684022134000D061E03B681B6821
:104D80008022134000D059E03B681A6880235B0002
:104D9000134051D13B681A6880239B00134049D1CE
:104DA0003B681A688023DB00134041D13B681A68D6
:104DB00080231B01134039D13B681A6880235B01B3
:104DC000134031D13B681A6880239B01134029D1DD
:104DD0003B681A688023DB01134021D13B681A68C5
:104DE00080231B02134019D13B681A6880235B02A1
:104DF000134011D13B681A6880239B02134009D1EC
:104E00003B681A688023DB02134001D0122324E0A0
:104E1000002322E0112320E010231EE00F231CE0DA
:104E20000E231AE00D2318E00C2316E00B2314E0E8
:104E30000A2312E0092310E008230EE007230CE008
:104E400006230AE0052308E0042306E0032304E028
:104E5000022302E0012300E000233A6852681F2089
:104E6000024093400A001A437B681A663B685B68FD
:104E70009B085A1C7B68DB699A4208D87B681868D3
:104E80003B6859683B681B681A00FFF729FB7B6881
:104E900018683B6819683B689B681A00FFF764FB59
:104EA0003B681B68002B00DBBCE0504B1800FFF791
:104EB000C5FA03003B613B681B684D4A934222D10F
:104EC0003A6980231B0413401DD13B6980221204E0
:104ED0001343464A19001000FFF79CFA454B1B6824
:104EE00045491800DBF736F903005A1C13005B0034
:104EF0009B189B00FB6002E0FB68013BFB60FB68CA
:104F0000002BF9D18EE03B681B683C4A93420ED1DE
:104F10003A6980235B04134009D13B698022520423
:104F20001343324A19001000FFF774FA7AE03B6825
:104F30001B68334A934200D074E03A698023DB0354
:104F4000134000D06EE03B698022D2031343274A0E
:104F500019001000FFF75EFA64E07B681A6980238D
:104F60001B069A4204D07B681B691F4A934207D1F3
:104F70007B681A683B681B6819001000FFF7E1FAAC
:104F80003B681B68002B4DDA184B1800FFF756FAE8
:104F900003003B613B681B68154A934208D13B699B
:104FA000184A1340114A19001000FFF733FA39E08C
:104FB0003B681B68114A934208D13B69124A13406F
:104FC0000A4A19001000FFF725FA2BE03B681B681E
:104FD0000B4A934226D13B690C4A1340034A1900FD
:104FE0001000FFF717FA1DE00400008008270140B9
:104FF000001000B048020020400D0300004000B83F
:10500000002000B4FFFF7FFFFFFFFFFEFFFFBFFF99
:105010007B689B6D20221A437B689A651723FB18D7
:1050200001221A707B685422002199541723FB181F
:105030001B781800BD4606B080BDC04680B584B060
:1050400000AF78607B681B681800FFF73BFB031E0E
:1050500031D07B681B681800FFF7FFFA031E04D1EC
:105060007B681B681800FFF71BFBFFF78DF9030037
:10507000FB601AE0FFF788F90200FB68D31A022BE5
:1050800013D97B681B689B68042213400DD07B6892
:105090009B6D10221A437B689A657B68DB6D012249
:1050A0001A437B68DA65012306E07B681B689B680E
:1050B00004221340DED100231800BD4604B080BD99
:1050C00080B584B000AF78600023BB607B681B684C
:1050D0001800FFF7B1FA031E00D069E07B681B6877
:1050E0009B68364A13400DD07B689B6D10221A4393
:1050F0007B689A657B68DB6D01221A437B68DA6501
:10510000012356E07B681B681800FFF771FA2C4BEF
:105110001800FFF793F9020080231B0413400FD0FF
:10512000284B1B6828491800DBF714F803000133EB
:10513000BB6002E0BB68013BBB60BB68002BF9D1E0
:105140007B685B7E012B33D0FFF71EF90300FB6009
:1051500027E07B681B681800FFF76EFA031E04D176
:105160007B681B681800FFF743FAFFF70DF9020090
:10517000FB68D31A022B14D97B681B681B680122B9
:105180001340012B0DD07B689B6D10221A437B6866
:105190009A657B68DB6D01221A437B68DA6501231F
:1051A00007E07B681B681B6801221340012BD0D1EC
:1051B00000231800BD4604B080BDC0461700008023
:1051C0000827014048020020400D030080B584B04C
:1051D00000AF78607B681B681800FFF73EFA030099
:1051E000FB607B681B681800FFF726FA031E46D099
:1051F000FB68002B43D17B681B689B68052213402A
:10520000012B0DD17B681B681800FFF703FA7B6840
:105210001B6803221A60FFF7B7F80300BB6028E0A1
:105220007B689B6D10221A437B689A657B68DB6DF7
:1052300001221A437B68DA65012321E0FFF7A4F815
:105240000200BB68D31A022B13D97B681B689B68CA
:10525000012213400DD07B689B6D10221A437B689E
:105260009A657B68DB6D01221A437B68DA6501234E
:1052700006E07B681B689B6801221340DED1002397
:105280001800BD4604B080BD80B582B000AF0200FA
:10529000FB1D1A70FB1D1B787F2B09D8FB1D1B788B
:1052A0001A001F231A40044B012191400A001A6082
:1052B000C046BD4602B080BD00E100E090B583B0BD
:1052C00000AF02003960FB1D1A70FB1D1B787F2B9D
:1052D00028D82F4AFB1D1B785BB29B08C0339B006C
:1052E0009B58FA1D1278110003220A40D200FF21B8
:1052F00091400A00D2431A4011003B689B01FF22F3
:105300001A40FB1D1B78180003230340DB009A4062
:105310001F48FB1D1B785BB29B080A43C0339B00F0
:105320001A5031E01B4AFB1D1B7819000F230B405C
:10533000083B9B0806339B00D31804331B68FA1DF7
:105340001278110003220A40D200FF2191400A0086
:10535000D2431A4011003B689B01FF221A40FB1DFB
:105360001B78180003230340DB009A400948FB1D0B
:105370001B781C000F232340083B9B080A4306337D
:105380009B00C31804331A60C046BD4603B090BDED
:1053900000E100E000ED00E080B582B000AF786091
:1053A0007B685A1E80235B049A4201D3012310E0DC
:1053B0000A4B7A68013A5A6001235B4203211800C4
:1053C000FFF77CFF054B00229A60044B07221A600E
:1053D00000231800BD4602B080BDC04610E000E0CA
:1053E00080B584B000AFB9607A600F217B18021CD1
:1053F0001A70BA687B181B785BB211001800FFF7AF
:105400005DFFC046BD4604B080BD80B582B000AF30
:105410000200FB1D1A70FB1D1B785BB21800FFF722
:1054200033FFC046BD4602B080BD80B582B000AF3C
:1054300078607B681800FFF7AFFF03001800BD46D7
:1054400002B080BD80B582B000AF78607B68002B71
:1054500001D1012356E07B685B7FDBB2002B06D1D4
:105460007B6800221A777B681800EFF7FDF97B68EC
:1054700002225A777B681B79002B0CD17B681B6852
:10548000224A5A617B681B689A687B681B681821EE
:105490008A439A600BE07B6899687B68DA687B686E
:1054A000180000F093F9031E01D001232AE07B6865
:1054B0005B79002B05D17B681B68012252421A617F
:1054C00004E07B681B687A6812691A617B681B6854
:1054D0009B686022934319007B685A697B681B684C
:1054E0000A439A607B681B689B688022934319007B
:1054F0007B689A697B681B680A439A607B68012213
:105500005A7700231800BD4602B080BDB71DC10404
:1055100080B586B000AFF860B9607A6000233B6167
:10552000FB6802225A77FB681B6A032B05D02DD833
:10553000012B19D0022B20D028E000237B610AE048
:105540007B699B00BA68D218FB681B6812681A60F6
:105550007B6901337B617A697B689A42F0D3FB688F
:105560001B681B683B6112E07A68B968FB68180029
:1055700000F064F803003B6109E07A68B968FB68F1
:10558000180000F0ECF803003B6100E0C046FB6847
:1055900001225A773B691800BD4606B080BD80B530
:1055A00086B000AFF860B9607A6000233B61FB68A9
:1055B00002225A77FB681B689A68FB681B68012106
:1055C0000A439A60FB681B6A032B05D02DD8012B78
:1055D00019D0022B20D028E000237B610AE07B69F0
:1055E0009B00BA68D218FB681B6812681A607B6956
:1055F00001337B617A697B689A42F0D3FB681B6850
:105600001B683B6112E07A68B968FB68180000F01B
:1056100015F803003B6109E07A68B968FB68180077
:1056200000F09DF803003B6100E0C046FB680122EA
:105630005A773B691800BD4606B080BD80B588B07A
:1056400000AFF860B9607A600023FB6123E0FB697A
:105650009B00BA68D3181B781A06FB699B000133BC
:10566000B968CB181B781B041A43FB699B000233F3
:10567000B968CB181B781B021A43FB699B000333E4
:10568000B968CB181B781900FB681B680A431A60BD
:10569000FB690133FB617B689B08FA699A42D6D3A8
:1056A0007B680322134053D07B6803221340012BF5
:1056B00007D1FB699B00BA68D218FB681B68127897
:1056C0001A707B6803221340022B19D1FB699B00DF
:1056D000BA68D3181B781B021AB2FB699B0001330E
:1056E000B968CB181B781BB213431AB21A217B1866
:1056F0001A80FB681B687B617B697A1812881A80A4
:105700007B6803221340032B22D1FB699B00BA68FC
:10571000D3181B781B021AB2FB699B000133B968CE
:10572000CB181B781BB213431AB21A217B181A80AC
:10573000FB681B687B617B697A1812881A80FB6999
:105740009B000233BA68D218FB681B6812781A7083
:10575000FB681B681B681800BD4608B080BD80B59B
:1057600086B000AFF860B9607A6000237B6113E017
:105770007B699B00BA68D3181B881A047B699B005D
:105780000233B968CB181B881900FB681B680A43F1
:105790001A607B6901337B617B685B087A699A4296
:1057A000E6D37B680122134009D0FB681B683B618C
:1057B0007B699B00BA68D3181A883B691A80FB681A
:1057C0001B681B681800BD4606B080BD80B586B05A
:1057D00000AFF860B9607A6017217B1800221A7058
:1057E0001F233B61BB680122134003D17B180122B8
:1057F0001A7045E0C0463B695A1E3A61002B08D03A
:105800003B691F221340BA68DA401300012213409B
:10581000F1D07B68182B0FD07B68182B24D87B68BD
:10582000102B11D07B68102B1ED87B68002B20D04A
:105830007B68082B10D017E03B69062B1BD9172378
:10584000FB1801221A7016E03B69072B15D91723A4
:10585000FB1801221A7010E03B690F2B0FD9172398
:10586000FB1801221A700AE01723FB1801221A7094
:1058700006E0C04604E0C04602E0C04600E0C04684
:105880001723FB181B78002B0ED1FB681B68BA6826
:105890005A61FB681B689B68182293431900FB68D8
:1058A0001B687A680A439A601723FB181B78180054
:1058B000BD4606B080BD000080B582B000AF786004
:1058C0007B68002B01D1012391E07B681B681A00E3
:1058D000494B9A4210D87B681B68484A94466344F7
:1058E00014211800DAF736FC03009A007B685A642A
:1058F0007B68434A1A640FE07B681B68414A944600
:10590000634414211800DAF725FC03009A007B6831
:105910005A647B683C4A1A647B68252202219954A8
:105920007B681B681A687B681B6838490A401A60E4
:105930007B681B6819687B689A687B68DB681A4318
:105940007B681B691A437B685B691A437B689B69A8
:105950001A437B68DB691A437B681B6A1A437B68BE
:105960001B680A431A607B68180000F0A9FA7B687C
:105970009A688023DB019A4202D17B6800225A6038
:105980007B685A687B689B6C7F210A401A607B6841
:10599000DB6C7A68126D5A607B685B68002B11D0F3
:1059A0007B685B68042B0DD87B68180000F0D2FA86
:1059B0007B685B6D00221A607B689B6D7A68D26D94
:1059C0005A6008E07B6800225A657B6800229A656D
:1059D0007B680022DA657B680022DA637B68252217
:1059E000012199547B682422002199540023180036
:1059F000BD4602B080BDC04607040240F8FFFDBFAF
:105A000000000240F8FBFDBF000402400F80FFFFD2
:105A100080B586B000AFF860B9607A603B6017234C
:105A2000FB1800221A70FB6824229B5C012B01D119
:105A300002236FE0FB68242201219954FB68252290
:105A40009B5CDBB2012B57D1FB68252202219954C4
:105A5000FB680022DA63FB681B681A68FB681B6836
:105A600001218A431A603B687A68B968F86800F0D7
:105A7000EBF9FB681B6B002B08D0FB681B681A68EE
:105A8000FB681B680E210A431A600FE0FB681B6865
:105A90001A68FB681B6804218A431A60FB681B684C
:105AA0001A68FB681B680A210A431A60FB689B6C32
:105AB0001A6880235B02134008D0FB689B6C1A684D
:105AC000FB689B6C802149000A431A60FB685B6D90
:105AD000002B08D0FB685B6D1A68FB685B6D80214A
:105AE00049000A431A60FB681B681A68FB681B6858
:105AF00001210A431A600AE0FB688022DA63FB682E
:105B00002422002199541723FB1801221A7017230D
:105B1000FB181B781800BD4606B080BD80B582B06A
:105B200000AF78607B68002B01D101234FE07B68D8
:105B300025229B5CDBB2022B08D07B680422DA634F
:105B40007B68242200219954012340E07B681B6874
:105B50001A687B681B680E218A431A607B689B6CFD
:105B60001A687B689B6C1C490A401A607B681B683A
:105B70001A687B681B6801218A431A607B685B6C2A
:105B80001C221A407B681B6C012191400A005A605C
:105B90007B68DB6C7A68126D5A607B685B6D002BEA
:105BA0000CD07B685B6D1A687B685B6D0A490A40A4
:105BB0001A607B689B6D7A68D26D5A607B6825227B
:105BC000012199547B682422002199540023180054
:105BD000BD4602B080BDC046FFFEFFFF80B584B069
:105BE00000AF78600F217B1800221A707B68252295
:105BF0009B5CDBB2022B06D07B680422DA637B1845
:105C000001221A7048E07B681B681A687B681B6871
:105C10000E218A431A607B681B681A687B681B68C0
:105C200001218A431A607B689B6C1A687B689B6CB5
:105C30001D490A401A607B685B6C1C221A407B6815
:105C40001B6C012191400A005A607B68DB6C7A680A
:105C5000126D5A607B685B6D002B0CD07B685B6DAE
:105C60001A687B685B6D10490A401A607B689B6DFF
:105C70007A68D26D5A607B682522012199547B682D
:105C80002422002199547B689B6B002B04D07B68F5
:105C90009B6B7A68100098470F23FB181B7818003D
:105CA000BD4604B080BDC046FFFEFFFF80B584B096
:105CB00000AF78607B681B6C1B68FB607B681B68AF
:105CC0001B68BB607B685B6C1C22134004229A40FB
:105CD0001300FA68134026D0BB680422134022D078
:105CE0007B681B681B682022134007D17B681B68F8
:105CF0001A687B681B6804218A431A607B685B6CA6
:105D00001C221A407B681B6C042191400A005A60D7
:105D10007B681B6B002B00D180E07B681B6B7A6873
:105D2000100098477AE07B685B6C1C2213400222CB
:105D30009A401300FA6813403CD0BB68022213401B
:105D400038D07B681B681B68202213400BD17B680E
:105D50001B681A687B681B680A218A431A607B6883
:105D60002522012199547B681B681A002E4B9A4208
:105D700009D97B685B6C1C221A402C4B0221914094
:105D80000A005A6008E07B685B6C1C221A40284BB2
:105D9000022191400A005A607B6824220021995414
:105DA0007B68DB6A002B39D07B68DB6A7A6810007D
:105DB000984733E07B685B6C1C22134008229A40B2
:105DC0001300FA6813402AD0BB680822134026D07B
:105DD0007B681B681A687B681B680E218A431A60FF
:105DE0007B685B6C1C221A407B681B6C0121914014
:105DF0000A005A607B680122DA637B682522012150
:105E000099547B682422002199547B685B6B002B9A
:105E100005D07B685B6B7A6810009847C046C04627
:105E2000BD4604B080BDC046800002400004024070
:105E30000000024080B582B000AF78607B68DB6B09
:105E40001800BD4602B080BD80B584B000AFF860D8
:105E5000B9607A603B60FB68DB6CFA68126D5A606F
:105E6000FB685B6D002B04D0FB689B6DFA68D26DFC
:105E70005A60FB685B6C1C221A40FB681B6C01219A
:105E800091400A005A60FB681B683A685A60FB68D8
:105E90009B68102B08D1FB681B687A689A60FB68C6
:105EA0001B68BA68DA6007E0FB681B68BA689A602A
:105EB000FB681B687A68DA60C046BD4604B080BDE6
:105EC00080B584B000AF78607B681B681A001D4BFA
:105ED0009A4214D87B685B6C9B089B001A4A9A18FC
:105EE0007B689A647B681B681A00FF231340083B99
:105EF00014211800DAF72EF90300FB6014E07B6828
:105F00005B6C9B089B00114A9A187B689A647B68BB
:105F10001B681A00FF231340083B14211800DAF70E
:105F200019F903000733FB607B68094ADA64FB68F0
:105F30001F22134001229A407B681A65C046BD4665
:105F400004B080BD07040240000802401C08024063
:105F50008008024080B584B000AF78607B685B68E1
:105F60007F221340FB60FB680A4A944663449B000F
:105F70001A007B685A657B68074A9A65FB68013B93
:105F80000322134001229A407B68DA65C046BD4671
:105F900004B080BD3F82001040090240B0B586B019
:105FA00000AFF860B9603A607B60214B1B78012B31
:105FB00001D1022338E01E4B01221A701C4B002233
:105FC0005A6017257C19FA239B00180000F07AF814
:105FD000030023707B191B78002B1FD1FB68012B5A
:105FE00006D13A687B68B968080000F0B9F805E0A6
:105FF0003A68BB68110018000BF032FE1723FC183A
:10600000FA239B00180000F05DF803002370094B91
:106010005A69FB68D943074B0A405A61044B002276
:106020001A701723FB181B781800BD4606B0B0BDC8
:10603000A4B901200020024080B582B000AFFB1D52
:1060400000221A700B4B5B69002B0CDA094B0A4AD1
:106050009A60084B094A9A60064B5B69002B02DA8A
:10606000FB1D01221A70FB1D1B781800BD4602B0F3
:1060700080BDC0460020024023016745AB89EFCDBB
:1060800080B582B000AFFB1D01221A70FA239B007D
:10609000180000F017F80A4B5A69094B80210906CD
:1060A0000A435A61064B5B69002B02DAFB1D002292
:1060B0001A70FB1D1B781800BD4602B080BDC0469B
:1060C0000020024080B584B000AF7860FEF75CF934
:1060D0000300FB60C0239B02BB600CE07B680133C4
:1060E00009D0FEF751F90200FB68D31A7A689A4288
:1060F00001D8032328E0164B1B69BA681340EDD181
:10610000134B1B69134A1340BB60114B124A1A61AF
:10611000BB68002B11D0114BBA685A60012313E001
:106120007B68013309D0FEF72FF90200FB68D31A10
:106130007A689A4201D8032306E0054B1A69802346
:10614000DB021340ECD100231800BD4604B080BD33
:1061500000200240FAC30000FBC30800A4B90120DC
:10616000B0B584B000AFF8603A607B600B4B5A6901
:106170000A4B01210A435A61FB683A681A60BFF36F
:106180006F8FC0467B681C0000231D00FB68043332
:1061900022001A60C046BD4604B0B0BD00200240D7
:1061A000B0B584B000AF78603960334B1B78012BF9
:1061B00001D102235CE0304B01221A702E4B0022E9
:1061C0005A600F257C19FA239B001800FFF77AFF0D
:1061D000030023702C003B191B78002B42D17B68F5
:1061E0001B68042B0DD17B685B68180000F048F831
:1061F0003C19FA239B001800FFF764FF030023708B
:1062000030E03B68012252421A607B689B68BB60A9
:106210001AE07B685B68BA681100180000F044F867
:106220000F257C19FA239B001800FFF74BFF030092
:1062300023707B191B78002B03D03B68BA681A6067
:106240000AE0BB680133BB607B689A687B68DB68E7
:10625000D318BA689A42DCD3084B5A69074B02211B
:106260008A435A61044B00221A700F23FB181B78D3
:106270001800BD4604B0B0BDA4B901200020024002
:1062800080B582B000AF7860064B5A697B681A43CC
:10629000044B802149020A435A61C046BD4602B000
:1062A00080BDC0460020024080B584B000AF786059
:1062B00039600F4B5B690F4A1340FB607B68042B0E
:1062C00005D0FB68802292011343FB6003E0FB686A
:1062D000094A1340FB603B68DA00FB681A43044B31
:1062E00006490A435A61C046BD4604B080BDC04657
:1062F0000020024007E0FFFFFFDFFFFF0200010078
:1063000080B586B000AF7860396000237B614DE1D5
:106310003B681B6801217A6991400A001340FB60C9
:10632000FB68002B00D13EE13B685B680322134011
:10633000012B05D03B685B6803221340022B30D150
:106340007B689B683B617B695B0003229A4013007A
:10635000DA433B6913403B613B68DA687B695B0069
:106360009A4013003A6913433B617B683A699A602B
:106370007B685B683B6101227B699A401300DA43CA
:106380003B6913403B613B685B681B0901221A4073
:106390007B699A4013003A6913433B617B683A6911
:1063A0005A603B685B6803221340032B17D07B685D
:1063B000DB683B617B695B0003229A401300DA4390
:1063C0003B6913403B613B689A687B695B009A407C
:1063D00013003A6913433B617B683A69DA603B68B2
:1063E0005B6803221340022B23D17B69DA087B68A8
:1063F00008329200D3583B617B69072213409B000F
:106400000F229A401300DA433B6913403B613B681B
:106410001A697B6907210B409B009A4013003A6977
:1064200013433B617B69DA087B6808329200396963
:10643000D1507B681B683B617B695B0003229A40FB
:106440001300DA433B6913403B613B685B680322FE
:106450001A407B695B009A4013003A6913433B6121
:106460007B683A691A603B685A68C0239B021340F4
:1064700000D198E0534A7B699B0818339B009B58D6
:106480003B617B6903221340DB000F229A4013001B
:10649000DA433B6913403B617A68A023DB059A42EB
:1064A00019D07B68484A934213D07B68474A93428D
:1064B0000DD07B68464A934207D07B68454A934299
:1064C00001D1042308E0052306E0032304E00223AE
:1064D00002E0012300E000237A6903210A40D20090
:1064E00093403A6913433B6136497B699B081833F3
:1064F0009B003A695A50334B1B683B61FB68DA4397
:106500003B6913403B613B685A6880235B0313403F
:1065100003D03A69FB6813433B612A4B3A691A601E
:10652000284B5B683B61FB68DA433B6913403B6186
:106530003B685A6880239B03134003D03A69FB6889
:1065400013433B611F4B3A695A601E4A8423D35858
:106550003B61FB68DA433B6913403B613B685A6827
:1065600080239B02134003D03A69FB6813433B61CD
:10657000144984223B698B50124A8023D3583B61D3
:10658000FB68DA433B6913403B613B685A688023F0
:106590005B02134003D03A69FB6813433B6109492E
:1065A00080223B698B507B6901337B613B681A68B1
:1065B0007B69DA40131E00D0AAE6C046C046BD463D
:1065C00006B080BD001802400004005000080050D2
:1065D000000C00500010005080B586B000AF78600D
:1065E000396000237B61BAE001227B699A403B68F5
:1065F00013403B613B69002B00D1ADE05D4A7B69F4
:106600009B0818339B009B58FB607B690322134057
:10661000DB000F229A40FB681340FB607A68A023DE
:10662000DB059A4219D07B68534A934213D07B68AA
:10663000524A93420DD07B68514A934207D07B68FF
:10664000504A934201D1042308E0052306E00323C6
:1066500004E0022302E0012300E000237A69032121
:106660000A40D2009340FA689A4236D1414A8023C8
:10667000D3583A69D2433F49134080228B503D4A58
:106680008423D3583A69D2433A49134084228B5029
:10669000384B5A683B69D943364B0A405A60354BF0
:1066A0001A683B69D943334B0A401A607B6903225D
:1066B0001340DB000F229A401300FB602D4A7B69D8
:1066C0009B0818339B009A58FB68D94329487B697B
:1066D0009B080A4018339B001A507B681A687B6934
:1066E0005B00032199400B001A437B681A607B69A9
:1066F000DA087B6808329200D3587A6907210A4089
:1067000092000F2191400A00D1437A69D2081940C2
:106710007B6808329200D1507B689B687A6952008E
:10672000032191400A00D2431A407B689A607B683B
:106730005B6801217A6991400A00D2431A407B6864
:106740005A607B68DB687A695200032191400A0035
:10675000D2431A407B68DA607B6901337B613A6817
:106760007B69DA40131E00D03EE7C046C046BD46F6
:1067700006B080BD00180240000400500008005020
:10678000000C00500010005080B584B000AF78605D
:106790000A00BB1C1A807B681B69BA1C1288134054
:1067A00004D00F23FB1801221A7003E00F23FB18FB
:1067B00000221A700F23FB181B781800BD4604B086
:1067C00080BD80B582B000AF786008001100BB1CAE
:1067D000021C1A807B1C0A1C1A707B1C1B78002B65
:1067E00004D0BB1C1A887B689A6103E0BB1C1A8822
:1067F0007B689A62C046BD4602B080BD80B584B059
:1068000000AF78600A00BB1C1A807B685B69FB6084
:10681000BB1C1B88FA6813401A04FB68DB43B91CD5
:1068200009880B401A437B689A61C046BD4604B094
:1068300080BD80B500AFC046BD4680BD80B582B08A
:1068400000AF78600C4BDB687A683F210A40D24386
:106850001A4011007B681A0A074B0A43DA60064B9C
:1068600099687B683F221A40034B0A439A60C046EE
:10687000BD4602B080BDC0460070004080B582B009
:1068800000AF7860064B9A687B683F210B40D94384
:10689000034B0A409A60C046BD4602B080BDC04668
:1068A0000070004080B582B000AF78600A00FB1C29
:1068B0001A707B68002B09D0144B1B680722934386
:1068C0001A00124B01210A431A6005E00F4B1A68A7
:1068D0000E4B07218A431A600D4B1A690C4B042199
:1068E0000A431A61FB1C1B78012B01D130BF02E067
:1068F00040BF20BF20BF064B1A69054B04218A43C5
:106900001A61C046BD4602B080BDC046007000405E
:1069100000ED00E080B500AF094B1B6807229343F0
:106920001A00074B03210A431A60064B1A69054BEC
:1069300004210A431A6130BFC046BD4680BDC0462F
:106940000070004000ED00E080B500AF044B9A6895
:10695000034B802149000A439A60C046BD4680BD72
:106960000070004080B584B000AF7860194B1B68A0
:10697000194A13401900174B7A680A431A607A685B
:1069800080239B009A421FD1144B1A6813005B00AE
:106990009B185B0012491800D9F7DCFB0300013398
:1069A000FB6008E0FB68002B03D0FB68013BFB6049
:1069B00001E0032309E0074B5A698023DB001A40FA
:1069C0008023DB009A42EDD000231800BD4604B0BE
:1069D00080BDC04600700040FFF9FFFF4802002064
:1069E00040420F0080B500AF034B9A68E023DB0103
:1069F00013401800BD4680BD0010024080B588B02D
:106A000000AF78607B68002B02D1012300F050FBBF
:106A10007B681B680122134000D17CE0C34B9B685C
:106A200038221340BB61C14BDB68032213407B61FA
:106A3000BB69102B02D17B69032B02D0BB69082BE9
:106A40000BD1BA4B1A6880239B02134062D07B683B
:106A50005B68002B5ED101232AE37B685A688023A0
:106A60005B029A4207D1B14B1A68B04B80214902B0
:106A70000A431A6020E07B685A68A023DB029A422E
:106A80000ED1AA4B1A68A94B8021C9020A431A6089
:106A9000A64B1A68A54B802149020A431A600BE0F5
:106AA000A24B1A68A14BA2490A401A609F4B1A6870
:106AB0009E4BA0490A401A607B685B68002B14D08B
:106AC000FDF762FC03003B6108E0FDF75DFC02009E
:106AD0003B69D31A642B01D90323E9E2934B1A686B
:106AE00080239B021340F0D015E0FDF74DFC03001E
:106AF0003B6108E0FDF748FC02003B69D31A642BB8
:106B000001D90323D4E2894B1A6880239B021340E6
:106B1000F0D100E0C0467B681B680222134000D120
:106B200099E0824B9B6838221340BB617F4BDB6846
:106B3000032213407B61BB69102B02D17B69022BBE
:106B400002D0BB69002B35D1784B1A688023DB005B
:106B5000134005D07B68DB68002B01D10123A7E23D
:106B6000724B5B68744A134019007B685B691A02B8
:106B70006E4B0A435A60BB69002B12D16B4B1B68EA
:106B80006E4A134019007B681A69684B0A431A6001
:106B9000664B1B68DB0A07221340694ADA40694BDF
:106BA0001A60694B1B681800FDF792FB031E51D059
:106BB00001237DE27B68DB68002B30D05B4B1B68D8
:106BC0005E4A134019007B681A69584B0A431A60E1
:106BD000564B1A68554B802149000A431A60FDF74D
:106BE000D3FB03003B6108E0FDF7CEFB02003B69ED
:106BF000D31A022B01D903235AE24C4B1A68802383
:106C0000DB001340F0D0494B5B684B4A134019003E
:106C10007B685B691A02454B0A435A601BE0434B91
:106C20001A68424B49490A401A60FDF7ADFB030060
:106C30003B6108E0FDF7A8FB02003B69D31A022B79
:106C400001D9032334E2394B1A688023DB00134057
:106C5000F0D100E0C0467B681B680822134047D093
:106C6000324B9B6838221340182B0AD12F4B1B6ED6
:106C7000022213403CD07B689B69002B38D1012352
:106C800016E27B689B69002B19D0284B1A6E274BA4
:106C900001210A431A66FDF777FB03003B6108E018
:106CA000FDF772FB02003B69D31A022B01D90323C3
:106CB000FEE11E4B1B6E02221340F1D018E01B4B6D
:106CC0001A6E1A4B01218A431A66FDF75DFB030019
:106CD0003B6108E0FDF758FB02003B69D31A022B29
:106CE00001D90323E4E1114B1B6E02221340F1D1C1
:106CF0007B681B680422134000D1C7E01F23FB18E8
:106D000000221A70094B9B6838221340202B1FD198
:106D1000064BDB6D0222134000D1B7E07B689B6815
:106D2000002B00D0B2E00123C2E1C04600100240B7
:106D3000FFFFFEFFFFFFFBFFFF80FFFFFFC7FFFF1F
:106D40000024F400480200207C020020FFFEFFFF28
:106D5000B54BDA6B80235B05134001D1012300E0C2
:106D60000023002B11D0B04BDA6BAF4B80214905CB
:106D70000A43DA63AC4BDA6B80235B051340FB609C
:106D8000FB681F23FB1801221A70A84B1A68802386
:106D90005B0013401AD1A54B1A68A44B802149000F
:106DA0000A431A60FDF7F0FA03003B6108E0FDF7C3
:106DB000EBFA02003B69D31A022B01D9032377E1D6
:106DC0009A4B1A6880235B001340F0D07B689B6865
:106DD000012B06D1944BDA6D934B01210A43DA65FE
:106DE0001CE07B689B68052B0CD18F4BDA6D8E4BBA
:106DF00004210A43DA658C4BDA6D8B4B01210A437F
:106E0000DA650BE0884BDA6D874B01218A43DA653E
:106E1000854BDA6D844B04218A43DA657B689B6875
:106E2000002B14D0FDF7B0FA03003B6109E0FDF739
:106E3000ABFA02003B69D31A7D4A934201D903237E
:106E400036E1794BDB6D02221340F0D013E0FDF701
:106E50009BFA03003B6109E0FDF796FA02003B69EB
:106E6000D31A734A934201D9032321E16E4BDB6DA0
:106E700002221340F0D11F23FB181B78012B05D1F0
:106E8000694BDA6B684B6B490A40DA637B681B68B5
:106E90002022134039D07B68DB69002B1BD0624B6A
:106EA0001A68614B8021C9030A431A60FDF76CFA26
:106EB00003003B6108E0FDF767FA02003B69D31A63
:106EC000022B01D90323F3E0574B1A6880231B04DC
:106ED0001340F0D019E0544B1A68534B56490A40FE
:106EE0001A60FDF751FA03003B6108E0FDF74CFA28
:106EF00002003B69D31A022B01D90323D8E04A4B85
:106F00001A6880231B041340F0D17B681B6A002B96
:106F100000D1CCE0444B9B6838221340102B00D1A9
:106F20007BE07B681B6A022B56D13F4B1A683E4BB5
:106F300042490A401A60FDF727FA03003B6108E066
:106F4000FDF722FA02003B69D31A022B01D9032371
:106F5000AEE0354B1A6880239B041340F0D1324BCE
:106F6000DB68374A134019007B685A6A7B689B6A62
:106F70001A437B68DB6A1B021A437B681B6B1A434C
:106F80007B685B6B1A437B689B6B1A43264B0A43F7
:106F9000DA60254B1A68244B802149040A431A60A1
:106FA000214BDA68204B802149050A43DA60FDF75E
:106FB000EBF903003B6108E0FDF7E6F902003B69ED
:106FC000D31A022B01D9032372E0174B1A688023CE
:106FD0009B041340F0D06AE0134B1A68124B174918
:106FE0000A401A60FDF7D0F903003B6108E0FDF7A5
:106FF000CBF902003B69D31A022B01D9032357E0D6
:10700000094B1A6880239B041340F0D1064BDA68C1
:10701000054B0C490A40DA6049E07B681B6A012B8A
:1070200012D1012344E0C04600100240007000402D
:1070300088130000FFFFFFEFFFFFBFFFFFFFFFFE12
:107040008C80C111FCFFFEEE1B4BDB687B617B6912
:1070500003221A407B685B6A9A4226D17B697022C0
:107060001A407B689B6A9A421FD17A69FE23DB0132
:107070001A407B68DB6A1B029A4216D17A69F823B0
:107080009B031A407B681B6B9A420ED17A69E023FE
:107090001B051A407B685B6B9A4206D17B695B0FCC
:1070A0005A077B689B6B9A4201D0012300E00023C2
:1070B0001800BD4608B080BD0010024080B584B005
:1070C00000AF786039607B68002B01D10123E9E0D3
:1070D000764B1B68072213403A689A421ED9734BBD
:1070E0001B68072293431900704B3A680A431A60E1
:1070F000FDF74AF90300FB6009E0FDF745F90200DE
:10710000FB68D31A6A4A934201D90323CAE0674B4A
:107110001B68072213403A689A42EED17B681B68CD
:107120000222134015D07B681B680422134006D04E
:10713000604B9A685F4BE021C9010A439A605D4B3E
:107140009B685D4A134019007B689A68594B0A4353
:107150009A607B681B680122134057D07B685B688C
:10716000012B07D1534B1A6880239B0213402BD16C
:10717000012397E07B685B68022B07D14D4B1A68AF
:1071800080239B0413401FD101238BE07B685B6845
:10719000002B07D1474B1A688023DB00134013D123
:1071A00001237FE07B685B68032B06D1414B1B6E9C
:1071B0000222134008D1012374E03E4BDB6D022212
:1071C000134001D101236DE03A4B9B6807229343A2
:1071D00019007B685A68374B0A439A60FDF7D4F868
:1071E0000300FB6009E0FDF7CFF80200FB68D31A4B
:1071F0002F4A934201D9032354E02E4B9B68382237
:107200001A407B685B68DB009A42ECD1274B1B6815
:10721000072213403A689A421ED2244B1B68072269
:1072200093431900214B3A680A431A60FDF7ACF802
:107230000300FB6009E0FDF7A7F80200FB68D31A22
:107240001B4A934201D903232CE0184B1B680722E9
:1072500013403A689A42EED17B681B6804221340BF
:1072600009D0144B9B68154A134019007B68DA68F3
:10727000104B0A439A6000F029F801000D4B9B68FF
:107280001B0A0F221A400E4B9200D3581F221340A4
:107290000A00DA400B4B1A600B4B1B681800FDF715
:1072A00017F803001800BD4604B080BD002002405E
:1072B0008813000000100240FFF0FFFFFF8FFFFF68
:1072C000E8530308480200207C02002080B586B005
:1072D00000AF3C4B9B68382213400FD1394B1B68E1
:1072E000DB0A0722134001229A4013003B603968F1
:1072F0003548D8F72FFF03003B615DE0314B9B68B9
:1073000038221340082B02D1304B3B6154E02D4B07
:107310009B6838221340102B38D12A4BDB6803229C
:107320001340FB60274BDB681B0907221340013326
:10733000BB60FB68032B0DD1B9682448D8F70AFF5E
:10734000030019001F4BDB681B0A7F2213404B43CD
:107350007B610DE0B9681C48D8F7FCFE03001900FA
:10736000184BDB681B0A7F2213404B437B61C046EE
:10737000144BDB685B0F0722134001337B60796895
:107380007869D8F7E7FE03003B6115E00D4B9B6879
:1073900038221340202B03D180231B023B610BE0DA
:1073A000084B9B6838221340182B03D1FA23DB01CA
:1073B0003B6101E000233B613B691800BD4606B01C
:1073C00080BDC046001002400024F40000127A0084
:1073D00080B500AF024B1B681800BD4680BDC0469B
:1073E00048020020B0B500AFFFF7F2FF0400FFF73E
:1073F000F9FA03001A0B054B9200D3581F221340D1
:10740000DC4023001800BD46B0BDC0462854030828
:1074100080B586B000AF78601323FB1800221A7085
:107420001223FB1800221A707B681A6880239B02C3
:10743000134000D1ADE011203B1800221A70474BD9
:10744000DA6B80235B05134010D1444BDA6B434B5E
:10745000802149050A43DA63404BDA6B80235B05E0
:107460001340BB60BB683B1801221A703C4B1A6882
:107470003B4B802149000A431A60FCF785FF03005B
:10748000FB600BE0FCF780FF0200FB68D31A022BC5
:1074900004D91323FB1803221A7005E0304B1A6835
:1074A00080235B001340EDD01323FB181B78002BC7
:1074B0005ED12A4BDA6DC0239B0013407B617B6950
:1074C000002B19D07B681B6C7A699A4214D0234B2D
:1074D000DB6D244A13407B61204BDA6D1F4B80210A
:1074E00049020A43DA651D4BDA6D1C4B1E490A40FE
:1074F000DA651A4B7A69DA657B690122134016D086
:10750000FCF742FF0300FB600CE0FCF73DFF0200CC
:10751000FB68D31A154A934204D91323FB1803229C
:107520001A7004E00D4BDB6D02221340EDD01323E3
:10753000FB181B78002B0AD1084BDB6D094A13405E
:1075400019007B681A6C054B0A43DA6516E01223B2
:10755000FB181322BA1812781A700FE000100240BC
:1075600000700040FFFCFFFFFFFFFEFF88130000DC
:107570001223FB181322BA1812781A701123FB1861
:107580001B78012B05D1B64BDA6BB54BB5490A40D8
:10759000DA637B681B680122134009D0B04B5B6D36
:1075A0000322934319007B685A68AD4B0A435A651E
:1075B0007B681B680222134009D0A94B5B6D0C222B
:1075C000934319007B689A68A54B0A435A657B6808
:1075D0001B680422134009D0A14B5B6D30229343FA
:1075E00019007B68DA689E4B0A435A657B681B6802
:1075F0001022134009D09A4B5B6D9B4A134019002F
:107600007B681A69964B0A435A657B681A6880231F
:107610005B01134009D0924B5B6D944A13401900F3
:107620007B685A698E4B0A435A657B681A688023C7
:107630009B00134009D08A4B5B6D8D4A13401900A3
:107640007B689A6A864B0A435A657B681A6880236E
:10765000DB00134009D0824B5B6D864A1340190052
:107660007B68DA6A7E4B0A435A657B681B68202276
:10767000134009D07A4B5B6D7F4A134019007B6839
:107680009A69774B0A435A657B681B68402213400E
:1076900009D0734B5B6D794A134019007B68DA6936
:1076A0006F4B0A435A657B681A688023DB011340DD
:1076B00015D06B4B5B6D9B0099087B681A6B684B10
:1076C0000A435A657B681A6B8023DB059A4206D110
:1076D000634BDA68624B802149020A43DA607B68B7
:1076E0001A6880231B03134009D05D4B5B6D402259
:1076F000934319007B685A6B594B0A435A657B6860
:107700001A6880239B03134016D0554B5B6D5C4A6F
:10771000134019007B689A6B514B0A435A657B688A
:107720009A6B8023DB039A4206D14D4BDA684C4BAF
:10773000802149040A43DA607B681A688023DB03EE
:10774000134016D0464B5B6D4E4A134019007B68C0
:10775000DA6B434B0A435A657B68DA6B80235B0420
:107760009A4206D13E4BDA683D4B802149040A43D8
:10777000DA607B681A6880231B01134014D0384BF1
:107780009B6D0322934319007B681A6A344B0A43AA
:107790009A657B681B6A012B06D1314BDA68304B46
:1077A000802149020A43DA607B681A6880239B01C2
:1077B000134014D02A4B9B6D0C22934319007B6815
:1077C0005A6A274B0A439A657B685B6A042B06D189
:1077D000234BDA68224B802149020A43DA607B6836
:1077E0001A6880235B04134016D01D4B9B6D224A00
:1077F000134019007B685A6C194B0A439A657B68E1
:107800005A6C80239B019A4206D1154BDA68144BBF
:10781000802149040A43DA607B681A6880239B044C
:10782000134016D00E4B9B6D104A134019007B6815
:107830009A6C0B4B0A439A657B689A6C80235B00B9
:107840009A4206D1064BDA68054B802149040A4367
:10785000DA601223FB181B781800BD4606B080BD05
:1078600000100240FFFFFFEFFFF3FFFFFFFCFFFFF1
:10787000FFFFF3FFFFFFCFFFFFCFFFFFFF3FFFFF44
:10788000FFFFBFFFFFFFFFFEB0B584B000AF786021
:107890000F23FB1801221A707B68002B00D18CE0AB
:1078A0007B6829229B5CDBB2002B0BD17B682822F2
:1078B000002199547B68882212025A607B68180064
:1078C000EFF7E6FA7B682922022199547B681B684E
:1078D000DB6810221340102B62D07B681B68CA2221
:1078E0005A627B681B6853225A620F257C197B6899
:1078F000180000F011FB0300237028003B181B78D0
:10790000002B2CD17B681B689A697B681B682E4909
:107910000A409A617B681B6899697B689A687B68F2
:107920005B691A437B68DB691A437B681B680A43FF
:107930009A617B681B687A6812691A617B681B68A8
:1079400019697B68DB681A047B681B680A431A6143
:107950003C187B68180000F021FB030023700F2304
:10796000FB181B78002B16D17B681B689A697B6813
:107970001B68D200D2089A617B681B6899697B6892
:107980005A6A7B681B6A1A437B689B691A437B6847
:107990001B680A439A617B681B68FF225A6203E0F6
:1079A0000F23FB1800221A700F23FB181B78002BE3
:1079B00003D17B682922012199540F23FB181B78DE
:1079C0001800BD4604B0B0BDBFFF8FFBB0B584B09A
:1079D00000AF78607B682922022199547B681B687C
:1079E000CA225A627B681B6853225A620F257C198F
:1079F0007B68180000F090FA030023707B191B7855
:107A0000002B5CD17B681B6800221A607B681B68B6
:107A1000394A5A607B681B689A697B681B68072132
:107A20000A409A61FCF7B0FC0300BB6012E0FCF76F
:107A3000ABFC0200BB68D21AFA239B009A4209D918
:107A40007B681B68FF225A627B68292203219954B4
:107A500003234CE07B681B68DB6804221340E6D0FC
:107A60007B681B689B697B681B6800229A617B6846
:107A70001B68224A5A617B681B68214A1A617B682D
:107A80001B6800221A647B681B6800229A647B686A
:107A90001B680022DA627B681B6800229A627B689E
:107AA0001B6800225A647B681B680022DA640F237B
:107AB000FC187B68180000F071FA030023707B68E3
:107AC0001B68FF225A620F23FB181B78002B07D17B
:107AD0007B681800EFF716FA7B6829220021995479
:107AE0007B682822002199540F23FB181B7818006B
:107AF000BD4604B0B0BDC04601210000FFFF00003C
:107B0000FF007F00B0B586B000AFF860B9607A6062
:107B1000FB6828229B5C012B01D1022392E0FB68C9
:107B2000282201219954FB68292202219954FB68DB
:107B30001B68CA225A62FB681B6853225A621325CB
:107B40007C19FB68180000F0E7F9030023707B192B
:107B50001B78002B62D17B68002B25D1FB681B684A
:107B60009B694022134002D1BB680022DA70BB68D7
:107B70001B78180000F056FA03001C04BB685B7801
:107B8000180000F04FFA03001B021C43BB689B78EF
:107B9000180000F047FA030022001A43BB68DB78A4
:107BA0009B0513437B6117E0FB681B689B694022C0
:107BB000134002D1BB680022DA70BB681B781A043C
:107BC000BB685B781B021343BA6892781A43BB68A0
:107BD000DB789B0513437B61FB681B687A691B4953
:107BE0000A401A60FB681B689A69FB681B681849A1
:107BF0000A409A61FB681B689969BB68DA68BB68D0
:107C00001B691A43FB681B680A439A611323FC181B
:107C1000FB68180000F0C2F903002370FB681B68C2
:107C2000FF225A621323FB181B78002B03D1FB6839
:107C3000292201219954FB682822002199541323F9
:107C4000FB181B781800BD4606B0B0BD7F7F7F00D3
:107C5000FFFFFBFF80B586B000AFF860B9607A60C7
:107C6000FB681B689A68BB685A60FB681B681B69E5
:107C70005B045A0CBB689A60FB681B681B68224A4D
:107C800013407B617B691B0CDBB23F221340DAB2ED
:107C9000BB681A707B691B0ADBB27F221340DAB221
:107CA000BB685A707B69DBB27F221340DAB2BB68D3
:107CB0009A707B699B0DDBB201221340DAB2BB687C
:107CC000DA707B68002B1AD1BB681B78180000F0B3
:107CD000D1F903001A00BB681A70BB685B78180002
:107CE00000F0C8F903001A00BB685A70BB689B78A3
:107CF000180000F0BFF903001A00BB689A70002357
:107D00001800BD4606B080BD7F7F7F00B0B586B04D
:107D100000AFF860B9607A60FB6828229B5C012B99
:107D200001D102237EE0FB68282201219954FB68DF
:107D30002922022199547B68002B0ED1BB685B7805
:107D40001A001023134008D0BB685B7810229343BD
:107D5000DBB20A33DAB2BB685A707B68002B1CD1E5
:107D6000BB68DB78180000F05DF903001C04BB68F9
:107D70005B78180000F056F903001B021C43BB6837
:107D80009B78180000F04EF9030022001A43BB68EC
:107D90001B785B0313437B610EE0BB68DB781A043E
:107DA000BB685B781B021343BA6892781A43BB68BE
:107DB0001B785B0313437B61FB681B68CA225A6212
:107DC000FB681B6853225A6213257C19FB68180054
:107DD00000F0A2F80300237028003B181B78002B4A
:107DE0000CD1FB681B687A6910490A405A603C183C
:107DF000FB68180000F0D2F803002370FB681B68D2
:107E0000FF225A621323FB181B78002B03D1FB6857
:107E1000292201219954FB68282200219954132317
:107E2000FB181B781800BD4606B0B0BD3FFFFF0031
:107E300080B586B000AFF860B9607A60FB681B68F7
:107E40005B68214A13407B617B691B0CDAB2BB681B
:107E5000DA707B691B0ADBB21F221340DAB2BB68FF
:107E60005A707B69DBB23F221340DAB2BB689A706A
:107E70007B695B0BDBB207221340DAB2BB681A7076
:107E80007B68002B1AD1BB68DB78180000F0F2F891
:107E900003001A00BB68DA70BB685B78180000F05A
:107EA000E9F803001A00BB685A70BB689B78180099
:107EB00000F0E0F803001A00BB689A700023180075
:107EC000BD4606B080BDC0463FFFFF0080B584B010
:107ED00000AF78607B681B680E4ADA60FCF754FAE2
:107EE0000300FB600AE0FCF74FFA0200FB68D21ABD
:107EF000FA239B009A4201D9032306E07B681B68A2
:107F0000DB6820221340EED000231800BD4604B0E9
:107F100080BDC0465F00010080B584B000AF7860CE
:107F20000F23FB1800221A707B681B68DB68402255
:107F300013402CD17B681B68DA687B681B68802142
:107F40000A43DA60FCF720FA0300BB6014E0FCF798
:107F50001BFA0200BB68D21A0F203B1839180978A7
:107F60001970FA239B009A4206D93B1803221A7013
:107F70007B682922032199547B681B68DB684022B7
:107F8000134004D10F23FB181B78032BDFD10F23E1
:107F9000FB181B781800BD4604B080BD90B585B0B5
:107FA00000AF78600F243B1900221A701C4BDA686E
:107FB0001B4B80218A43DA60194B9B6920221340B6
:107FC0000DD17B681800FFF781FF031E21D07B686D
:107FD0002922032199543B1903221A7019E0104BEE
:107FE0009A690F4B20218A439A617B681800FFF73A
:107FF0006DFF031E07D07B682922032199540F23AC
:10800000FB1803221A70064B9A69054B20210A437C
:108010009A610F23FB181B781800BD4605B090BD70
:108020000028004080B584B000AF0200FB1D1A702C
:108030000023FB600B23FB18FA1D12781A7008E06E
:10804000FB680133FB600B22BB18BA1812780A3A9E
:108050001A700B217B181B78092BF1D8FB68DBB257
:108060001B01DAB27B181B781343DBB21800BD4644
:1080700004B080BD80B584B000AF0200FB1D1A7053
:10808000FB1D1B781B09DBB21A0013009B009B1819
:108090005B00FB60FB68DAB2FB1D1B780F210B4015
:1080A000DBB2D318DBB21800BD4604B080BD80B58A
:1080B00086B000AFF860B9607A60FB681B681A0090
:1080C000FB685B68D3187B617B690133FF333B61DD
:1080D000BB689B003A69D3183B613B697A681A60B8
:1080E000C046BD4606B080BD80B584B000AF7860A4
:1080F00039607B681B681A007B685B68D318FB607B
:10810000FB680133FF33BB603B689B00BA68D31840
:10811000BB60BB681B681800BD4604B080BD000092
:1081200080B584B000AF78607B68002B01D101235B
:10813000D6E07B685B6A002B09D17B685A68822392
:108140005B009A4209D07B680022DA6105E07B6817
:1081500000221A617B6800225A617B685D229B5C69
:10816000DBB2002B07D17B685C22002199547B682D
:108170001800EEF72FFF7B685D22022199547B687F
:108180001B681A687B681B6840218A431A607B68F9
:10819000DA68E023DB009A4202D90023FB6002E0A8
:1081A00080235B01FB607B68DA68F0231B019A4245
:1081B00008D07B68DA68E023DB009A4202D07B6853
:1081C00000229A627B685A6882235B001A407B68AF
:1081D000996884231B020B401A437B681B690221A8
:1081E0000B401A437B685B6901210B401A437B6893
:1081F000996980239B000B401A437B68DB69382117
:108200000B401A437B681B6A80210B401A43110004
:108210007B689A6A80239B011A407B681B680A432B
:108220001A607B689A6A80239B019A421DD17B6801
:108230001B6B002B0CD17B68DA68E023DB009A42D1
:1082400003D97B6802221A6302E07B6801221A6369
:108250007B681B6B022B08D17B681B681A687B68E4
:108260001B68802109010A431A607B689B691B0C0B
:1082700004221A407B685B6A10210B401A437B681A
:108280005B6B08210B401A437B68D968F0231B0104
:108290000B401A431100FA6880235B011A407B6887
:1082A0001B680A435A607B689A6A80239B019A4242
:1082B00006D17B68DA6A7B681B681204120C1A61AB
:1082C0007B681B68DA697B681B6807490A40DA61CA
:1082D0007B6800221A667B685D2201219954002385
:1082E0001800BD4604B080BDFFF7FFFF80B588B021
:1082F00000AFF860B9603B60BB1D1A801F23FB18FC
:1083000000221A70FB685C229B5C012B01D10223C6
:108310006DE1FB685C2201219954FCF735F80300FC
:10832000BB611623FB18BA1D12881A80FB685D22F8
:108330009B5CDBB2012B04D01F23FB1802221A70B6
:108340004EE1BB68002B03D0BB1D1B88002B04D162
:108350001F23FB1801221A7042E1FB685D220321F2
:108360009954FB6800221A66FB68BA689A63FB6836
:10837000BA1D12889A87FB68BA1D1288DA87FB68D3
:1083800000221A64FB68442200219952FB684622AD
:1083900000219952FB6800221A65FB680022DA640A
:1083A000FB689A6880231B029A4210D1FB681B6805
:1083B0001A68FB681B6840218A431A60FB681B68C7
:1083C0001A68FB681B688021C9010A431A60FB68B0
:1083D0009A6A80239B019A4210D1FB681B681A6835
:1083E000FB681B6884490A401A60FB681B681A68AE
:1083F000FB681B68802189010A431A60FB681B68BF
:108400001B6840221340402B07D0FB681B681A688A
:10841000FB681B6840210A431A60FB68DA68E023A6
:10842000DB009A4252D9FB685B68002B04D016230C
:10843000FB181B88012B43D1FB689B6B1A88FB68D8
:108440001B68DA60FB689B6B9A1CFB689A63FB688D
:10845000DB8F9BB2013B9AB2FB68DA8730E0FB68A6
:108460001B689B6802221340022B12D1FB689B6B96
:108470001A88FB681B68DA60FB689B6B9A1CFB68B8
:108480009A63FB68DB8F9BB2013B9AB2FB68DA8789
:1084900016E0FBF779FF0200BB69D31A3A689A42EB
:1084A00002D83B68013302D13B68002B08D11F235F
:1084B000FB1803221A70FB685D22012199548FE09A
:1084C000FB68DB8F9BB2002BC9D153E0FB685B6874
:1084D000002B04D01623FB181B88012B45D1FB6809
:1084E0009A6BFB681B680C3312781A70FB689B6BE5
:1084F0005A1CFB689A63FB68DB8F9BB2013B9AB204
:10850000FB68DA8731E0FB681B689B680222134036
:10851000022B13D1FB689A6BFB681B680C33127833
:108520001A70FB689B6B5A1CFB689A63FB68DB8FB5
:108530009BB2013B9AB2FB68DA8716E0FBF724FF97
:108540000200BB69D31A3A689A4202D83B680133E9
:1085500002D13B68002B08D11F23FB1803221A709D
:10856000FB685D22012199543AE0FB68DB8F9BB2E6
:10857000002BC8D1FB689A6A80239B019A4208D1DC
:10858000FB681B681A68FB681B68802149010A4365
:108590001A60BA693968FB68180000F07DFC031E98
:1085A00002D0FB6820221A66FB689B68002B0AD168
:1085B00000233B61FB681B68DB683B61FB681B6851
:1085C0009B683B613B69FB681B6E002B04D01F233B
:1085D000FB1801221A7003E0FB685D220121995407
:1085E000FB685C22002199541F23FB181B7818009C
:1085F000BD4608B080BDC046FFDFFFFF80B592B02A
:1086000002AFF860B9607A601A00BB1C1A800023C0
:10861000BB611723FB1800221A700123FB633B2365
:10862000FB1800221A70FB685C229B5C012B01D1B5
:108630000223EEE2FB685C2201219954FBF7A4FEC1
:1086400003007B6333203B18FA685D21525C1A708B
:10865000FB685B68FB622A23FB18BA1C12881A802D
:10866000FB681B681B687B62FB681B685B683B627E
:108670003B181B78012B11D0FA6A82235B009A42C7
:1086800007D1FB689B68002B03D13B181B78042B98
:1086900004D03B23FB1802221A70B3E2BB68002B04
:1086A00006D07B68002B03D0BB1C1B88002B04D199
:1086B0003B23FB1801221A70A4E2FB685D229B5C3D
:1086C000DBB2042B03D0FB685D2205219954FB68C3
:1086D00000221A66FB687A681A64FB68BA1C462195
:1086E00012885A52FB68BA1C442112885A52FB68FD
:1086F000BA689A63FB68BA1C1288DA87FB68BA1CEE
:1087000012889A87FB680022DA64FB6800221A65E7
:10871000FB689A6A80239B019A4210D1FB681B6810
:108720001A68FB681B68A8490A401A60FB681B6846
:108730001A68FB681B68802189010A431A60FB687C
:10874000DA68E023DB009A4208D9FB681B685A68A4
:10875000FB681B689D490A405A6008E0FB681B687B
:108760005A68FB681B68802149010A435A60FB680C
:108770001B681B6840221340402B07D0FB681B6816
:108780001A68FB681B6840210A431A60FB68DA68B4
:10879000E023DB009A4200D8D1E0FB685B68002B45
:1087A00005D02A23FB181B88012B00D0B9E0FB68F9
:1087B0009B6B1A88FB681B68DA60FB689B6B9A1CD2
:1087C000FB689A63FB68DB8F9BB2013B9AB2FB6844
:1087D000DA87FB68DB8F9BB2002B00D0A1E0FB683F
:1087E0009A6A80239B019A4200D09AE07B6A042215
:1087F00013400CD13B6A0822134008D0FB681B6869
:108800001A68FB681B68802189000A431A60FB68AC
:108810001B681A68FB681B68802149010A431A60BB
:108820007FE0FB681B689B6802221340022B40D14B
:10883000FB68DB8F9BB2002B3BD0FB6B012B38D14D
:10884000FB689B6B1A88FB681B68DA60FB689B6B94
:108850009A1CFB689A63FB68DB8F9BB2013B9AB260
:10886000FB68DA870023FB63FB68DB8F9BB2002B7E
:108870001FD1FB689A6A80239B019A4219D17B6AB7
:10888000042213400CD13B6A0822134008D0FB6835
:108890001B681A68FB681B68802189000A431A60FC
:1088A000FB681B681A68FB681B68802149010A4342
:1088B0001A60FB681B689B6801221340012B1CD1C6
:1088C000FB6846229B5A9BB2002B16D0FB681B68A4
:1088D000DA68FB681B6C92B21A80FB681B6C9A1CEE
:1088E000FB681A64FB6846229B5A9BB2013B99B213
:1088F000FB68462299520123FB63FBF745FD02000A
:108900007B6BD31ABA6C9A420BD8BB6C013308D07C
:108910003B23FB1803221A70FB685D220121995446
:1089200070E1FB68DB8F9BB2002B00D079E7FB681E
:1089300046229B5A9BB2002B00D072E7DBE0FB681B
:108940005B68002B05D02A23FB181B88012B00D065
:10895000C4E0FB689A6BFB681B680C3312781A70D2
:10896000FB689B6B5A1CFB689A63FB68DB8F9BB2AE
:10897000013B9AB2FB68DA87FB68DB8F9BB2002B66
:1089800000D0ABE0FB689A6A80239B019A4200D03A
:10899000A4E07B6A042213400CD13B6A08221340F6
:1089A00008D0FB681B681A68FB681B688021890077
:1089B0000A431A60FB681B681A68FB681B68802101
:1089C00049010A431A6089E0FFDFFFFFFFEFFFFF65
:1089D000FB681B689B6802221340022B41D1FB6895
:1089E000DB8F9BB2002B3CD0FB6B012B39D1FB689A
:1089F0009A6BFB681B680C3312781A70FB689B6BD0
:108A00005A1CFB689A63FB68DB8F9BB2013B9AB2EE
:108A1000FB68DA870023FB63FB68DB8F9BB2002BCC
:108A20001FD1FB689A6A80239B019A4219D17B6A05
:108A3000042213400CD13B6A0822134008D0FB6883
:108A40001B681A68FB681B68802189000A431A604A
:108A5000FB681B681A68FB681B68802149010A4390
:108A60001A60FB681B689B6801221340012B1ED112
:108A7000FB6846229B5A9BB2002B18D0FB681B68F0
:108A80000C331A00FB681B6C1278D2B21A70FB68A8
:108A90001B6C5A1CFB681A64FB6846229B5A9BB2EB
:108AA000013B99B2FB68462299520123FB63FBF715
:108AB0006BFC02007B6BD31ABA6C9A4202D8BB6C77
:108AC000013302D1BB6C002B08D13B23FB180322DE
:108AD0001A70FB685D220121995493E0FB68DB8FDB
:108AE0009BB2002B00D073E7FB6846229B5A9BB2D7
:108AF000002B00D06CE7FB689A6A80239B019A42A6
:108B00004FD1BA6CF8687B6B0093130001220121EE
:108B100000F092F8031E0AD0FB681B6E02221A4373
:108B2000FB681A663B23FB1803221A706AE0FB6895
:108B3000DA68F0231B019A4205D1FB681B68DB68E9
:108B4000BB61BB692DE0FB681B680C33FB61FB69F3
:108B50001B78DAB217217B181A707B181B78FB6818
:108B60001B6B022B1DD1BA6CF8687B6B0093130052
:108B70000122012100F060F8031E0AD0FB681B6E81
:108B800002221A43FB681A663B23FB1803221A7061
:108B900038E0FB691B78DAB217217B181A707B1852
:108BA0001B78FB681B689B6810221340102B0DD1AB
:108BB000FB681B6E02221A43FB681A66FB681B687F
:108BC000164A9A603B23FB1801221A707A6BB96C23
:108BD000FB68180000F060F9031E06D03B23FB1869
:108BE00001221A70FB6820221A66FB681B6E002B9C
:108BF00004D03B23FB1801221A7003E0FB685D22BE
:108C000001219954FB685C22002199543B23FB18F5
:108C10001B781800BD4610B080BDC046EFFF0000B5
:108C200080B582B000AF78607B685D229B5CDBB270
:108C30001800BD4602B080BD80B588B000AFF860B6
:108C4000B9603B60FB1D1A70FBF79EFB0200BB6A1C
:108C50009B1A3A68D318FB61FBF796FB0300BB61D4
:108C60003A4B1B685B011B0DFA6953437B6158E06B
:108C70003B68013355D0FBF787FB0200BB69D31A71
:108C8000FA699A4202D9FB69002B42D1FB681B6842
:108C90005A68FB681B68E0218A435A60FB685A687F
:108CA00082235B009A4213D1FB689A6880231B02DF
:108CB0009A4205D0FB689A688023DB009A4207D16C
:108CC000FB681B681A68FB681B6840218A431A60AE
:108CD000FB689A6A80239B019A4210D1FB681B684B
:108CE0001A68FB681B681A490A401A60FB681B680F
:108CF0001A68FB681B68802189010A431A60FB68B7
:108D00005D2201219954FB685C22002199540323C0
:108D100017E07B69002B01D10023FB617B69013BDC
:108D20007B61FB681B689B68BA681340BA68D31AFA
:108D30005A425341DBB21A00FB1D1B789A4297D16D
:108D400000231800BD4608B080BDC0464802002080
:108D5000FFDFFFFF80B58AB000AFF860B9607A60CE
:108D60003B601723FB1800221A70FBF70DFB020073
:108D70003B6B9B1A3A68D3187B62FBF705FB030039
:108D80003B62FB681B680C33FB61414B1A681300A4
:108D90009B009B18DA00D31A1B0D7A6A5343BB6100
:108DA00068E0BA68C023DB009A420AD17B68002BD6
:108DB00007D1FB691B78DAB217217B181A707B1870
:108DC0001B783B68013355D0FBF7DEFA02003B6AA3
:108DD000D31A7A6A9A4202D97B6A002B42D1FB6885
:108DE0001B685A68FB681B68E0218A435A60FB686D
:108DF0005A6882235B009A4213D1FB689A688023E9
:108E00001B029A4205D0FB689A688023DB009A42D5
:108E100007D1FB681B681A68FB681B6840218A43FE
:108E20001A60FB689A6A80239B019A4210D1FB6802
:108E30001B681A68FB681B6816490A401A60FB68C1
:108E40001B681A68FB681B68802189010A431A6045
:108E5000FB685D2201219954FB685C220021995432
:108E6000032310E0BB69002B01D100237B62BB69A7
:108E7000013BBB61FB681B689B68BA6813407A685A
:108E80009A428ED100231800BD460AB080BDC0466C
:108E900048020020FFDFFFFF80B586B002AFF86018
:108EA000B9607A60BA68C0235901F8687B6800939A
:108EB00013000022FFF74EFF031E07D0FB681B6E56
:108EC00020221A43FB681A66032327E0BA68F86871
:108ED0007B680093130000228021FFF7ADFE031E84
:108EE00007D0FB681B6E20221A43FB681A66032317
:108EF00014E0BA68C023D900F8687B6800931300B7
:108F00000022FFF727FF031E07D0FB681B6E2022FD
:108F10001A43FB681A66032300E000231800BD46CD
:108F200004B080BD80B582B000AF78607B68002B54
:108F300001D101234AE07B683D229B5CDBB2002B20
:108F400007D17B683C22002199547B68180000F00F
:108F500041F87B683D22022199547B681A687B683E
:108F600004331900100000F097F87B6848220121B3
:108F700099547B683E22012199547B683F2201214C
:108F800099547B684022012199547B684122012138
:108F900099547B684222012199547B684322012124
:108FA00099547B684422012199547B684522012110
:108FB00099547B684622012199547B6847220121FC
:108FC00099547B683D220121995400231800BD4625
:108FD00002B080BD80B582B000AF7860C046BD46AB
:108FE00002B080BD80B584B000AF78607B683D2260
:108FF0009B5CDBB2012B01D001233FE07B683D226B
:10900000022199547B681B681E4A934214D07B68E6
:109010001A688023DB059A420ED07B681B681A4AC7
:10902000934209D07B681B68184A934204D07B683E
:109030001B68174A934216D17B681B689B68154AC8
:109040001340FB60FB68062B16D0FA6880235B0296
:109050009A4211D07B681B681A687B681B680121E3
:109060000A431A6008E07B681B681A687B681B6803
:1090700001210A431A6000E0C04600231800BD46E3
:1090800004B080BD002C01400004004000080040F6
:10909000004001400700010080B584B000AF786057
:1090A00039607B681B68FB607B683F4A93420CD049
:1090B0007A688023DB059A4207D07B683B4A93425B
:1090C00003D07B683A4A934208D1FB6870229343ED
:1090D000FB603B685B68FA681343FB607B68324A5D
:1090E00093421CD07A688023DB059A4217D07B68B4
:1090F0002E4A934213D07B682D4A93420FD07B684F
:109100002C4A93420BD07B682B4A934207D07B6852
:109110002A4A934203D07B68294A934208D1FB68CC
:10912000284A1340FB603B68DB68FA681343FB6026
:10913000FB68802293431A003B685B691343FB6022
:109140007B68FA681A603B689A687B68DA623B68F9
:109150001A687B689A627B68134A93420BD07B68DB
:10916000154A934207D07B68144A934203D07B6828
:10917000134A934203D13B681A697B681A637B6880
:1091800001225A617B681B6901221340012B06D121
:109190007B681B69012293431A007B681A61C046F1
:1091A000BD4604B080BDC046002C01400004004014
:1091B0000008004000200040004001400044014001
:1091C00000480140FFFCFFFF80B582B000AF78602F
:1091D0007B68002B01D1012346E07B6888229B58E5
:1091E000002B07D17B688422002199547B681800EA
:1091F000EEF72AF97B688822242199507B681B6846
:109200001A687B681B6801218A431A607B689B6A25
:10921000002B03D07B68180001F0D8F87B68180099
:1092200000F07EFD0300012B01D101231CE07B68CF
:109230001B685A687B681B680D490A405A607B6846
:109240001B689A687B681B682A218A439A607B683E
:109250001B681A687B681B6801210A431A607B68D7
:10926000180001F067F903001800BD4602B080BD88
:10927000FFB7FFFF80B582B000AF78607B68002B3E
:1092800001D1012332E07B688822242199507B6838
:109290001B681A687B681B6801218A431A607B6817
:1092A0001B6800221A607B681B6800225A607B687A
:1092B0001B6800229A607B68180000F01BF87B682E
:1092C0009022002199507B688822002199507B6868
:1092D0008C22002199507B680022DA667B6800228C
:1092E0001A677B6884220021995400231800BD4628
:1092F00002B080BD80B582B000AF7860C046BD4688
:1093000002B080BD80B58AB002AFF860B9603B6042
:10931000BB1D1A80FB6888229B58202B00D090E050
:10932000BB68002B03D0BB1D1B88002B01D1012380
:1093300088E0FB689A6880235B019A4209D1FB6848
:109340001B69002B05D1BB680122134001D001230A
:1093500078E0FB68902200219950FB688822212147
:109360009950FBF711F803007B61FB68BA1D54218B
:1093700012885A52FB68BA1D562112885A52FB684D
:109380009A6880235B019A4208D1FB681B69002B15
:1093900004D10023FB61BB68BB6103E0BB68FB61D8
:1093A0000023BB6130E07A69F8683B6800931300E2
:1093B0000022802101F068F9031E05D0FB68882295
:1093C0002021995003233DE0FB69002B0BD1BB69A1
:1093D0001B881A00FB681B68D205D20D9A62BB6914
:1093E0000233BB6107E0FB691A78FB681B689A626D
:1093F000FB690133FB61FB6856229B5A9BB2013B20
:1094000099B2FB6856229952FB6856229B5A9BB22E
:10941000002BC8D17A69F8683B68009313000022DA
:10942000402101F031F9031E05D0FB68882220217C
:109430009950032306E0FB688822202199500023DD
:1094400000E002231800BD4608B080BD80B58CB096
:1094500000AFF860B960BB1D1A80FB6888229B587A
:10946000202B00D08DE0BB68002B03D0BB1D1B88D8
:10947000002B01D1012385E0FB689A6880235B0102
:109480009A4209D1FB681B69002B05D1BB680122F8
:10949000134001D0012375E0FB68BA681A65FB68C8
:1094A000BA1D542112885A52FB68BA1D56211288DF
:1094B0005A52FB6800229A67FB689022002199505B
:1094C000FB68882221219950FB685A6E80239B05F6
:1094D0009A422AD1FB689A6880235B019A4207D19D
:1094E000FB681B69002B03D1FB68284A9A6702E0DE
:1094F000FB68274A9A67EFF31083FB61FB69BB6245
:1095000001233B623B6A83F31088C046FB681B68FB
:109510009A68FB681B68802109040A439A60BB6A49
:109520007B627B6A83F3108829E0FB689A6880235A
:109530005B019A4207D1FB681B69002B03D1FB68D2
:10954000144A9A6702E0FB68134A9A67EFF31083A4
:109550003B613B69FB6201237B617B6983F310887C
:10956000C046FB681B681A68FB681B6880210A43B9
:109570001A60FB6ABB61BB6983F31088C046002395
:1095800000E002231800BD460CB080BD85AE020885
:1095900099AD0208DBAC020827AC020880B58CB09C
:1095A00000AF78607B6888229B58FB627B688C22C6
:1095B0009B58BB627B681B689B6880221340802B92
:1095C00038D1FB6A212B35D1EFF310837B617B69A6
:1095D0007B620123BB61BB6983F31088C0467B6853
:1095E0001B689A687B681B6880218A439A607B6A43
:1095F000FB61FB6983F31088C0467B68DB6F002B3F
:1096000014D07B68DB6F1800FCF788FA031E0DD0BE
:109610007B68DB6F1800FCF70DFC0300202B05D1E5
:109620007B68902210219950032347E07B68180043
:1096300001F040F97B681B689B6840221340402B77
:109640003BD1BB6A222B38D1EFF31083BB60BB68E0
:109650003B620123FB60FB6883F31088C0467B6894
:109660001B689A687B681B6840218A439A603B6A42
:109670003B613B6983F31088C0467B6880229B581E
:10968000002B16D07B6880229B581800FCF746FA06
:10969000031E0ED07B6880229B581800FCF7CAFB83
:1096A0000300202B05D17B689022102199500323C1
:1096B00004E07B68180001F03DF900231800BD4666
:1096C0000CB080BDB0B5AAB000AF78607B681B68F5
:1096D000DB69A422B9180B607B681B681B68A0209B
:1096E00039180B607B681B689B689C2439190B60D8
:1096F0001100BB181B68A24A13409822BD182B60AA
:10970000BB181B68002B1AD17B181B682022134042
:1097100015D03B181B682022134005D13B191A684D
:1097200080235B0513400AD07B685B6F002B00D160
:10973000DCE27B685B6F7A6810009847D6E298237A
:10974000FB181B68002B00D122E19C23FB181B682F
:109750008C4A134006D1A023FB181B688A4A134089
:1097600000D115E1A423FB181B680122134012D07D
:10977000A023FB181A6880235B0013400BD07B6882
:109780001B6801221A627B6890229B5801221A43AF
:109790007B6890215A50A423FB181B6802221340B7
:1097A00011D09C23FB181B68012213400BD07B684F
:1097B0001B6802221A627B6890229B5804221A437B
:1097C0007B6890215A50A423FB181B680422134085
:1097D00011D09C23FB181B68012213400BD07B681F
:1097E0001B6804221A627B6890229B5802221A434B
:1097F0007B6890215A50A423FB181B680822134051
:1098000017D0A023FB181B682022134005D19C23EE
:10981000FB181B685B4A13400BD07B681B6808224F
:109820001A627B6890229B5808221A437B68902119
:109830005A50A423FB181A6880231B01134013D02D
:10984000A023FB181A688023DB0413400CD07B682C
:109850001B68802212011A627B6890229B5820228A
:109860001A437B6890215A507B6890229B58002BAA
:1098700000D13DE2A423FB181B682022134015D021
:10988000A023FB181B682022134006D19C23FB1841
:109890001A6880235B05134008D07B685B6F002B40
:1098A00004D07B685B6F7A68100098477B689022D1
:1098B0009B5894217A1813607B681B689B68402230
:1098C0001340402B04D07B181B68282213404CD037
:1098D0007B68180001F02EF87B681B689B684022AB
:1098E0001340402B3CD1EFF310833B663B6E90203E
:1098F0003A18136001237B667B6E83F31088C046A1
:109900007B681B689A687B681B6840218A439A6061
:109910003B181B68BB66BB6E83F31088C0467B6830
:1099200080229B58002B16D07B6880229B58174AB8
:109930009A637B6880229B581800FCF74FF9031E3E
:109940001CD07B6880229B589B6B7A688021525880
:109950001000984712E07B681800ECF773FF0DE0E9
:109960007B681800ECF76EFF08E07B681800ECF7E6
:1099700069FF7B68902200219950B9E1C046B7E1A8
:109980000F0800000100001020010004F9AB0208DC
:109990007B68DB6E012B00D03EE1A423FB181B6823
:1099A0001022134000D137E1A023FB181B681022BE
:1099B000134000D130E17B681B6810221A627B687B
:1099C0001B689B6840221340402B00D0A4E07B68BA
:1099D00080229B581B685A687E217B181A807B184E
:1099E0001B88002B00D185E17B685C229B5A7A188A
:1099F00012889A4200D37DE17B687A185E21128832
:109A00005A527B6880229B581B681B682022134097
:109A100070D1EFF310833B633B6BBB6701237B6328
:109A20007B6B83F31088C0467B681B681A687B6871
:109A30001B68B4490A401A60BB6FBB63BB6B83F3FE
:109A40001088C046EFF31083FB63FB6B7B67012339
:109A50003B643B6C83F31088C0467B681B689A6844
:109A60007B681B6801218A439A607B6F7B647B6CF7
:109A700083F31088C046EFF31083BB64BB6C3B6775
:109A80000123FB64FB6C83F31088C0467B681B6872
:109A90009A687B681B6840218A439A603B6F3B65EC
:109AA0003B6D83F31088C0467B688C22202199503F
:109AB0007B680022DA66EFF310837B657B6DFB66C3
:109AC0000123BB65BB6D83F31088C0467B681B68B0
:109AD0001A687B681B6810218A431A60FB6EFB655D
:109AE000FB6D83F31088C0467B6880229B5818006A
:109AF000FCF714F87B6802221A677B685C229A5A8A
:109B00007B685E215B5A9BB2D31A9AB27B681100C4
:109B10001800ECF72DFCEDE07B685C22995A7B681D
:109B20005E229B5A9AB28E203B188A1A1A807B6852
:109B30005E229B5A9BB2002B00D1DDE03B181B88B4
:109B4000002B00D1D8E0EFF31083FB60FB68882482
:109B50003A19136001233B613B6983F31088C046C7
:109B60007B681B681A687B681B6867490A401A6033
:109B70003B191B687B617B6983F31088C046EFF358
:109B80001083BB61BB6984243A1913600123FB6114
:109B9000FB6983F31088C0467B681B689A687B6802
:109BA0001B685A490A409A603B191B683B623B6A32
:109BB00083F31088C0467B688C22202199507B68F3
:109BC0000022DA667B6800225A67EFF310837B621B
:109BD0007B6A80243A1913600123BB62BB6A83F35A
:109BE0001088C0467B681B681A687B681B68102158
:109BF0008A431A603B191B68FB62FB6A83F3108877
:109C0000C0467B6802221A673B181A887B681100DD
:109C10001800ECF7ADFB6FE0A423FB181A68802353
:109C20005B03134010D09C23FB181A688023DB03CE
:109C3000134009D07B681B68802252031A627B683C
:109C40001800ECF771FE5AE0A423FB181B68802271
:109C5000134016D0A023FB181B688022134006D1A6
:109C60009C23FB181A6880231B04134009D07B68CF
:109C70009B6F002B42D07B689B6F7A6810009847DF
:109C80003CE0A423FB181B68402213400AD0A02309
:109C9000FB181B684022134004D07B68180001F0B9
:109CA0006BF92CE0A423FB181A6880231B041340D3
:109CB0000BD0A023FB181A688023DB05134004D0C7
:109CC0007B68180001F08CF919E0A423FB181A68CE
:109CD00080235B04134012D0A023FB181B68002BC9
:109CE0000DDA7B68180001F073F908E0C04606E061
:109CF000C04604E0C04602E0C04600E0C046BD46A3
:109D00002AB0B0BDFFFEFFFFDFFEFFFFFEFFFFEF4B
:109D100080B582B000AF7860C046BD4602B080BD5D
:109D2000B0B590B000AF78621A2320229B18DB19DF
:109D300000221A707B6A9A687B6A1B691A437B6AE5
:109D40005B691A437B6ADB691343FB637B6A1B68AD
:109D50001B68C14A134019007B6A1A68FB6B0B43EE
:109D600013607B6A1B685B68BC4A134018007B6AFF
:109D7000D9687B6A1A6803000B4353607B6A9B694E
:109D8000FB637B6A1B68B64A934209D07B6A1B68F7
:109D9000B44A934204D07B6A1B6AFA6B1343FB6399
:109DA0007B6A1B689B68B04A134019007B6A1A687B
:109DB000FB6B0B4393607B6A1B68DB6A0F22934348
:109DC00018007B6A596A7B6A1A6803000B43D362E6
:109DD0007B6A1B68A54A934231D1A54B5B6D032278
:109DE0001340032B1DD023D8022B0CD020D8002BDE
:109DF00002D0012B0ED01BE01B2320229B18DB1965
:109E000000221A7054E11B2320229B18DB19022226
:109E10001A704DE11B2320229B18DB1904221A70B3
:109E200046E11B2320229B18DB1908221A703FE110
:109E30001B2320229B18DB1910221A7038E17B6A41
:109E40001B688C4A934231D1894B5B6D0C221340C5
:109E50000C2B1DD023D8082B0CD020D8002B02D0DF
:109E6000042B0ED01BE01B2320229B18DB190022A1
:109E70001A701DE11B2320229B18DB1902221A7085
:109E800016E11B2320229B18DB1904221A700FE114
:109E90001B2320229B18DB1908221A7008E11B23C0
:109EA00020229B18DB1910221A7001E17B6A1B68C3
:109EB000714A934231D16E4B5B6D30221340302B8F
:109EC0001DD023D8202B0CD020D8002B02D0102B53
:109ED0000ED01BE01B2320229B18DB1900221A70D6
:109EE000E6E01B2320229B18DB1902221A70DFE018
:109EF0001B2320229B18DB1904221A70D8E01B2395
:109F000020229B18DB1908221A70D1E01B23202283
:109F10009B18DB1910221A70CAE07B6A1B68574A2B
:109F2000934206D11B2320229B18DB1900221A70B2
:109F3000BEE07B6A1B68524A934206D11B23202253
:109F40009B18DB1900221A70B2E07B6A1B684D4A2D
:109F5000934206D11B2320229B18DB1900221A7082
:109F6000A6E07B6A1B683E4A93423ED1404B5A6D45
:109F7000C0231B011340C0221201934227D0C022EC
:109F8000120193422AD880221201934211D08022DA
:109F90001201934222D8002B04D08022D200934297
:109FA0000ED01BE01B2320229B18DB1900221A7005
:109FB0007EE01B2320229B18DB1902221A7077E017
:109FC0001B2320229B18DB1904221A7070E01B232C
:109FD00020229B18DB1908221A7069E01B2320221B
:109FE0009B18DB1910221A7062E07B6A1B681D4AFD
:109FF000934257D11E4B5A6DC0239B001340C02281
:10A000009200934240D0C0229200934243D88022D3
:10A010009200934211D08022920093423BD8002BB1
:10A0200004D08022520093420ED034E01B23202221
:10A030009B18DB1900221A703AE01B2320229B1880
:10A04000DB1902221A7033E01B2320229B18DB1934
:10A0500004221A702CE0C046F369FFCFFFCFFFFF48
:10A060000080004000840040FFF4FF1100380140F0
:10A07000001002400044004000480040004C0040F6
:10A0800000500040003C01401B2320229B18DB199C
:10A0900008221A700CE01B2320229B18DB191022C7
:10A0A0001A7005E01B2320229B18DB1910221A705E
:10A0B0007B6A1B68C14A934205D07B6A1B68C04A11
:10A0C000934200D093E01B2320229B18DB191B78BE
:10A0D000082B15D018DC042B0DD015DC002B02D07A
:10A0E000022B05D010E0FDF77DF903007B6314E03F
:10A0F000B44B7B6311E0FDF7E9F803007B630CE0F0
:10A1000080231B027B6308E000237B631A23202249
:10A110009B18DB1901221A70C0467B6B002B00D103
:10A1200035E17B6A5A6AA84B5200D35A1900786B02
:10A13000D6F710F80300BB627B6A5A6813005B0015
:10A140009B18BA6A9A4205D37B6A5B681B03BA6A9A
:10A150009A4206D91A2320229B18DB1901221A7071
:10A1600044E07B6BBB610023FB617B6A5A6A964BC0
:10A170005200D35A3B6100237B613A697B69B8691D
:10A18000F969D6F7D5F902000B00110E1D020D4337
:10A1900014027B6A5B685B08BB600023FB60B868E5
:10A1A000F968001969417B6A5B683B6000237B604A
:10A1B0003A687B68D6F7BCF902000B0013003B63DA
:10A1C0003A6BC0239B009A4209D33A6B80235B030E
:10A1D0009A4204D27B6A1B683A6BDA6006E01A2363
:10A1E00020229B18DB1901221A70D0E0CFE07B6A95
:10A1F000DA6980231B029A4200D070E01B232022E0
:10A200009B18DB191B78082B15D018DC042B0DD0FC
:10A2100015DC002B02D0022B05D010E0FDF7E2F890
:10A2200003007B6314E0674B7B6311E0FDF74EF89E
:10A2300003007B630CE080231B027B6308E00023A8
:10A240007B631A2320229B18DB1901221A70C04657
:10A250007B6B002B00D19AE07B6A5A6A5A4B520002
:10A26000D35A1900786BD5F775FF03005A007B6A43
:10A270005B685B08D2187B6A5B6819001000D5F731
:10A2800069FF03003B633B6B0F2B21D93A6B8023A3
:10A290005B029A421CD23B6B9AB20E202024031917
:10A2A000DB190F218A431A803B6B5B089BB20722A4
:10A2B000134099B20319DB190219D21912880A4303
:10A2C0001A807B6A1B680219D2191288DA605EE074
:10A2D0001A2320229B18DB1901221A7057E01B2336
:10A2E00020229B18DB191B78082B15D018DC042BB7
:10A2F0000DD015DC002B02D0022B05D010E0FDF7AD
:10A3000071F803007B6314E02E4B7B6311E0FCF7D4
:10A31000DDFF03007B630CE080231B027B6308E00E
:10A3200000237B631A2320229B18DB1901221A7059
:10A33000C0467B6B002B2AD07B6A5A6A224B5200A4
:10A34000D35A1900786BD5F705FF03001A007B6A12
:10A350005B685B08D2187B6A5B6819001000D5F750
:10A36000F9FE03003B633B6B0F2B0AD93A6B80234A
:10A370005B029A4205D23B6B9AB27B6A1B68DA6039
:10A3800005E01A2320229B18DB1901221A707B6A30
:10A390006A22012199527B6A6822012199527B6AC3
:10A3A00000225A677B6A00229A671A2320229B1890
:10A3B000DB191B781800BD4610B0B0BD008000400E
:10A3C000008400400024F400B85B030880B582B02C
:10A3D00000AF78607B689B6A082213400BD07B68D3
:10A3E0001B685B684A4A134019007B689A6B7B685C
:10A3F0001B680A435A607B689B6A012213400BD09A
:10A400007B681B685B68434A134019007B68DA6A03
:10A410007B681B680A435A607B689B6A0222134070
:10A420000BD07B681B685B683B4A134019007B6854
:10A430001A6B7B681B680A435A607B689B6A04221C
:10A4400013400BD07B681B685B68344A13401900CB
:10A450007B685A6B7B681B680A435A607B689B6AFF
:10A46000102213400BD07B681B689B682C4A13405A
:10A4700019007B68DA6B7B681B680A439A607B680B
:10A480009B6A202213400BD07B681B689B68254A7F
:10A49000134019007B681A6C7B681B680A439A603A
:10A4A0007B689B6A402213401DD07B681B685B68F9
:10A4B0001D4A134019007B685A6C7B681B680A436D
:10A4C0005A607B685A6C80235B039A420BD17B688D
:10A4D0001B685B68154A134019007B689A6C7B689F
:10A4E0001B680A435A607B689B6A802213400BD02A
:10A4F0007B681B685B680E4A134019007B68DA6C46
:10A500007B681B680A435A60C046BD4602B080BDE6
:10A51000FF7FFFFFFFFFFDFFFFFFFEFFFFFFFBFFD2
:10A52000FFEFFFFFFFDFFFFFFFFFEFFFFFFF9FFFDB
:10A53000FFFFF7FF80B592B002AF78607B68902292
:10A5400000219950F9F720FF0300FB637B681B682B
:10A550001B6808221340082B2DD1FB6B802291032E
:10A560007868474A0092002200F08EF8031E22D03D
:10A57000EFF310837B627B6ABB630123BB62BB6A20
:10A5800083F31088C0467B681B681A687B681B6869
:10A5900080218A431A60BB6BFB62FB6A83F31088DD
:10A5A000C0467B688822202199507B688422002144
:10A5B0009954032360E07B681B681B6804221340E6
:10A5C000042B46D1FB6B8022D10378682C4A009281
:10A5D000002200F059F8031E3BD0EFF31083FB601C
:10A5E000FB687B6301233B613B6983F31088C046B2
:10A5F0007B681B681A687B681B6822490A401A60DE
:10A600007B6B7B617B6983F31088C046EFF310831B
:10A61000BB61BB693B630123FB61FB6983F310886A
:10A62000C0467B681B689A687B681B6801218A4367
:10A630009A603B6B3B623B6A83F31088C0467B6841
:10A640008C22202199507B68842200219954032375
:10A6500012E07B688822202199507B688C2220217F
:10A6600099507B680022DA667B6800221A677B6853
:10A6700084220021995400231800BD4610B080BDEB
:10A68000FFFFFF01DFFEFFFF80B584B000AFF86081
:10A69000B9603B60FB1D1A7051E0BB6901334ED0BD
:10A6A000F9F772FE02003B68D31ABA699A4202D3E4
:10A6B000BB69002B01D1032351E0FB681B681B68B9
:10A6C000042213403BD0BB68802B38D0BB68402BA2
:10A6D00035D0FB681B68DB6908221340082B11D1B9
:10A6E000FB681B6808221A62FB68180000F022F958
:10A6F000FB68902208219950FB688422002199541C
:10A7000001232CE0FB681B68DA6980231B011A40D7
:10A7100080231B019A4212D1FB681B688022120120
:10A720001A62FB68180000F005F9FB6890222021EE
:10A730009950FB6884220021995403230FE0FB68A1
:10A740001B68DB69BA681340BA68D31A5A4253418E
:10A75000DBB21A00FB1D1B789A429ED00023180022
:10A76000BD4604B080BD000080B590B000AFF86079
:10A77000B960BB1D1A80FB68BA689A65FB68BA1D90
:10A780005C2112885A52FB68902200219950FB6884
:10A790008C2222219950FB6880229B58002B2DD0BF
:10A7A000FB6880229B58404ADA62FB6880229B58F3
:10A7B0003E4A1A63FB6880229B583D4A5A63FB68F5
:10A7C00080229B5800229A63FB6880229858FB687D
:10A7D0001B6824331900FB689B6D1A00BB1D1B8886
:10A7E000FBF716F9031E09D0FB689022102199503F
:10A7F000FB688C2220219950012350E0FB681B69E3
:10A80000002B19D0EFF31083BB62BB6AFB630123FB
:10A81000FB62FB6A83F31088C046FB681B681A68FA
:10A82000FB681B68802149000A431A60FB6B3B638D
:10A830003B6B83F31088C046EFF310833B613B69A9
:10A84000BB6301237B617B6983F31088C046FB688F
:10A850001B689A68FB681B6801210A439A60BB6BFE
:10A86000BB61BB6983F31088C046EFF31083FB61C3
:10A87000FB697B6301233B623B6A83F31088C0461C
:10A88000FB681B689A68FB681B6840210A439A6052
:10A890007B6B7B627B6A83F31088C04600231800C1
:10A8A000BD4610B080BDC04601AA020831AB020807
:10A8B00073AB020880B58AB000AF7860EFF3108305
:10A8C000BB60BB687B620123FB60FB6883F310887D
:10A8D000C0467B681B681A687B681B68C0218A4376
:10A8E0001A607B6A3B613B6983F31088C046EFF3D3
:10A8F00010837B617B693B620123BB61BB6983F38E
:10A900001088C0467B681B689A687B681B6808498A
:10A910000A409A603B6AFB61FB6983F31088C0467A
:10A920007B68882220219950C046BD460AB080BD70
:10A93000FFFF7FFF80B58EB000AF7860EFF310832C
:10A940007B617B697B630123BB61BB6983F31088F7
:10A95000C0467B681B681A687B681B6826490A40EA
:10A960001A607B6BFB61FB6983F31088C046EFF3D1
:10A9700010833B623B6A3B6301237B627B6A83F308
:10A980001088C0467B681B689A687B681B681B49F7
:10A990000A409A603B6BBB62BB6A83F31088C04677
:10A9A0007B68DB6E012B18D1EFF31083BB60BB68B3
:10A9B000FB620123FB60FB6883F31088C0467B6861
:10A9C0001B681A687B681B6810218A431A60FB6A3F
:10A9D0003B613B6983F31088C0467B688C22202151
:10A9E00099507B680022DA667B6800225A67C0466D
:10A9F000BD460EB080BDC046DFFEFFFFFEFFFFEF8D
:10AA000080B594B000AF78607B689B6AFB647B681C
:10AA10001B681B68202213406FD1FB6C5E22002153
:10AA20009952EFF31083BB61BB69BB640123FB61E7
:10AA3000FB6983F31088C046FB6C1B681A68FB6CCB
:10AA40001B683A490A401A60BB6C3B623B6A83F35D
:10AA50001088C046EFF310837B627B6A7B6401231E
:10AA6000BB62BB6A83F31088C046FB6C1B689A68A4
:10AA7000FB6C1B6801218A439A607B6CFB62FB6A5A
:10AA800083F31088C046EFF310833B633B6B3B645A
:10AA900001237B637B6B83F31088C046FB6C1B68D0
:10AAA0009A68FB6C1B6840218A439A603B6CBB63CD
:10AAB000BB6B83F31088C046FB6C8C22202199501D
:10AAC000FB6CDB6E012B18D1EFF31083FB60FB688E
:10AAD000FB6301233B613B6983F31088C046FB6C39
:10AAE0001B681A68FB6C1B6810218A431A60FB6B99
:10AAF0007B617B6983F31088C046FB6C00221A6778
:10AB0000FB6CDB6E012B08D1FB6C5C229A5AFB6C50
:10AB100011001800EBF72CFC03E0FB6C1800EBF7BE
:10AB2000FBFEC046BD4614B080BDC046FFFEFFFF21
:10AB300080B584B000AF78607B689B6AFB60FB687F
:10AB400001221A67FB68DB6E012B0AD1FB685C22CD
:10AB50009B5A5B089AB2FB6811001800EBF708FCDF
:10AB600003E0FB681800FFF7D3F8C046BD4604B009
:10AB700080BD80B586B000AF78607B689B6A7B61E2
:10AB80007B6988229B583B617B698C229B58FB60C8
:10AB90007B691B689B6880221340802B0AD13B692C
:10ABA000212B07D17B695622002199527B6918001D
:10ABB000FFF780FE7B691B689B6840221340402B97
:10ABC0000AD1FB68222B07D17B695E2200219952B2
:10ABD0007B691800FFF7AEFE7B6990229B5810221C
:10ABE0001A437B6990215A507B691800EBF72AFEC3
:10ABF000C046BD4606B080BD80B584B000AF786069
:10AC00007B689B6AFB60FB685E2200219952FB68AF
:10AC1000562200219952FB681800EBF713FEC0463C
:10AC2000BD4604B080BD80B58AB000AF78607B6857
:10AC300088229B58212B4CD17B6856229B5A9BB271
:10AC4000002B32D1EFF31083BB60BB687B62012322
:10AC5000FB60FB6883F31088C0467B681B681A683A
:10AC60007B681B6880218A431A607B6A3B613B6971
:10AC700083F31088C046EFF310837B617B693B62EE
:10AC80000123BB61BB6983F31088C0467B681B68E6
:10AC90001A687B681B6840210A431A603B6AFB61A3
:10ACA000FB6983F31088C04613E07B681B6D1A783C
:10ACB0007B681B689A627B681B6D5A1C7B681A65EF
:10ACC0007B6856229B5A9BB2013B99B27B68562205
:10ACD0009952C046BD460AB080BD80B58CB000AF69
:10ACE00078607B6888229B58212B51D17B68562243
:10ACF0009B5A9BB2002B32D1EFF31083FB60FB68B1
:10AD0000BB6201233B613B6983F31088C0467B68CB
:10AD10001B681A687B681B6880218A431A60BB6ABB
:10AD20007B617B6983F31088C046EFF31083BB61BE
:10AD3000BB697B620123FB61FB6983F31088C0461A
:10AD40007B681B681A687B681B6840210A431A608D
:10AD50007B6A3B623B6A83F31088C04618E07B68DD
:10AD60001B6DFB62FB6A1B881A007B681B68D2059F
:10AD7000D20D9A627B681B6D9A1C7B681A657B6892
:10AD800056229B5A9BB2013B99B27B68562299523C
:10AD9000C046BD460CB080BD80B58CB000AF7860B9
:10ADA0007B6888229B58212B65D12E23FB187A685B
:10ADB0006A21525A1A8059E07B6856229B5A9BB2EC
:10ADC000002B33D1EFF31083FB60FB68BB620123E0
:10ADD0003B613B6983F31088C0467B681B689A68B7
:10ADE0007B681B6826490A409A60BB6A7B617B6965
:10ADF00083F31088C046EFF31083BB61BB697B62AD
:10AE00000123FB61FB6983F31088C0467B681B68E4
:10AE10001A687B681B6840210A431A607B6A3B62A0
:10AE20003B6A83F31088C046C04624E07B681B68F9
:10AE3000DB698022134013D07B681B6D1A787B6816
:10AE40001B689A627B681B6D5A1C7B681A657B685D
:10AE500056229B5A9BB2013B99B27B68562299526B
:10AE60002E217B181A887B18013A1A802E23FB1892
:10AE70001B88002BA0D1C046BD460CB080BDC0468B
:10AE8000FFFF7FFF80B58CB000AF78607B688822C1
:10AE90009B58212B6AD12E23FB187A686A21525ABB
:10AEA0001A805EE07B6856229B5A9BB2002B33D1FE
:10AEB000EFF31083BB60BB687B620123FB60FB6820
:10AEC00083F31088C0467B681B689A687B681B68A0
:10AED00028490A409A607B6A3B613B6983F310888A
:10AEE000C046EFF310837B617B693B620123BB614A
:10AEF000BB6983F31088C0467B681B681A687B684F
:10AF00001B6840210A431A603B6AFB61FB6983F3BB
:10AF10001088C046C04629E07B681B68DB69802238
:10AF2000134018D07B681B6DBB62BB6A1B881A007C
:10AF30007B681B68D205D20D9A627B681B6D9A1CD8
:10AF40007B681A657B6856229B5A9BB2013B99B27B
:10AF50007B68562299522E217B181A887B18013A59
:10AF60001A802E23FB181B88002B9BD1C046BD46A0
:10AF70000CB080BDFFFF7FFF80B586B000AF78606A
:10AF8000EFF31083BB60BB687B610123FB60FB6850
:10AF900083F31088C0467B681B681A687B681B684F
:10AFA00040218A431A607B693B613B6983F31088C7
:10AFB000C0467B688822202199507B6800229A67CE
:10AFC0007B681800EBF722FCC046BD4606B080BD8A
:10AFD00080B582B000AF7860C046BD4602B080BD8B
:10AFE00080B582B000AF7860C046BD4602B080BD7B
:10AFF00080B588B002AFF8603B1D19605A60172316
:10B00000FB1800221A70FB6884229B5C012B01D183
:10B0100002234CE0FB68842201219954FB688822BA
:10B0200024219950FB681B681A68FB681B68012182
:10B030008A431A60FB681B689B681F4A134019000B
:10B040003B1D1A68FB681B680A439A603B1D1B681E
:10B05000002B05D13B1DF86819685A6800F0B6F955
:10B06000FB681B681A68FB681B6801210A431A60A9
:10B07000F9F78AF903003B613B698022D103F86844
:10B080000E4A00920022FFF7FFFA031E04D0172396
:10B09000FB1803221A7003E0FB68882220219950D4
:10B0A000FB688422002199541723FB181B78180091
:10B0B000BD4606B080BDC046FFFFCFFFFFFFFF01CA
:10B0C00080B586B000AF78607B6884229B5C012BE2
:10B0D00001D1022321E07B68842201219954EFF3FE
:10B0E0001083BB60BB687B610123FB60FB6883F35B
:10B0F0001088C0467B681B681A687B681B68022141
:10B100000A431A607B693B613B6983F31088C04640
:10B110007B6884220021995400231800BD4606B0A4
:10B1200080BD80B586B000AF78607B6884229B5C70
:10B13000012B01D1022321E07B6884220121995453
:10B14000EFF31083BB60BB687B610123FB60FB688E
:10B1500083F31088C0467B681B681A687B681B688D
:10B1600002218A431A607B693B613B6983F3108843
:10B17000C0467B6884220021995400231800BD46F4
:10B1800006B080BD80B584B000AF78607B68842253
:10B190009B5C012B01D1022327E07B6884220121E3
:10B1A00099547B688822242199507B681B681B680E
:10B1B000FB607B681B681A687B681B6801218A43F7
:10B1C0001A60FB680B4A1340FB607B6800225A66DA
:10B1D0007B681B68FA681A607B6888222021995076
:10B1E0007B6884220021995400231800BD4604B0D6
:10B1F00080BDC046FFFFFFDF80B584B000AF786040
:10B2000039607B6884229B5C012B01D102232EE0F4
:10B210007B688422012199547B68882224219950DB
:10B220007B681B681B68FB607B681B681A687B680F
:10B230001B6801218A431A607B681B689B68DB00DE
:10B24000D9087B681B683A680A439A607B681800D3
:10B2500000F0E0F87B681B68FA681A607B68882257
:10B26000202199507B6884220021995400231800E2
:10B27000BD4604B080BD000080B584B000AF7860EA
:10B2800039607B6884229B5C012B01D102232FE073
:10B290007B688422012199547B688822242199505B
:10B2A0007B681B681B68FB607B681B681A687B688F
:10B2B0001B6801218A431A607B681B689B680E4AE1
:10B2C000134019007B681B683A680A439A607B68E0
:10B2D000180000F09FF87B681B68FA681A607B68AA
:10B2E0008822202199507B688422002199540023D0
:10B2F0001800BD4604B080BDFFFFFFF1B0B58AB0B5
:10B3000000AFF860B960BB1D1A80FB688C229B58A7
:10B31000202B56D1BB68002B03D0BB1D1B88002BF4
:10B3200001D101234EE0FB689A6880235B019A42B9
:10B3300009D1FB681B69002B05D1BB6801221340B2
:10B3400001D001233EE0FB680122DA66FB6800229F
:10B350001A6727257C19BB1D1A88B968FB68180075
:10B36000FFF702FA030023707B191B78002B24D10E
:10B37000FB68DB6E012B1CD1FB681B6810221A6274
:10B38000EFF310837B617B693B620123BB61BB6987
:10B3900083F31088C046FB681B681A68FB681B684B
:10B3A00010210A431A603B6AFB61FB6983F3108832
:10B3B00003E02723FB1801221A702723FB181B78B0
:10B3C00000E002231800BD460AB0B0BD80B584B0CD
:10B3D00000AFF8603B1D19605A60FB681B685B6832
:10B3E000102293431A003B1D9B881900FB681B68C1
:10B3F0000A435A60FB681B685B681B02190A3B1D05
:10B400009B791A06FB681B680A435A60C046BD4612
:10B4100004B080BDF0B585B000AF78607B685B6E2E
:10B42000002B08D17B686A22012199527B6868222F
:10B430000121995243E00F26BB1908221A700E20F1
:10B440003B1808221A707B681B689B685B0EDAB297
:10B450000D243B1907210A401A707B681B689B6802
:10B460005B0FDAB20C257B1907210A401A703B18D2
:10B470001B787A19127814498A5C5A4310007B1998
:10B480001B78124AD35C1900D4F7EEFE030099B280
:10B490007B686A229952BB191B783A1912780A49BB
:10B4A0008A5C5A4310003B191B78084AD35C190088
:10B4B000D4F7DAFE030099B27B6868229952C0463D
:10B4C000BD4605B0F0BDC046D85B0308E05B03088D
:10B4D00080B500AFD8F7D6FFFEE780B582B000AFE9
:10B4E0007860FEE780B582B000AF0200FB1D1A70E5
:10B4F000204B1B685A1C1F4B1A601E4B1B68012BEC
:10B5000003D11D4B1800E7F781FE1A4B1B680A2177
:10B510001800D4F7A5FE0B1E13D18023DB011748BA
:10B5200001221900FBF74DF9FA239B001800F8F7E8
:10B5300035FF8023DB01114800221900FBF741F998
:10B5400010E08023DB010D4801221900FBF739F9D7
:10B55000C820F8F723FF8023DB01084800221900E8
:10B56000FBF72FF9064B00221A70C046BD4602B009
:10B5700080BDC04610BA0120F05B030800040050F3
:10B58000F94D002080B584B000AFF860B9607A60F2
:10B5900001235B421800BD4604B080BD80B584B075
:10B5A00000AFF860B9607A6001235B421800BD46C5
:10B5B00004B080BD80B584B000AFF860B9607A6037
:10B5C00001235B421800BD4604B080BD80B582B047
:10B5D00000AF7860396001235B421800BD4602B0BD
:10B5E00080BD80B582B000AF786000231800BD46F2
:10B5F00002B080BD80B500AF01231800BD4680BDFC
:10B6000080B582B000AF786039603B6880229201DB
:10B610005A6000231800BD4602B080BD80B582B0DC
:10B6200000AF786001235B421800BD4602B080BDC8
:10B6300010B5002101F01AFA10BD10B50A22002140
:10B6400001F0ACFA10BD10B50A22002101F0A6FAF3
:10B6500010BD000010B5034B0100186800F00EF893
:10B6600010BDC0460C08002010B5034B010018683F
:10B6700001F012FE10BDC0460C080020F0B50D0010
:10B6800087B00B350190162D09D907239D4307D5A7
:10B690000C23019A13600024200007B0F0BD102590
:10B6A000A942F5D8019800F0F9F9FC23BA4E5B00E5
:10B6B0009D421DD22A000832B21811005468083980
:10B6C000EB088C4203D1D4680233A24226D0032275
:10B6D0006368A1689343E268E318CA60916001223D
:10B6E00059680A435A60019800F0E0F90834D3E73A
:10B6F0003F236A0A03D0042A26D8AB093833032231
:10B700009446D9008919CC688C4206D0604662689C
:10B710008243571B0F2F2FDD013B013334699F49B3
:10B720008C4250D0032062688243501B0F2831DDC9
:10B73000012367191D430343656077613761F96031
:10B74000B9607B60A050CEE7142A02D813005B33A7
:10B75000D5E7542A02D82B0B6E33D0E7AA235B001F
:10B760009A4202D8EB0B7733C9E78D497E238A4290
:10B77000C5D8AB0C7C33C2E7E068002F08DBA368B8
:10B78000D86083600123A21851680B435360AAE775
:10B790000400B9E7716131610028F3DA71688C4601
:10B7A000802189008A4200D38AE0D1085009012211
:10B7B0008240604602437260CA0092199168E2605A
:10B7C000A1609460CC600122734899108A4041685E
:10B7D000914226D30A4205D10324A34352000433E5
:10B7E0000A42FBD0DE008619B44602936146CC685B
:10B7F000644500D09BE00834A4460324029901313B
:10B8000002912142F2D1234200D0B7E04368934332
:10B810004360614B52005968914202D3002A00D024
:10B82000B8E00322836802935B6893430393AB42BF
:10B8300003D35A1B0F2A00DD1FE1029B039A082045
:10B840009E18584B1B6810335F1901F099FC564B3A
:10B8500004901B68013303D0013F3B1847421F404F
:10B860003900019801F038FC0400431C00D1DAE0F3
:10B87000864204D9484B029A9A4200D0D3E04B4A00
:10B880001368FB181360049A013AA64200D093E0B3
:10B89000164200D090E0404B9A68039BDF190123C9
:10B8A0003B435360414B424A1B6811688B4200D9AD
:10B8B0001360404A11688B4200D8B4E01360B2E0D4
:10B8C000500A042811D891093831CF00BF19B8683F
:10B8D000874225D1012289108A4061460A4372605D
:10B8E000E760A060BC60C4606DE7142802D8010066
:10B8F0005B31EAE7542802D8110B6E31E5E7AA2143
:10B900004900884202D8D10B7731DEE7244F7E21EF
:10B91000B842DAD8910C7C31D7E78068874204D0EE
:10B9200003264168B1439142F7D8C768D8E7032797
:10B930006168B9430391E768491B0F2910DD0122B3
:10B94000631915436560A5680A43EF60BD604361F4
:10B95000036112485A60D8609860039BE150C2E6C8
:10B96000002909DB039BE11801234A6813434B605C
:10B97000A368DF60BB60B6E63C0039E73168083E8B
:10B98000013BB14200D13EE743E7043352000A4293
:10B99000FBD027E7029BFAE78C02002094020020EC
:10B9A0005405000044BA01208402002014BA01208A
:10B9B00040BA01203CBA012035490868013040D125
:10B9C0000C600721260000230E400C4202D00833F1
:10B9D0009B1BE418E1190591059F04991740CB18AA
:10B9E000DF1B17403900019801F076FB431C07D19B
:10B9F000371E059804D030000027059B083818181A
:10BA0000244A001B1368C019DB1913600122224B62
:10BA1000029910439C606060994200D142E7039B09
:10BA20000F2B13D8626003221B4B9B685B68934308
:10BA30005A1BAB4201D30F2A1FDC019800F036F8E5
:10BA400029E61449A61BF6180E60BAE70721039BE6
:10BA50000C3B8B43029949680A4002991A434A6099
:10BA6000CA180521516091600F2B00D81AE702997E
:10BA70000198083101F010FC14E701231800064971
:10BA800028438C681343651960608D606B602AE6FB
:10BA90008402002014BA01208C02002010B5024854
:10BAA00001F06CFB10BDC04688BB012010B50248F8
:10BAB00001F065FB10BDC04688BB0120094B10B5E5
:10BAC0001C68094A983420686168084BD4F750FD17
:10BAD000012200238018594120606160480040081D
:10BAE00010BDC0460C0800202D7F954C2DF45158F8
:10BAF00010B5034B0A000100186800F003F810BDF0
:10BB00000C080020F0B587B00C1E0390059206D1FA
:10BB10001100FFF7B3FD0700380007B0F0BD039830
:10BB2000FFF7BCFF2300083B5F6802933A00032342
:10BB30009A43059B04920B33162B08D90722934393
:10BB4000019306D50C23039A13600027E4E7102322
:10BB50000193059B019A9342F4D8049B019A934266
:10BB600000DB6DE1049A029BBA489B1882689446F8
:10BB70005A689C4506D001251100A9435918496807
:10BB8000294244D103218A4304998E1801999C4586
:10BB900017D11031B1423CDC019A01219446B61A0A
:10BBA0002200029B0E4363448360083A5E60536840
:10BBB00003980B4061460B435360FFF777FF270064
:10BBC000AAE7B14225DCDA689B68DA609360019BE2
:10BBD000029AF41A029B92195868012318400F2CFC
:10BBE00000D82FE1019D029928434919029D1C4369
:10BBF00068604C605068083103435360039801F05B
:10BC00004BFB0398FFF752FF029F083784E700229F
:10BC10001300FF0700D5C6E02100032008390D6896
:10BC200002994D1B6968814304980F18002B00D1BD
:10BC300084E0D6199C4548D1019B1033B3427DDC8A
:10BC4000AA68EB682F00D3609A600200043A0837B4
:10BC5000242A35D83B00132A08D92368AB606368CF
:10BC6000EB601B2A1AD82B000834103322681A60A4
:10BC700062685A60A2689A60019B764AEB189360EA
:10BC8000019AB61A012216435E606B681340019A4E
:10BC900013436B600398FFF709FF3DE7A3682B612F
:10BCA000E3686B61242A03D02B0010341833DDE7DE
:10BCB0002369AB612B0062692033EA611834D5E750
:10BCC0002100380001F034F9D6E7019AB24235DCA0
:10BCD0002800DA689B680830DA609360AA68EB682D
:10BCE000D3609A60049A043A242A23D8132A07D9E5
:10BCF0002368AB606368EB601B2A09D808340830FE
:10BD00002368036063684360A368836002955EE70D
:10BD1000A3682B61E3686B61242A03D028001034E8
:10BD20001830EDE7280023692030AB6163691834CF
:10BD3000EB61E5E7210001F0FBF8E7E7019BBB427F
:10BD400031DC2800AA68EB680830D3609A60049A56
:10BD5000043A242A23D8132A07D92368AB606368DE
:10BD6000EB601B2A09D80834083023680360636835
:10BD70004360A36883603E00C8E7A3682B61E36863
:10BD80006B61242A03D0280010341830EDE7280016
:10BD900023692030AB6163691834EB61E5E721006A
:10BDA00001F0C6F8E7E705990398FFF767FC071E5F
:10BDB00003D10398FFF77AFEC7E623000122083B70
:10BDC0005B689343029AD3180200083A934205D164
:10BDD0005E6803239E43049BF618F8E6049A043A2F
:10BDE000242A29D803002100132A08D923680360D4
:10BDF000636843601B2A0DD80300083108330A68C2
:10BE00001A604A685A608A689A602100039801F0B3
:10BE100043FA3FE7A3688360E368C360242A03D042
:10BE2000030010311033EAE723691831036103007E
:10BE3000626918334261E2E7210001F079F8E4E732
:10BE4000049EC4E6029906434E6051680B4353605A
:10BE5000D7E6C0468C02002070B516000D0002F037
:10BE600079F9002E0DD06B236A00520D9B1A002B1E
:10BE700007DD0024034A1B059D182B002200D6F77E
:10BE8000C9F970BD0000F03FF0B5A3B01B920022CD
:10BE900000260027059009911E921D910A782B2AF1
:10BEA00053D03FD80D2A39D8082A39D8002A42D091
:10BEB0000022129200211D9D0C912A78302A00D078
:10BEC00083E06A7820318A43582A00D073E00293D5
:10BED000129B954A01931EAB009305981FAB1DA9B9
:10BEE00001F0F4FA0F2302001A40040006921842EF
:10BEF00005D0062A2BD1002301351D9512931B9BDB
:10BF0000002B02D01D9B1B9A1360129B002B19D093
:10BF1000802330001B06F91823B0F0BD202AC7D1BA
:10BF20000131BAE72D2AC3D12C3A12924A1C1D9234
:10BF30004A78002ABED1099B1D93002312931B9BB4
:10BF4000002BDFD130003900E6E70022EDE71E9A32
:10BF5000002A07D0352120A802F0F2F91E99059891
:10BF600001F0E0FD06981F9B0138042806D8D4F79D
:10BF7000DDF812031C1E1200209E219FE40502D54D
:10BF800080231B061F43694B3B42B8D101F0CAF81E
:10BF900022230360B3E76649219A209E0A4065493F
:10BFA0005B181B051A431700E8E7604FE6E7012618
:10BFB000614F7642E2E71D9B5A1C1D925B78302B45
:10BFC000F9D0002B9BD001230C9300250A221D9B46
:10BFD0000D95139308951D9804782300303BD9B232
:10BFE000092927D90122554900F0D8FF002831D06E
:10BFF000002023008446089A0E9006922022190001
:10C0000091430A0000210791452A00D0C0E0069B19
:10C010000C9A034313438B428DD01D9B099301332C
:10C020001D93099B5B782B2B70D00C002D2B73D1AB
:10C0300001246CE00899082909DC0D9951435B182B
:10C040000D93089B0130013308931D90C3E75543BE
:10C050005D19F6E71D9B5A1C1D92089A5B78002A11
:10C060003AD00E9006921A00303A092A12D90122CB
:10C070009446C3E71D9B01305A1C1D925B78302B00
:10C08000F8D01A00313A082A3BD80E9000201D9AA9
:10C09000069013921A00411C303A302B16D00E9B9A
:10C0A0005B180E93069B0A219C4684449C4515D13F
:10C0B0000699069B013109181B180691082B19DCFB
:10C0C0000A230D994B430021D3180D931D9B0800A3
:10C0D0005A1C1D925B78C6E70898D0E75C1C082BB9
:10C0E00004DC0D9B4B430D932300DFE7102CFBDC9E
:10C0F0004D43F9E700210F2BE8DC0A235D43551976
:10C10000E4E700220E9206920132B1E70024099B77
:10C1100002331D93099B9B781A00303A092A13D9E0
:10C12000099A1D92002232E0D45C03080000F07FDF
:10C13000FFFFEFFF33040000FFFFFF7FBC5C03083D
:10C140001D9B5A1C1D925B78302BF9D00022079260
:10C150001A00313A082A1BD8303B10931D9B0793D5
:10C160001D9B591C1D915B781A00303A092A3AD957
:10C17000079A8A1AB4490791082A04DC109A079290
:10C180008A4200DD0791002C02D0079A52420792A2
:10C19000069A002A4DD10C9A104300D0AFE66246B1
:10C1A000002A00D0C7E6692B27D023DC492B24D0F6
:10C1B0004E2B00D0BFE6A5491DA801F0BDFB00280D
:10C1C00000D1B8E61D9B1B78282B2CD1A04920AAB2
:10C1D0001DA801F0C5FB052825D1219B9D4A209E65
:10C1E0001A4317008BE60A2210994A43D218303AB4
:10C1F0001092B5E76E2BDED09DE697491DA801F0A1
:10C200009BFB002800D196E61D9B9449013B1DA88D
:10C210001D9301F091FB002802D11D9B01331D935A
:10C2200000268C4F6BE68E4800F0C6FF06000F001C
:10C2300065E6079B0E9A9B1A0C93089B002B01D175
:10C24000069B0893069C102C00DD10240D98D6F751
:10C25000D1FE069B06000F00092B13DC0C9B002B64
:10C2600000D14CE60C9B002B00DC7EE0162B63DC3F
:10C270007C49DB00C9183200086849683B00D5F7E3
:10C28000C9FFD3E72200774B093AD2009B181A68FE
:10C290005B68D5F7BFFF060028000F00D6F7AAFE9F
:10C2A0000B00020039003000D5F70CF8069B0600A1
:10C2B0000F000F2BD2DD069B1C1B0C9BE418002CDF
:10C2C00000DC9BE00F222300134014420AD0654992
:10C2D000DB00C9183200086849683B00D5F79AFFAF
:10C2E00006000F000F239C4373D02633FF339C427C
:10C2F0004BDD0023069307930D930893222300261A
:10C30000059A544F13600D9BB34200D1F7E51E9977
:10C31000059801F007FC0899059801F003FC0799BE
:10C32000059801F0FFFB0D99059801F0FBFB0699BC
:10C33000059801F0F7FBE2E52523069A9B1A0C9A73
:10C340009342B8DB0F24069B464DE41AE1006918BE
:10C350003200086849683B00D5F75CFF0C9B1C1B4A
:10C36000E4002D192A686B6889E70C9B1633A2DB61
:10C3700007990E9A3B4B521AD2009B1830001A684C
:10C380005B683900D5F702FB50E700233000390025
:10C39000354D24110993012C1EDC002B01D0060021
:10C3A0000F00324B099AFF182F4BD5005D19320050
:10C3B000286869683B00D5F72DFF264B2C4A0600FC
:10C3C0000B40934295D82B4A934213D901262A4F0A
:10C3D00076420023099386E00122144204D02A68A1
:10C3E0006B68D5F717FF0123099A6410013209928F
:10C3F0000835D0E7D4239B04CF18EAE7002CE8D017
:10C4000064420F2322001A401C420AD0154BD2006E
:10C410009B1830001A685B683900D5F7B7FA060038
:10C420000F002411D5D01F2C28DD0023069307937D
:10C430000D9308932223059A002613600D9B002775
:10C44000002B00D063E75AE51F4E0000ED5F0308A4
:10C45000C05C03080000F07FE55F03087360030819
:10C460006F600308185F0308F05E03080000B0FC6B
:10C470000000A07C0000907CFFFFEF7F10232200D3
:10C480001A4009921C4201D05A33099330003900F6
:10C490000023BF4D0122144204D02A686B68D5F7EF
:10C4A000B9FE012364100835002CF3D1002B01D014
:10C4B00006000F00099B002B0DD06B237A00520D54
:10C4C00039009B1A002B06DD1F2B5ADD0026342B6A
:10C4D00050DDDC27BF040022002330003900D3F7F1
:10C4E000BFFF0028A1D10D9B089A00931399069BCA
:10C4F000059801F065FB0D90002800D1F9E60C9B32
:10C500000799DA170E9B5B1A1A400C9B1792DB43B4
:10C510000C9ADB171A4000231A92069307930D9B7F
:10C520000598596801F0D6FA0890002800D1E5E690
:10C530000D9B0C3019001A690C310232920000F088
:10C5400032FE20AB01931FAB009332003B000598F5
:10C550001096119701F06AFE1E90002800D1CDE6DA
:10C560000121059801F0C8FB079000280ED1002397
:10C570000793C3E64B239A1A4C3B934019400F0094
:10C58000A9E7012252429A401640A4E71F9B1A9A3B
:10C59000179DD41A002B01DB1A9C5D190999209A6A
:10C5A0005B1A36219B188A1A7A4901208C46002191
:10C5B000013B16911490634506DA6146C91A521A76
:10C5C0001F293FDC88401490AB180E93A418099BD8
:10C5D0000E9A1C192B00954200DD1300A34200DDCA
:10C5E0002300002B04DD0E9AE41AD21A0E92ED1AE3
:10C5F000179B002B16DD1A000799059801F046FCE1
:10C6000007900028B3D001001E9A059801F08CFB1A
:10C610001390002800D171E61E99059801F082FA66
:10C62000139B1E930E9B002B12DC0C9B002B18DD22
:10C630001A9A0899059801F029FC0890002810D151
:10C6400000235AE65449CB1A010099401691BAE7E3
:10C650000E9A1E99059801F05BFC1E900028E4D10B
:10C660004CE6002C07DD22000899059801F050FCEB
:10C6700008900028E4D0002D08DD2A0007990598CD
:10C6800001F046FC0790002800D137E6089A1E9971
:10C69000059801F0C5FC0690002800D12EE6C3687D
:10C6A000079913930023C36001F09EFC00283BDA36
:10C6B000139B334367D13B0365D1D622374BD2045A
:10C6C0003B4093425FD9069B5B69002B03D1069BDD
:10C6D0001B69012B57DD06990122059801F018FC12
:10C6E0000799069001F080FC00284CDD2B4B099A3D
:10C6F0003B40002A74D0D622D204934270D8DC2268
:10C700009204934200D895E630003900244B002271
:10C71000D5F780FD214B06000F000B4200D0F6E557
:10C720002223059A1360F2E50E97002875D1139A1B
:10C730003B031B0B002A39D01A4A934238D10121FE
:10C74000099B494232000800002B0BD0D424134B24
:10C7500008003B40E404A34204D86C301B0DC31A0C
:10C7600099400800824223D10F4B0E99994202D181
:10C77000013200D1C2E5094B0E9A00261A4013007F
:10C78000802252039F18099B002BBDD1BFE5C046F4
:10C79000E85C030802FCFFFFE2FBFFFF0000F07F04
:10C7A00000005039FFFF0F00FFFFEF7F33439DD0A4
:10C7B000169B002B1CD00E9B169A1342E3D0139BA2
:10C7C00030003900099A002B16D0FFF745FB020014
:10C7D0000B0010981199D4F775FD06000F00D2E7F1
:10C7E0000126924A76429B18914A1A431700CAE7DB
:10C7F000149B3342C7D0E2E7FFF72EFB02000B0089
:10C8000010981199D5F7CEFF0022002306000F00E3
:10C81000D3F726FE0028B6D00CE60799069801F05B
:10C8200065FD80230022DB0504000D00D3F728FE00
:10C8300000286CD0139B002B77D1002E57D10E9B74
:10C840001B035AD10022200029007A4BD3F70EFE99
:10C85000002859D1200029000022774BD5F7DAFCB7
:10C8600004000D0080231B06EB180A940B930A9A10
:10C870000B9B14921593714A0E9B13401693169AB4
:10C880006F4B9A4200D087E06E4A0E9B94466344F9
:10C890001F003000190001F05DFC0A9A0B9BD5F7D0
:10C8A000B9FC32003B00D4F70DFD644A664B06002C
:10C8B0000A409A4240D9119B644A934203D1109B8B
:10C8C000013300D11AE50126604F76421E99059882
:10C8D00001F028F90899059801F024F907990598BD
:10C8E00001F020F90699059801F01CF917E6012ED0
:10C8F00003D10E9B002B00D19CE50023544C4D4DE1
:10C900000A930B940024B2E700244B4DAAE72000C1
:10C910002900494B0022D5F77DFC139B04000D0034
:10C92000002B9FD00A940B95A1E70023414C2500D2
:10C930000A930B941C009AE7D4239B04CF18099BFD
:10C940001097002BC2D13D4B169A3B409A42BDD165
:10C9500020002900D3F770FED3F7A8FE02000B00D9
:10C9600020002900D5F71EFF3C03139B240B344302
:10C970000E900F91374A1C4352D0374BD3F776FDB8
:10C98000002800D0C3E40E980F99344A2A4BD3F7FD
:10C9900081FD00289AD0BAE4099B002B2AD0D42329
:10C9A000169ADB049A4225D8200029002C4A2D4BE8
:10C9B000D3F766FD002816D020002900D3F71EFE0D
:10C9C000002800D10130D6F715FB139B04000D00A1
:10C9D000002B22D180231B06CB1818901993189A8C
:10C9E000199B14921593D622159BD2049B18169A64
:10C9F0009B1A159310981199149E159F01F0AAFB8C
:10CA000002000B0030003900D5F704FC109A119B8E
:10CA1000D4F758FC06000F0091E718941995DEE74B
:10CA2000114B0E980F99D3F721FDB2E70000F0FFEC
:10CA3000FFFF0F000000F03F0000E03F0000F07F2C
:10CA40000000E07F0000B0FCFFFF9F7CFFFFEF7F56
:10CA50000000F0BF9535A094FFFFDF3F35E5AF350F
:10CA60000000C0FFFFFFDF41FFFFCF3F10B5044CC8
:10CA70000A000100034B2068FFF706FA10BDC0460C
:10CA80000C080020A0060020F0B585B017001E009D
:10CA900003900191242B44D80C00012B41D03D4B35
:10CAA00008229C46230061461D780134485D010040
:10CAB00011401042F6D12D2D3AD125789C1C01232E
:10CAC000009310223300934309D1302D36D1202119
:10CAD00023788B43582B31D11600657802342E4AC7
:10CAE000009B94466344310018000293D3F7B8FBCF
:10CAF0000022844610002B00303B092B25D81D0056
:10CB0000AE4231DD531C09D001225242844505D387
:10CB100001D1A94225DB0122704328182578013470
:10CB2000E9E700F0FFFA16230360002005B0F0BD2E
:10CB300000912B2DC5D125789C1CC2E7002ECED1AB
:10CB40000836302DCBD00236C9E72B00413B192BDC
:10CB500001D8373DD4E72B00613B192B04D8573D52
:10CB6000CEE701225242D9E7531C08D12223039A6F
:10CB700002981360002FD9D0631E019307E0009B39
:10CB8000002B00D04042002FD0D0002AF4D1019BCE
:10CB90003B60CBE7115D0308FFFFFF7F10B5044C3E
:10CBA00013000A0001002068FFF76EFF10BDC046A9
:10CBB0000C080020F0B51E003E4B17000C009C46F0
:10CBC000082285B003900091230061461D7801344E
:10CBD000485D010011401042F6D12D2D37D1257846
:10CBE0009C1C0123029310223300934309D1302D62
:10CBF00033D1202123788B43582B2ED11600657812
:10CC00000234012031004042D3F7A4FA0190012000
:10CC100031004042D3F724FB002301221800944640
:10CC20002A00303A092A1FD81500AE422BDD5A1CC3
:10CC30000AD00123019A5B42824205D301D1A94265
:10CC40001EDB63467043281825780134E8E702911B
:10CC50002B2DC8D125789C1CC5E7002ED1D10836D4
:10CC6000302DCED00236CCE72A00413A192A01D81D
:10CC7000373DDAE72A00613A192A04D8573DD4E74C
:10CC800001235B42E0E75A1C07D1222203991800D6
:10CC90000A60002F09D105B0F0BD029A002A00D029
:10CCA0004042002FF7D0002B01D0631E0093009B61
:10CCB0003B60F0E7115D030810B5044C13000A0057
:10CCC00001002068FFF776FF10BDC0460C08002069
:10CCD000002310B5040003604360836081814366D4
:10CCE000C281036143618361190008225C3000F056
:10CCF00032F90B4BE46123620A4B63620A4BA36275
:10CD00000A4BE3620A4B9C4205D00A4B9C4202D07C
:10CD1000094B9C4203D12000583000F02DFA10BD81
:10CD200099CE0208C1CE0208F9CE020825CF02082A
:10CD300048BA0120B0BA012018BB012010B5034A3F
:10CD40000349044800F06CF810BDC046940600206A
:10CD500059F802081008002041680B4B10B5040078
:10CD6000994201D002F078FDA168084B994202D0A7
:10CD7000200002F071FDE168054B994202D02000CD
:10CD800002F06AFD10BDC04648BA0120B0BA0120C9
:10CD900018BB012010B5094B094A04211A60094843
:10CDA0000022FFF795FF012209210748FFF790FFB6
:10CDB000022212210548FFF78BFF10BD80BB012026
:10CDC0003DCD020848BA0120B0BA012018BB0120AD
:10CDD00010B5024800F0D2F910BDC0468ABB012050
:10CDE00010B5024800F0CBF910BDC0468ABB012047
:10CDF00010B50400FFF7ECFF636B002B02D0FFF7C8
:10CE0000EFFF10BD044B6363044B1B68002BF6D18E
:10CE1000FFF7C0FFF3E7C04659CD020880BB0120F1
:10CE2000F7B51400002600900191A5686768013FDE
:10CE300004D52468002CF8D13000FEBDAB89012B4D
:10CE400008D90E22AB5E013304D029000098019B63
:10CE5000984706436835EAE70EB400B50B499CB025
:10CE60001DAB02900690079104910948094904CB33
:10CE70000591006802A9019301F0B4FA0022029B17
:10CE80001A701CB008BC03B01847C046FFFFFF7FF4
:10CE90000C0800200802FFFF70B50C000E25495F4A
:10CEA00000F006F9002803DB236D1B18236570BD15
:10CEB000A389024A1340A381F9E7C046FFEFFFFFB1
:10CEC000F8B51F008B8905000C001600DB0505D5A1
:10CED0000E23C95E0022022300F0D6F8A389054A7A
:10CEE00028001340A38132000E23E15E3B0000F0D6
:10CEF00005F9F8BDFFEFFFFF70B50C000E25495F87
:10CF000000F0C2F8A389421C03D1054A1340A38153
:10CF100070BD802252011343A3812065F8E7C0460B
:10CF2000FFEFFFFF10B50E23C95E00F09BF810BDA8
:10CF300010B5884206D800239A4208D0CC5CC4546D
:10CF40000133F9E78B189842F5D2013A00D210BDAF
:10CF50008B5C8354F9E703008218934200D1704739
:10CF600019700133F9E7020010B51378140001328B
:10CF7000002BFAD1CA5CE2540133002AFAD110BD69
:10CF8000C9B20378002B04D08B4200D17047013026
:10CF9000F7E74B42594149420840F7E730B50500F1
:10CFA000101E0BD00024013A2B5D085D834204D192
:10CFB000A24202D00134002BF6D1181A30BD030072
:10CFC00030B51D00002A06D00C78013A01332C70D0
:10CFD0000131002CF5D100219A18934200D130BDC7
:10CFE00019700133F9E70000034B10B51A680123EB
:10CFF000503200F003F810BD0C080020F0B5041EFC
:10D0000002D11468002C09D020000E0005780134EC
:10D010003778002F04D1002D0DD11560002006E0D7
:10D020000136BD42F4D1002BEED114600370F0BD87
:10D030000133002D02D10B00267801341D78AE4259
:10D04000F6D100231D009E4202D02300611E0D7008
:10D050001360ECE79422024B5200985C7047C04684
:10D06000A0060020002370B5064D040008002B60C8
:10D07000FEF7D4FA431C03D12B68002B00D02360A9
:10D0800070BDC04684BB012070B5040008001100CB
:10D090001A000023054D2B60FEF78CFA431C03D1C8
:10D0A0002B68002B00D0236070BDC04684BB0120DC
:10D0B00070B50400080011001A000023054D2B6014
:10D0C000FEF76CFA431C03D12B68002B00D02360C1
:10D0D00070BDC04684BB0120002370B5064D04001E
:10D0E00008002B6004F09CFD431C03D12B68002B2F
:10D0F00000D0236070BDC04684BB012070B5040021
:10D10000080011001A000023054D2B60FEF73AFAC3
:10D11000431C03D12B68002B00D0236070BDC04698
:10D1200084BB0120014B18687047C0460C080020E2
:10D1300070B500260C4C0D4D641BA410A64209D1FD
:10D14000002604F07FFD0A4C0A4D641BA410A64281
:10D1500005D170BDB300EB5898470136EEE7B30038
:10D16000EB5898470136F2E70061030800610308B5
:10D1700008610308006103087047704770477047F3
:10D18000802310B5082804D0FFF7CCFF16230360D6
:10D19000173B180010BD03000A7801311A700133E3
:10D1A000002AF9D17047002310B59A4200D110BD72
:10D1B000CC5CC4540133F8E7002001497047C046F5
:10D1C0000000F87F034B10B5002B02D0024800F09E
:10D1D00005F810BD0000000085FA0208002310B514
:10D1E00001001A00180002F09FFC10BDF7B5040002
:10D1F00008200D00FFF7C4FF06002000FEF74EFCDC
:10D200000322224F3100BB685B689343180011383A
:10D21000401B80190193D2F79DFF451E7543AE4216
:10D2200004DD2000FEF742FC0020FEBD00212000AE
:10D23000FFF752FFBB68019A9B189842F1D120007A
:10D240006942FFF749FF013010D100212000FFF7AC
:10D2500043FFBA68811A0F29E3DD0D4D0D4B2D6890
:10D26000401B186001230B435360DAE70126019B42
:10D27000BA685B1B33435360064A200013685B1B8C
:10D280001360FEF713FC3000CFE7C0468C0200208D
:10D290008402002014BA0120F7B50D1E01902DD094
:10D2A000FEF7FCFB012329009C4608394F686246C3
:10D2B0003B0064469343C8184568023295434A4A86
:10D2C0002740966886421AD15B19002F06D108685C
:10D2D000091A8D681B18C868E8608560012018432A
:10D2E00048609160414A12689A4204D8404B0198C4
:10D2F0001968FFF77BFF0198FEF7D8FBF7BD002602
:10D300004560B74209D10F683A4CC91BDB198F68D9
:10D31000A7422CD0CC68FC60A76047197C68012725
:10D320003C420BD15B198568002E22D1314CA542BD
:10D330001FD13E0051611161CD608D600125280033
:10D3400018434860CB50002ED5D180208000834206
:10D3500013D2D8085B099D4053681D43C3009B1836
:10D3600055609A68CB608A609960D160C3E7664671
:10D37000D3E7C068E8608560E0E75D0A042D12D855
:10D3800098093830C600B618B5680327AE4225D1D3
:10D39000012380108340506803435360CE608D604A
:10D3A000B160E960A7E7142D02D828005B30E9E7F7
:10D3B000542D02D8180B6E30E4E7AA2040008542B5
:10D3C00002D8D80B7730DDE70B4E7E20B542D9D896
:10D3D000980C7C30D6E7AD68AE4203D06A68BA4399
:10D3E0009A42F8D8EE68D9E78C0200208802002023
:10D3F00044BA012094020020540500000200F0B558
:10D40000046985B014324B11160002939C4231DD41
:10D410001F260F009B00A500D31837405519009315
:10D42000019731420DD1160019008D4236D8009B6C
:10D430000026033B9D4202D3029BE41AA6009619E4
:10D4400018E02021019E019F891B009E039102CEBE
:10D450009446F940B54216D8009B002601339D4200
:10D4600003D3029BE41AA600043E961931600029FA
:10D4700000D00436B11A89100161964201D100230F
:10D48000436105B0F0BD3768039B9F400F43614681
:10D4900080C18C46019B02CED940DBE780C980C6A3
:10D4A000C3E70200303A0300092A02D8203BD8B271
:10D4B00070470200613A052A01D8473BF7E71A0096
:10D4C000413A0020052AF3D8273BF0E7F0B589B0B0
:10D4D00007930B680192039006919A1C1100013288
:10D4E000501E00783028F9D0CB1A023B05930091EA
:10D4F000FFF7D7FF00231D00029398421ED101229F
:10D50000A6490098FFF74AFD0700A84200D06AE04C
:10D51000009B58785C1CFFF7C4FF01230293A842CC
:10D520002FD00094009B1878302809D0FFF7B9FF5E
:10D53000424242410123250002920593009C04E0EF
:10D54000009B01330093EDE701342078FFF7A9FF3A
:10D55000071EF9D1012220009049FFF71FFD002886
:10D560000DD1002D06D1013425002078FFF799FF59
:10D57000002802D12D1BAF0003E00134F5E7002D98
:10D58000F8D12022237826009343502B1DD16378B5
:10D590002B2B2DD02D2B2FD00023661C04933078FD
:10D5A000FFF77FFF431EDBB20500182B2AD87078E7
:10D5B000FFF777FF431EDBB20136103D182B1DD954
:10D5C000049B002B00D06D427F19069B1E60029BBE
:10D5D000002B19D0059B06265A4253415B421E4040
:10D5E000300009B0F0BD01230027009C0293C8E77A
:10D5F00000230493A61CD2E70123FAE70A235D4324
:10D600002D18D4E72600E0E7009B0299E31A013BBE
:10D61000072B0ADC039800F05DFA051E08D12A00EA
:10D62000E4215F4B5F4802F0BFFA01315B10EFE786
:10D63000030014330293059300231E000493009B00
:10D64000A34238D3059C029B40C4E41AA4103000C6
:10D650002C6100F001FB019B64011B68261A0093FA
:10D660009E4252DDF61A3100280000F08AFE041EA8
:10D670000FD001241F232000721E13409840030086
:10D680005111029889000958194202D0A24234DC93
:10D69000022431002800FFF7B1FEBF19019B9B68EF
:10D6A000BB4242DA2900039800F03CFA00230E9AAC
:10D6B000A326136094E7013C23782E2B12D0049B01
:10D6C000202B04D1059B40C30026059304962078A7
:10D6D000FFF7E7FE0F231840049B984004330643EE
:10D6E0000493ACE7009BA342E9D8012220002B4918
:10D6F000FFF754FC0028E2D1A1E72800B11E00F09A
:10D7000040FE0028C4D00324C3E7009B00249E42AF
:10D71000C4DA9E1B29003200039800F0F9FB0300D5
:10D7200014330500BF1B0293B8E7019B5E68BE423D
:10D730006FDD009BF61BB34236DC019BDB68022BDE
:10D7400024D0032B26D0012B17D1009BB34214D138
:10D75000012B0BD1019B079A5B68622613600123A2
:10D76000029A2B6113600E9B1D6039E70099280017
:10D77000013900F006FE0028ECD12900039800F0E2
:10D78000D1F900230E9A5026136029E70F9B002B36
:10D79000F3D1DFE70F9B002BDCD1EEE7BC5C030885
:10D7A000195E03082A5E0308771E002C2FD1002F74
:10D7B00004D03900280000F0E4FD04001F237A1192
:10D7C0001F401E3BBB400299920052581A4201D0A2
:10D7D00002231C43009B31009B1B02262800009360
:10D7E000FFF70CFE019B5F68002C3FD0019BDB68BC
:10D7F000022B10D0032B12D0012B06D1A20704D587
:10D80000029A126814431C420CD110232DE001240B
:10D81000D4E70126E8E701230F9A9B1A0F930F9B89
:10D82000002BF2D02B69002002939B0004932B0065
:10D83000049A143399181A68541C1CD001321A60C7
:10D840002B001433022E3FD1019A00991268013A3D
:10D850008A4209D10A001F2010400122824049114A
:10D860008900CB5813423DD120231E430E9B1D60DF
:10D87000079B1F60B4E601C39942DCD8AB68029AEB
:10D880009A4218DB69680398013100F023F9041EFD
:10D8900004D1220084211D4B1D48C4E629002A69B9
:10D8A0000C31023292000C30FFF77DFC2900039806
:10D8B00000F038F925002B695A1C2A610122043333
:10D8C0009B00EB185A60BBE72A6902998A420BDD7C
:10D8D00001212800FFF792FD019B01379B68BB42A5
:10D8E00000DADFE60126BFE71F22009C0099144002
:10D8F0001142F7D0049A9B18043B186800F0ACF969
:10D9000020231B1B9842E3DBECE7C046195E0308AB
:10D910002A5E0308082370B520259A1A9200AD1AD2
:10D92000436804681E00AE40D34034430460436043
:10D9300004308842F4D370BD30B503680C780133ED
:10D94000002C02D10360012030BD1A781500413D42
:10D95000192D00D820320131A242EFD00020F3E788
:10D96000F0B50B688BB0019201995A1192008A1898
:10D97000029219001F22114008900691134202D012
:10D98000029B04330293029B00251F1F3E003C00B4
:10D99000089B3D601B68079505930395059B013324
:10D9A0000993059B5B780493002B28D00498FFF71C
:10D9B00078FD002855D1049B202B19D8039B079A8A
:10D9C000934212DDB44206D2072D04DC2A00310056
:10D9D0002000FFF79FFF019B08259C4205D9261FC9
:10D9E00000253400039B35600793099B0593D5E719
:10D9F000049B292B5AD1059B089A02331360039B81
:10DA0000002B53D0B44206D2072D04DC2A0031008B
:10DA10002000FFF77FFF019B9C4236D91A002300AC
:10DA200002CB02C29F42FBD2029B611CDA1E04237E
:10DA3000914205D8029B043B1B1B9B0801339B00B2
:10DA4000019AD318002204C39F42FCD23B68002BEA
:10DA500004D1019B9F4227D101233B6005200BB0DD
:10DA6000F0BD039B013501330393082D06DD019BB7
:10DA70009C42BAD900230125043C23600F2223686D
:10DA800010401B0103432360AFE7069B002BDDD052
:10DA90002023069A02999B1A01225242DA40043945
:10DAA0000B6813400B60D1E7043FCFE70420D6E7B3
:10DAB00082B0002900D101A9101E06D0002B06D08B
:10DAC00013780B601078431E984102B07047022013
:10DAD0004042FAE7436C70B506000C00002B12D0F0
:10DAE000736CA2009B181868002815D101210D0045
:10DAF000A5406A1D3000920002F074F8002809D099
:10DB0000446085600AE02122042102F06BF8706411
:10DB10000028E5D1002070BD02681A60002303616F
:10DB2000C360F8E7002906D04A68436C92009B184E
:10DB30001A680A6019607047F7B50F0001900C0071
:10DB40001E0000200D6914373B68013099B2514323
:10DB50001B0C534389190E0C9B191E0C89B21B0414
:10DB60005B1808C78542EFDC002E22D0A368AB42C9
:10DB700019DC616801980131FFF7ACFF071E05D180
:10DB80003A00BA210C4B0D4802F00EF82100226930
:10DB90000C31023292000C30FFF705FB2100019896
:10DBA000FFF7C0FF3C002B1D9B00E31801355E60B2
:10DBB00025612000FEBDC046195E03088A5E030889
:10DBC000F7B5070018000C00083009210193150073
:10DBD000D2F74AFB0123002183420ADB3800FFF71A
:10DBE00079FF011E08D10A00194B1A48D33101F000
:10DBF000DBFF5B000131EFE7089B43610123036119
:10DC0000092D18DD230009331E00009364193378B1
:10DC10000A223800303BFFF78FFF01360100A64291
:10DC2000F5D12C00009B083C1C192E00019B9E4244
:10DC300004DB0800FEBD09250A34F6E7631B9B5D83
:10DC40000A223800303BFFF777FF01360100EDE78D
:10DC5000195E03088A5E0308802203005202002036
:10DC6000934201D21B04103080225204934201D20D
:10DC700008301B0280225205934201D204301B015E
:10DC80008022D205934201D202309B00002B03DB9D
:10DC90000130134200D120207047036801000722A1
:10DCA0001800104013420DD0063A0020134205D14F
:10DCB0000230034203D0D34010000B6070479B0832
:10DCC0000B60FBE79AB2002A01D110201B0CDAB2DC
:10DCD000002A01D108301B0A1A0701D104301B09A0
:10DCE0009A0701D102309B08DA07E9D401305B08BA
:10DCF000E6D12020E2E7000010B50C000121FFF77B
:10DD0000E9FE002807D14621054C0200054B200002
:10DD1000FF3101F049FF01234461036110BDC0469A
:10DD20008A5E0308195E0308F0B514000A692369C6
:10DD30000D008BB09A4202DB23000C001D00276906
:10DD40002E696168BB190393A368BA19934200DA7C
:10DD50000131FFF7BFFE0290002806D1B121494BE7
:10DD60004948029A490001F01FFF029B0022143328
:10DD70009C46BB199B0063440493634604998B4201
:10DD80002AD32300BF00143314350893B600DB19DF
:10DD90000593AB190993042306932300059A1533C1
:10DDA00001959A4205D3131B153B9B0801339B0039
:10DDB0000693019B099A934210D3039B002B05DD28
:10DDC000049B043B04931B68002B56D0029B039AD0
:10DDD00018001A610BB0F0BD04C3CFE7019B1868AF
:10DDE00080B200281ED067460025089E02CE3B6800
:10DDF00007938BB243431A006B46090C9B8B41433C
:10DE0000D318079A5B19120C89181A0C8A189BB23E
:10DE1000150C12041A43059B04C7B342E6D86346A7
:10DE2000069A9D50019B1868000C20D0634625007F
:10DE3000614600271B6814352A680E6892B2424377
:10DE4000360C9219D21916049BB21E430E6040CDB7
:10DE50004B68360C46439BB2120CF3189B18059A7C
:10DE60001F0C0431AA42E7D8624606995350019B21
:10DE70000433019304239C449BE7039B013B0393DE
:10DE80009BE7C046195E03088A5E0308F7B50323C3
:10DE9000150007000E001A401D4208D01A49013A29
:10DEA0009200525800233100FFF746FE0600AD10E5
:10DEB00027D03C6C002C07D138001449FFF71CFF19
:10DEC000002304003864036001231D420AD031009E
:10DED00022003800FFF728FF310001903800FFF7DB
:10DEE00021FE019E6D100CD02068002807D1220071
:10DEF00021003800FFF718FF0023206003600400B2
:10DF0000E2E73000FEBDC046E45E03087102000097
:10DF1000F0B50C0016002369571185B0FB1801936A
:10DF2000013300934968A3680290009A934210DB82
:10DF30000298FFF7CFFD0023010005001A001431FD
:10DF400098420CD1EF212A00254B2648490001F0C8
:10DF50002BFE01315B00E8E798000A500133BB4219
:10DF6000FADBFB43DB171F40BF0023001F20C9194A
:10DF700037002269143392009A180740064229D0CC
:10DF80000130C01B03908C4600201E68BE40064333
:10DF9000604640C08446039E01CBF0409A42F4D8CC
:10DFA000260015360423B24204D3131B153B9B08ED
:10DFB00001339B00C850002802D0019B023300931C
:10DFC000009B0298013B21002B61FFF7ABFD28006D
:10DFD00005B0F0BD01CB01C19A42FBD8F0E7C046C5
:10DFE000195E03088A5E030830B50B6904690200F4
:10DFF000E01A9C420FD114329B0014311400C9184E
:10E00000D218043A043915680B689D4204D00120E7
:10E010009D4200D2023830BD9442F2D3FBE70000AB
:10E02000F0B50C0087B00090110020001700FFF73A
:10E03000DBFF051E10D101000098FFF74BFD021E0B
:10E0400004D1404B4048414901F0AEFD01234561F8
:10E050000361100007B0F0BD0026B04203DA2300D0
:10E060003C001F00013661680098FFF733FD021E77
:10E0700003D1344B34483649E6E72369143400931E
:10E080009B00E318210001943C0002933B69143487
:10E090009B00E31803930300C6608C4600201433F2
:10E0A00004930593634620CBA9B20E009C4608CC8E
:10E0B0002D0C99B2711A09181B0C0814EB1A1B18B5
:10E0C000181489B21B041943059B02C30593039BD3
:10E0D000A342E7D83900039C153104238C4204D3B2
:10E0E000E31B153B9B0801339B000199CD18049954
:10E0F0002E00CB181F0002998E4211D3029CE91EFC
:10E1000000208C4204D321000331491B8908880078
:10E110001B18043B1968002910D0009B136198E775
:10E12000844602CE88B2604400140C0C0419614489
:10E13000201489B22404214302C7DCE70099013985
:10E140000091E6E7195E03088A5E030837020000C3
:10E150004502000010B500240C4B0D4A0B409B18E3
:10E16000A34206DC5B421A15132A05DC80231B033D
:10E1700013411900200010BD143A01241E2A02DCAC
:10E1800080242406D4400023F3E7C0460000F07F3B
:10E190000000C0FCF7B50600036914369B00F318B5
:10E1A0001D1F2C680F0020000193FFF755FD202252
:10E1B000121A3A6003001C4A0A2815DC0B212700BA
:10E1C000091ACF403A438C4611000022AE4202D2D7
:10E1D000019A083A126815339C4063462700DA40DA
:10E1E0001743380003B0F0BD0027AE4202D2019DB4
:10E1F000083D2F680B2149428C469C440B2B10D0C4
:10E20000614620238C405B1A3900D9400C432243DD
:10E2100011000022B54201D9043D2A686446A74096
:10E22000DDE722431100DCE70000F03FF7B50121F4
:10E2300016001F00FFF74EFC041E05D12200254BDF
:10E240002548264901F0B0FC3B037D001B0B6D0DFA
:10E2500002D08022520313430193002E25D068463A
:10E260000096FFF71AFD019B009900281BD0202281
:10E270001E00121A96403200C3400A4362610193A5
:10E28000019EA661731E9E4101362661002D14D0A9
:10E290003526134BED18089B2D181D60099B361A67
:10E2A0001E602000FEBD6161EAE701A8FFF7F5FCF2
:10E2B000019B012663612030E7E70A4BC018089BE9
:10E2C0001860094BF3189B00E3185869FFF7C4FC6A
:10E2D0007601E3E7195E03088A5E03080F03000076
:10E2E000CDFBFFFFCEFBFFFFFFFFFF3FF0B587B089
:10E2F0000F0004A90600FFF74DFF00900191009B5D
:10E30000019C380005A902930394FFF743FF0D0019
:10E3100002000B0030693969049E401A05994001DA
:10E32000711A41180805002908DD01994118039167
:10E3300002980399D3F72AFB07B0F0BD2B1AF7E731
:10E3400070B51400050001391369491101318900C4
:10E3500014349B004118E318A3420DD81400113463
:10E3600000259C4203D89B1A113B9B089D0000236B
:10E370004019814203D870BD40CC40C5ECE708C0CD
:10E38000F7E70200006910B514324B11984213DB15
:10E390000CDD1F2408002040214207D099008C5832
:10E3A0002100C140814001208C4204D19B00D31840
:10E3B000934203D8002010BD0300F7E7043B19681F
:10E3C0000029F5D00120F6E70300081E05D0FF2A3A
:10E3D00004D98A2201201A604042704701200A7045
:10E3E000FBE70000F0B5DDB01C000B9109920A902C
:10E3F00001F044FB036818002093D1F78FFE0B9BBC
:10E4000018909B891B0617D50B9B1B69002B13D1FA
:10E4100040210A98FDF732F90B9B1860186100281B
:10E4200007D10C230A9A136001235B421A9300F070
:10E4300011FC40230B9A5361002300223293319345
:10E440000E93002316921793002333AF3097239334
:10E45000229314931D9321931A93099D2B78002BDB
:10E4600002D0252B00D090E0099BEE1A9D4216D0D9
:10E470003B60329B7E609B193293319B083701339E
:10E480003193072B08DD0B990A9830AA02F074FA31
:10E49000002800D0D8E333AF1A9B9B191A932B782E
:10E4A000002B01D101F08AF900231B220126691CEF
:10E4B0001D0022A812181370764219934B1C159355
:10E4C0000B781093109820385A2801D900F002FEDA
:10E4D000D1F736FE9B0000060006A50000060006E8
:10E4E0000006800000060006A700AF000006AD0091
:10E4F000B4000006D000D200D200D200D200D20078
:10E50000D200D200D200D2000006000600060006AB
:10E5100000060006000654010006FD000F0154012C
:10E52000540154010006000600060006E40000063F
:10E530000006D4040006000600061805000636058D
:10E540000006000666050006000600060006000636
:10E5500000060006000654010006FD0011015401EA
:10E5600054015401E6001101F9000006F200000612
:10E57000B604D6040705F90000061805A3003805FF
:10E58000000600065D000006A300013566E7A54B06
:10E5900028002393202318401D4201D100F003FDE1
:10E5A000193B07349C43220018CA069307940D9226
:10E5B000EB070AD5069B079A134306D0302229ABF6
:10E5C0001A70109A5A7002231D43974B02201D4067
:10E5D00000F066FC0A9801F051FA43681800219394
:10E5E000D1F79CFD1D900A9801F048FA83681493B6
:10E5F0001D9B002B11D0149B002B0ED01B78002BE1
:10E600000BD08023DB001D4307E01B2322AA9B18AD
:10E610001A78002A01D120321A7015994EE7012389
:10E62000F1E708CC1993002BF7DA5B421993042326
:10E63000E9E71B2322AA9B182B22EDE7159A159BCD
:10E640001278013310922A2A0DD000260A21109A3E
:10E650001593303A092A00D934E74E43B6181A7890
:10E6600001331092F3E740CC002E01DA0126764206
:10E670001593D2E78023C6E700220A21159B199241
:10E68000199A10984A433038821819921A7801332F
:10E690001092303A092AF3D9159313E70823B2E709
:10E6A000159B1B78682B05D1159B0133159380238F
:10E6B0009B00A8E74023A6E7159B1B786C2B04D191
:10E6C000159B0133159320239DE710239BE7210021
:10E6D00004C943AB0D911B211A70002222A809180E
:10E6E0000A7001260C921B921292139211920993B6
:10E6F000BEE110231D43AB062FD5072307349C43EF
:10E70000220018CA069307940D92079B0120002B44
:10E710000BDA069B079C00225942A2410691079200
:10E720001B222D2122ABD2181170069A079B1A4387
:10E73000711C01D101F052F880212C008C43002A79
:10E7400001D001F050F8002E01D100F0B9FC0128F1
:10E7500001D001F04CF800F04DFC220008CA0D92E7
:10E76000EA0603D50693DB170793CEE76A0601D5C1
:10E770001BB2F7E7AA05F5D55BB2F3E70723073429
:10E780009C43220018CA0D92012216931794169BDF
:10E7900052422493179B5B005B082593249825998C
:10E7A000224BD4F79BFB002824D1249825990122E1
:10E7B0001E4B5242D1F764FE00281BD116981799C0
:10E7C00000220023D1F752FE002804D01B2322AAE6
:10E7D0009B182D221A70164B0993109B472B01DDB5
:10E7E000144B099380239D43002303260C931B9312
:10E7F00001F02CF8169A179B10001900D4F76EFB45
:10E8000000281DD0179B002B04DA1B2322AA9B187B
:10E810002D221A70084B0993109B472BE2DD074B02
:10E82000DFE7C046F05F0308FFFBFFFFFFFFEF7F5E
:10E83000E05F0308E45F0308E85F0308EC5F030898
:10E84000109B612B00D1E9E15822412B00D1E6E178
:10E85000731C00D109E22023109A0C909A43472A96
:10E8600002D1002E00D1013680235B002B431C9384
:10E87000179B002B00DBFBE1802212069446169BBF
:10E880001E93179B63441F932D2327932023109AD5
:10E890009A431292412A00D006E21E981F992AAA92
:10E8A00001F010F9FF2300229B05D3F7B3FC0022EF
:10E8B00000230E900F91D1F7D3FD002801D0012342
:10E8C0002A93CF4B1393109B612B01D0CD4B139305
:10E8D000099C731E00220E980F991193CA4BD3F70F
:10E8E00099FC0E900F91D4F71BFB1B90D4F754FBAF
:10E8F00002000B000E980F99D3F754FF139A0E9055
:10E900000F911B99119B525C2270013401330BD083
:10E910000E980F99119B0022013B26930023D1F7FB
:10E920009FFD002800D1A9E100220E980F99B74B56
:10E930002694D1F7AFFD00280CD10E980F99002234
:10E94000B24BD1F78DFD002800D1A8E11B9BDB075E
:10E9500000D4A4E13020139B2E94DB7B2E9A013A45
:10E960002E921178994200D18AE14B1CDBB23929F1
:10E9700001D1139B9B7A1370269B099A9B1A0E93C5
:10E980002A9B1193129B472B00D0DCE1119B033390
:10E9900003DB119BB34200DCFBE1109B023B1093B5
:10E9A000119B40225C1E6B4610999B18203A002058
:10E9B0001B782A949143412902D10F33DBB20130F5
:10E9C0002CA90B702B23002C03DA0124119BE41AD1
:10E9D0002D234B70092C00DCCDE1372322AA9B1894
:10E9E0001293129E2000731E0A211293D1F722FD6A
:10E9F000731E3031197020000A211194D1F734FCB4
:10EA0000119B0400632BECDC2A2222A8B11E1218F1
:10EA100037200B0030340C7022AC0019834200D236
:10EA2000A4E10023814203D8393322AA9B189B1BFF
:10EA30002A2222A95218D3182CAA9B1A0E9A229382
:10EA40009E18012A01DCEB0701D5189BF6188022DD
:10EA50006F4B52002B401A4300231C9212931393C6
:10EA60001193279B002B00D0E4E100231C9D1B93F6
:10EA70001B9B1C93B34200DA1C961B2322AA9B18F3
:10EA80001B785A1E93411C9AD3181C9302232B40C7
:10EA9000269302231D4202D01C9B02331C93842325
:10EAA0002B40279384231D421FD1199B1C9A9C1A2B
:10EAB000002C1ADD3900319B5648329A0133083157
:10EAC0003860102C00DD17E37C60A4180F0032942E
:10EAD0003193072B09DD0B990A9830AA01F04CFFFE
:10EAE000002801D000F049FE33AF1B2222A95218A2
:10EAF0001178329B002914D03A6001229B1832937E
:10EB0000319B7A609B1831930837072B09DD0B99ED
:10EB10000A9830AA01F030FF002801D000F02DFE45
:10EB200033AF269A329B002A15D029AA3A600222D6
:10EB30009B183293319B7A60013331930837072B4E
:10EB400009DD0B990A9830AA01F016FF002801D0C0
:10EB500000F013FE33AF279B802B1FD1199B1C9A0B
:10EB60009C1A002C1ADD3900319B2B48329A013354
:10EB700008313860102C00DDD1E27C60A4180F0051
:10EB800032943193072B09DD0B990A9830AA01F0D2
:10EB9000F3FE002801D000F0F0FD33AF1B9B9C1B5F
:10EBA000002C1ADD3900319B1B48329A01330831A1
:10EBB0003860102C00DDC5E2A2187C6032920F0094
:10EBC0003193072B09DD0B990A9830AA01F0D4FE86
:10EBD000002801D000F0D1FD33AF329B1B93EB0531
:10EBE00000D5CBE2099B7E603B601B9BF618319BF6
:10EBF000329601333193072B00DDA3E3083701E39D
:10EC0000F05F030801600308000030400000E03FAF
:10EC1000FFFBFFFF24600308146003087822302103
:10EC200029AB19705A7002231D43632E15DD0A9813
:10EC3000711CFCF723FD0990002813D10B9B9A89C6
:10EC4000402313430B9A93810B9B9B895B0601D551
:10EC5000FFF7EAFB1A985DB0F0BD00230C9343ABBD
:10EC6000099301E6099B0C93FEE506260C90FBE553
:10EC7000169B179C1E931F94002306E6269B29E6ED
:10EC800010706BE618700133CA1AFBD5119A002375
:10EC9000013201DB119B0133E31826936CE6119AD4
:10ECA000230030201119EFE7129A34000323462A7B
:10ECB00005D01400453C62425441013B34192EAA50
:10ECC00004922BAA03922AAA029200930A981E9AEF
:10ECD0001F9B019401F062F8129B0990472B19D1F8
:10ECE000EB0701D42E9B48E6099B1B190E930022CB
:10ECF0001E981F990023D1F7B3FB002801D00E9B6B
:10ED00002E9330222E9B0E999942EBD9591C2E91AD
:10ED10001A70F7E7099B1B190E93129B462BE6D13D
:10ED2000099B1B78302B0AD11E981F9900220023C3
:10ED3000D1F796FB002802D101231B1B2A932A9BA3
:10ED40000E9AD318D2E7129B462B00D028E6012258
:10ED50002B00119913403343002929DD002B42D0A9
:10ED6000189A8B18F618662310932DE01C7801333F
:10ED70001470013252E62A2222ABD218002804D1A4
:10ED800030232B228B7022ABD2183034531C1470DA
:10ED900052E6119B0E9A93420FDA0E9B189A9E1818
:10EDA00067231093119B002B0EDCF61A01360BE043
:10EDB000002B1AD0189B0133D4E76723119E1093C0
:10EDC000EB0701D5189AB61880232A00DB001A40F9
:10EDD0001392002212921D4200D142E6119B9342EF
:10EDE00025DC13923DE6119EBDE7662316001093C5
:10EDF000EAE7119A93420FDAD31A1193149B5B78C6
:10EE0000002B10D0139B01331393149B01331493E5
:10EE1000149B1B78FF2BECD1129A139B9B181D9A05
:10EE200053439E191DE6129B01331293F0E7129B88
:10EE30001393EDE71B2322AA9B182D221A7014E6C8
:10EE4000AB0609D523681A9A1A60D2175A6004349F
:10EE5000159B0993FFF701FBEB0603D523681A9A6C
:10EE60001A60F4E76B0603D523681A9A1A80EEE756
:10EE7000AD05F3D523681A9A1A70E8E710231D43ED
:10EE80002023280018401D420FD0193B07349C4313
:10EE9000220018CA069307940D920020B34B1D4020
:10EEA0001B2222AB0021D2183EE4220008CA29000E
:10EEB0000D9210221140154202D006930790ECE704
:10EEC000402228001040154203D09BB206930791C0
:10EED000E3E780222900920011401542F6D0DBB210
:10EEE000EBE7230004CBA2490D930023069229AA45
:10EEF0000793118002339F4A18001D4376332392F3
:10EF00001093CDE7230004CB00240D931B2309921B
:10EF100022AA9B181C70731C0DD032002100099886
:10EF200000F0C4FD0C90A04200D1E2E0099A861ADC
:10EF300023000C945BE40998D1F7F0F80600F7E79A
:10EF400010231D432023280018401D4209D0193BDF
:10EF500007349C43220018CA069307940D9201209F
:10EF60009EE7230004CB29000D93102319401D4276
:10EF700002D006920790F2E74023280018401D4275
:10EF800003D093B206930791E9E7802329009B0001
:10EF900019401D4202D0D3B20693EBE70692F2E786
:10EFA000754BFFF7F5FA230004CB29000D931023CE
:10EFB00019401D4203D006920790FFF7F9FA40234B
:10EFC000280018401D4204D093B206930791FFF722
:10EFD000EFFA802329009B0019401D4202D0D3B2D2
:10EFE0000693E9E70692F1E7079B002B0CD1069BFD
:10EFF000092B09D8069B3033DBB2E72222A952182D
:10F000001370099200F01BFC00230E938023DB0099
:10F0100023405CAD0C930A22069807990023D1F790
:10F0200087FA6B1E303209931A700E9B11900133D0
:10F030000E930C9B1291002B1DD0149B0E9A1B78E3
:10F040009A4218D1FF2A16D0079B002B02D1069BAB
:10F05000092B10D9099B1D9A21999B1A1800099315
:10F06000FDF7ADFF0022149B0E925B785A1E934170
:10F07000149AD3181493079B002B03D1069B092BDA
:10F0800000D8DCE3119B099D0693129B0793C2E70E
:10F090000F20099B239A013B0993069B0340D35CF5
:10F0A000099A1370079B1907069B1A09079B1143BE
:10F0B0001B0907930B00079A06911343E9D1BEE39E
:10F0C0005CAB0993002800D0B9E3ED0700D4B6E3A8
:10F0D000302392E7109B002B00D16FE3109A1B2185
:10F0E00043AB1A70002222A809180A700D94FFF78A
:10F0F000F8FA0C9BFFF77BFB102012187860329215
:10F100003193072B08DD0B990A9830AA01F034FCE3
:10F11000002800D031E333A90F00103CCAE41020CE
:10F120001218786032923193072B08DD0B990A98F8
:10F1300030AA01F021FC002800D01EE333A90F0003
:10F14000103C10E510201218786032923193072B92
:10F1500008DD0B990A9830AA01F00EFC002800D0B7
:10F160000BE333A90F00103C1CE5C046FFFBFFFF7B
:10F1700030780000F05F030801600308109B652BE6
:10F1800000DC4AE21698179900220023D1F768F9AB
:10F19000002878D0CA4B1B9E3B6001237B60F61889
:10F1A000319B3296013331930837072B08DD0B99D9
:10F1B0000A9830AA01F0E0FB002800D0DDE233AF6E
:10F1C0002A9B0E9A934201DBEB071BD5209B189AD2
:10F1D0003B60189B7B60329B08379B183293319BB6
:10F1E00001333193072B08DD0B990A9830AA01F0FF
:10F1F000C3FB002800D0C0E233AF0E9B10265C1E7C
:10F20000002C2FDC6D0700D59AE2199B1C9A9342C3
:10F2100000DA13001A9AD3181A93329B002B07D0E6
:10F220000B990A9830AA01F0A7FB002800D0A4E2AD
:10F23000002331930C9B002B00D0BAE20D9C33AF1E
:10F2400006E610327E6032923193072B08DD0B996F
:10F250000A9830AA01F090FB002800D08DE233A973
:10F260000F00103C3900319B9648329A0133083127
:10F270003860102CE5DC7C60A4180F0032943193C8
:10F28000072BBFDD5EE02A9B002B77DC8C4B1B9E9F
:10F290003B6001237B60F618319B3296013331933A
:10F2A0000837072B08DD0B990A9830AA01F064FB98
:10F2B000002800D061E233AF0E992A9B329A0B43AB
:10F2C000012129400B439DD0209B3B60189B7B6014
:10F2D0009A18319B3292013331930837072B08DD9E
:10F2E0000B990A9830AA01F047FB002800D044E2AD
:10F2F00033AF2A9C002C18DA644238003199714AE5
:10F30000329E013108370260102C25DC4460A419BC
:10F3100032943191072908DD0B990A9830AA01F03F
:10F320002BFB002800D028E233AF099B329A3B60C8
:10F330000E9BD2183292319A7B6001323192072AA9
:10F3400000DC5BE40B990A9830AA01F015FB002859
:10F3500000D012E233AF55E71023F618436032961F
:10F360003191072908DD0B990A9830AA01F004FBB6
:10F37000002800D001E233AF103CBEE70E9A099B93
:10F380009446119C63441093944200DD1400002CB9
:10F3900014DD099B7C603B601B9B0837E618319BA2
:10F3A000329601333193072B08DD0B990A9830AA66
:10F3B00001F0E2FA002800D0DFE133AFE343DB17CE
:10F3C0001C40119B10261C1B002C00DD8DE0119AA7
:10F3D000099B9446634409936B050CD5139B002B42
:10F3E00000D09DE0129B002B00D09CE0099B109A5E
:10F3F000934200D909922A9B0E9A934201DBEB07B4
:10F4000016D5209B189A3B60189B7B60329B08376F
:10F410009B183293319B01333193072B08DD0B99F5
:10F420000A9830AA01F0A8FA002800D0A5E133AF6D
:10F43000099A109B2A9E9B1A0E9A961B9E4200DDEB
:10F440001E00329B002E13DDF3183293319B099A74
:10F4500001333A607E6031930837072B08DD0B9942
:10F460000A9830AA01F088FA002800D085E133AF6D
:10F470000E9B2A9C1C1BF343DB171E40A41B10266B
:10F48000002C00DCBEE63900319B0E48329A013375
:10F4900008313860102C00DCEDE610327E603292CC
:10F4A0003193072B08DD0B990A9830AA01F064FA12
:10F4B000002800D061E133A90F00103CE3E7C0460B
:10F4C000126003081460030810327E603292319398
:10F4D000072B08DD0B990A9830AA01F04DFA002895
:10F4E00000D04AE133A90F00103C3900319BB948E4
:10F4F000329A013308313860102CE5DC7C60A418A6
:10F500000F0032943193072B00DC60E70B990A98C7
:10F5100030AA01F031FA002800D02EE133AF56E7CF
:10F52000129B002B5FD0129B013B1293219B1D9AD3
:10F530003B601D9B7B60329B08379B183293319B4D
:10F5400001333193072B08DD0B990A9830AA01F09B
:10F5500013FA002800D010E133AF099A109B9B1AD0
:10F56000149A16789E4200DD1E00329B002E13DD99
:10F57000F3183293319B099A01333A607E603193DC
:10F580000837072B08DD0B990A9830AA01F0F4F927
:10F59000002800D0F1E033AF149B1C78F343DB1755
:10F5A0001E40A41B002C18DD3900319B8948329A7B
:10F5B000013308313860102C1CDC7C60A4180F006B
:10F5C00032943193072B08DD0B990A9830AA01F089
:10F5D000D3F9002800D0D0E033AF149B099A1B78F0
:10F5E000D3180993FAE6149B013B1493139B013B38
:10F5F00013939BE710201218786032923193072BF7
:10F6000008DD0B990A9830AA01F0B6F9002800D05D
:10F61000B3E033A90F00103CC6E73C001B9E319BB2
:10F620000E9A013601330834012A03DC0122154207
:10F6300000D180E0099A32963A60012231937A60D3
:10F64000072B08DD0B990A9830AA01F095F90028DC
:10F6500000D092E033AC209B189A2360189B636023
:10F66000329B08349B183293319B01333193072B23
:10F6700007DD0B990A9830AA01F07EF900287CD1A9
:10F6800033AC319B00221698179910930E9B329E33
:10F690005F1E0023D0F7E4FE002826D1099B109AB4
:10F6A000013323600E9B013E0132F61867603296EB
:10F6B00031920834072A07DD0B990A9830AA01F025
:10F6C0005BF9002859D133AC2CAB2360229B229AE2
:10F6D0006360329B9B183293319B01333193072B2C
:10F6E00000DD2FE6083427008CE50E9B1026012B49
:10F6F000EADD2100319B3748329A0133083120601E
:10F70000102F07DC67600C00BA1832923193072B78
:10F71000DADDD1E71032666032923193072B07DDD4
:10F720000B990A9830AA01F027F9002825D133A9AE
:10F730000C00103FDDE70999329606C73193E6E7E2
:10F74000199B1C9A10259C1A002C00DC5DE5319B4E
:10F750002149329A01333960102C19DC12197C606E
:10F7600032923193072B00DC4FE50B990A9830AAAF
:10F7700001F002F9002800D147E50C9B002B01D1D4
:10F78000FFF762FA19000A98FDF786FDFFF75CFAA9
:10F7900010327D60329231930837072B07DD0B99C9
:10F7A0000A9830AA01F0E8F80028E6D133AF103CFF
:10F7B000CDE70C990A98FDF76FFD3FE5329B002BD2
:10F7C00001D1FFF741FA0B990A9830AA01F0D4F859
:10F7D000FFF73AFA14600308246003082C00002A9B
:10F7E00001D1FEF7B4FF012801D1FFF7FDFB5CABAF
:10F7F0000993022800D14BE4099A07211300013B29
:10F800000993069B0B40099930330B700799490700
:10F810008C4665460699C80807990543C9080791AB
:10F820002900079806950143E6D1E10707D5302B5B
:10F8300005D03021099B013B1970931E0993099A49
:10F840005CAB1B969E1A002325000C931293139316
:10F850001193FFF70DF9C04670B505000C1E19D0C5
:10F86000002804D0436B002B01D1FDF7C1FA636E71
:10F87000DB0705D4A3899B0502D4A06DFDF77EFCB0
:10F880000C22A35E002B08D1636EDB0702D4A06DAF
:10F89000FDF775FC0026300070BD2100280000F047
:10F8A00037F8E36A0600002B06D02800E169984784
:10F8B000002801DA01267642A3891B0603D5280019
:10F8C0002169FDF7E9FC216B002908D023004033B2
:10F8D000994202D02800FDF7DFFC00232363616C0E
:10F8E000002904D02800FDF7D7FC00236364FDF74E
:10F8F0006FFA0023A381636EDB0702D4A06DFDF7CE
:10F900003EFCA06DFDF739FCFDF76AFAC3E7000085
:10F91000F7B50C228B5E05000C001A075ED480221E
:10F9200012011A438A814A68002A02DCCA6B002A43
:10F9300052DDA76A002F4FD0002280202E682A6057
:10F940001A004001E1690240034237D0226DA389C9
:10F950005B0706D56368D21A236B002B01D0E36BDB
:10F96000D21A00232800A76AE169B847431C06D1D0
:10F970002A681D2A4AD82C4B1341DB0746D40C2297
:10F98000A35E2A4A1A40A281002262602269226094
:10F99000DB0405D5431C02D12B68002B00D1206568
:10F9A000216B2E60002917D023004033994202D0EA
:10F9B0002800FDF771FC002323630DE001232800DC
:10F9C000B8470200431CC2D12B68002BBFD01D2BAF
:10F9D00001D0162B1AD12E6000201EE00E69002ED9
:10F9E000FAD00F680E60BA1B019200229B0700D16B
:10F9F0004A69A260019B002BEEDD636A32001F00A2
:10FA00002800019BE169B847002807DC402301205A
:10FA1000A289404213431BB2A381FEBD019B36184D
:10FA20001B1A0193E6E7C046FEFFBFDFFFF7FFFFAB
:10FA300070B505000C00002804D0436B002B01D1E9
:10FA4000FDF7D6F90C22A35E1E1E15D0626ED207FA
:10FA500004D49B0502D4A06DFDF790FB2100280083
:10FA6000FFF756FF636E0600DB0705D4A3899B05ED
:10FA700002D4A06DFDF783FB300070BD00487047D5
:10FA80009007002070B5074C074D641BA410002C94
:10FA900002D102F0DDF870BD013CA300EB5898479D
:10FAA000F5E7C0460C61030808610308C9B2821873
:10FAB000904201D10020704703788B42FBD0013087
:10FAC000F6E7000070B5140000252560104D4B00CE
:10FAD0000A005B08AB421AD81D00054317D00D4D34
:10FAE000294209D100220C4BD2F794FB36250A009B
:10FAF0004B006D425B082560084D1B155B1925689E
:10FB0000EB182360064B1A40064B1343190070BDD7
:10FB1000FFFFEF7F0000F07F0000504302FCFFFF7B
:10FB2000FFFF0F800000E03FF7B51C4F040038686E
:10FB3000160001930091FDF721FB194A1368002B71
:10FB400001D1184B13605A6838681F2A04DDFDF78D
:10FB500016FB01204042FEBD002C14D09100591824
:10FB60000F0088373E6001271E0097408536FF361C
:10FB70007568FC313D437560019DCD60022C02D15A
:10FB8000B1683943B160511C59600232009992004A
:10FB9000D150FDF7F4FA0020DDE7C046300900201F
:10FBA0008CBB012090BB01207FB514001A00094BCB
:10FBB00005001B680E00D868074B002C01D1074BCD
:10FBC0001C000749019302942B00009600F0C4FE2C
:10FBD00001F0D9FE0C080020346003086F600308B0
:10FBE00041600308F8B500240B0C160CA34233D176
:10FBF000A64221D18BB291B25943FBF73FFD051EBE
:10FC000032D00300083B5A6803239A43043A242A5B
:10FC100032D80300132A0AD90460446008331B2A2F
:10FC200005D98460C460242A21D003001033002247
:10FC30001A605A609A6018E0331C0D1C89B292B2A7
:10FC40009BB24A43ADB25D43110C69180B0C07D14E
:10FC5000090492B21143D0E7002E01D1151CEDE743
:10FC6000FDF760FA0C23036000252800F8BD0300AF
:10FC7000046118334461DAE70021FDF76CF9F4E719
:10FC8000F0B502690F6987B006000B0000200291F1
:10FC9000BA426DDB013FBC00143305931B1903937B
:10FCA000330014331C19019323680493039B0498B5
:10FCB0001D6801352900D0F74DFA049B0090AB4236
:10FCC0002BD3059B019D9C4600230593049362461C
:10FCD00008CA28689446009A99B25143059A1B0CA9
:10FCE0008918009A53430A0C9B181A0C89B2059282
:10FCF00082B2521A0499000C52189BB21114C31A02
:10FD00005B18191492B21B041A43039B049104C597
:10FD10006345DCD22368002B30D030000299FEF717
:10FD200063F9002823DB34000025029914341431D0
:10FD3000236801C902936B461B8982B29A1A029BFF
:10FD40005219000C1B0C1B1A10141B181D1492B214
:10FD50001B041A43039B04C48B42E9D2019ABB00E3
:10FD6000D3181A68002A13D0009B0133009300981F
:10FD700007B0F0BD2368002B04D1013F019B043C78
:10FD8000A342F7D33761C8E71A68002A04D1013FBC
:10FD9000019A043B9A42F7D33761E5E7F0B51400C6
:10FDA0001D00816B9DB00A940B95259E0390002940
:10FDB00009D00123C26B93404A608B60FDF7B2FE0D
:10FDC0000023039A9363002D1EDA012333606B0036
:10FDD0005B080B930B9FB64BB54A3B40934216D141
:10FDE000B44B249A13603B031B0B234301D100F057
:10FDF00085FDB14B269A0893002A02D0AF4B269A74
:10FE0000136008981DB0F0BD00233360E2E70A9A42
:10FE10000B9B129213931298139900220023D0F790
:10FE20001FFB061E0BD00123249A1360269B002B78
:10FE300002D0A34B269A1360A24B0893E1E71AABBA
:10FE400001931BAB00930398129A139BFEF7EEF9F4
:10FE50007A000590520D00D17BE0139B1896190390
:10FE6000994B090B0B43994957181298139919008C
:10FE70000022974BD2F796FC964A974BD2F7CAF9D5
:10FE8000964A974BD1F71EFA040038000D00D3F7BD
:10FE900083F8944A944BD2F7BDF902000B0020007E
:10FEA0002900D1F70FFA04000D00D3F739F800222A
:10FEB0000490002320002900D0F7D8FA00280BD0A6
:10FEC0000498D3F769F82B002200D0F7C9FA43420F
:10FED0005841049B1B1A049301231593049B162B72
:10FEE00010D812981399049A804BD2009B181A6864
:10FEF0005B68D0F7BBFA002847D0049B013B049312
:10FF00000023159300221A9B0692DB1B5A1E3ED536
:10FF10000122D31A069300230D93049B002B38DB98
:10FF2000049A0D9B944663440D93002314920F93FF
:10FF3000229B0124092B67D8052B02DD0024043BFA
:10FF40002293229B981E032867D8D0F7EFF82B3A0C
:10FF5000385B1B9B1A9EF618654BF218202A0FDDA2
:10FF600040239B1A9F40634B3800F318DC4020432A
:10FF7000D3F740F80122604B771ECB18189276E732
:10FF8000202320009B1A9840F2E71590BAE70D92C3
:10FF9000C3E7069B049A9B1A069353420F930023D0
:10FFA0001493C5E700231093239B0E930993002B12
:10FFB00013DC01231A000E93099323920DE0012311
:10FFC000F1E70023239A10939446049B63440E9315
:10FFD00001330993002B00DC0123002104221000CF
:10FFE000143098421DD9039B1800D963FDF772FDA8
:10FFF0000890002818D1B021404B4148089AFF31A1
:020000040803EF
:10000000FFF7D2FD0123DDE7002310942293013B8B
:100010000E93099300221333CFE701231093023B81
:10002000F6E701315200DAE7039B089A9A63099BCD
:100030000E2B00D9D7E0002C00D1D4E0049B002B7C
:1000400062DD0F21049A294B0A40D2009B181E68DA
:100050005F68049B02241D11DB050AD5294B0D4066
:100060001A6A5B6A12981399D1F790FC0A900B9167
:100070000134244B0C93002D08D10A980B993200BF
:100080003B00D1F783FC0A900B9158E001231D42FD
:1000900009D0E4180C9B30001A685B683900D2F76D
:1000A000B9F806000F000C9B6D100833E2E7C0465C
:1000B0000000F07F0F270000796003087C600308D0
:1000C00013600308126003080000F03F01FCFFFF0B
:1000D0000000F83F61436F63A787D23FB3C8608BCE
:1000E000288AC63FFB799F501344D33F185F03080B
:1000F0003204000012040000000010FE195E030824
:100100007D600308F05E0308049B0224002B16D0D8
:10011000129813990F225D422A40C34BD2009B18BC
:100120001A685B68D2F776F8012700230A900B91D2
:10013000BE4E2D11002D00D0BAE0002BA3D10A9E97
:100140000B9F159B002B00D1BDE000223000390031
:10015000B74BD0F78BF9002800D1B4E0099B002BF6
:1001600000D1B0E00E9B002B39DD049B0022013B47
:100170000C933000AF4B3900D2F74CF80A900B913A
:100180000E9B013420001193D2F706FF0A9A0B9BB5
:10019000D2F740F8A84B0022D1F794F8A74B0600FD
:1001A000CF18119B002B00D091E00A980B990022E8
:1001B000A34BD2F7F7FA32003B0004000D00D0F752
:1001C00069F9002800D0A1E2802109067B183200DD
:1001D00020002900D0F74AF9002800D044E1129B02
:1001E000139C0A930B941B9B002B00DA7BE1049A6F
:1001F0000E2A00DD77E18C4BD2009B185C681B68EF
:1002000006930794239B002B03DA099B002B00DC49
:100210001AE10A9E0B9F099B089D013B5B190A93FB
:10022000069A079B30003900D1F7B0FBD2F778FE71
:100230000990D2F7B1FE069A079BD1F7EBFF0200B7
:100240000B0030003900D2F7ADFA2B00099A0135C6
:1002500030321A700A9A2C009A4200D035E102001E
:100260000B00D1F72FF8069A079B06000F00D0F776
:1002700011F9002800D013E1069A079B30003900DD
:10028000D0F7EEF8002803D0099BDD0700D507E181
:1002900005990398FDF746FC00232370049B249ADC
:1002A00001331360269B002B00D1AAE51C60A8E552
:1002B0003D4205D032687368D1F7ACFF3B00013492
:1002C0006D10083636E7049B0C93099B5AE7119A88
:1002D000554B013AD20010999B181A685B680029A7
:1002E00050D000205749D1F751FB32003B00D2F7E4
:1002F00059FA089A060094460F00089B1693119B22
:10030000634411930A980B99D2F70AFE0500D2F7BD
:1003100043FE02000B000A980B99D2F743FA169B92
:1003200030350A900B9102005C1C1D7030000B00F0
:100330003900D0F7AFF800286CD10A9A0B9B002047
:100340003B49D2F72FFA02000B0030003900D0F7FA
:10035000A1F8002800D0A5E0119BA34200D13EE700
:10036000002230003900334BD1F754FF0022060041
:100370000F000A980B992F4BD1F74CFF16940A9057
:100380000B91BFE730003900D1F744FF089D119A67
:100390002B00944616901791634419930A980B9971
:1003A000D2F7BEFD0400D2F7F7FD0B0002000A9859
:1003B0000B99D2F7F7F93034199B2C7001350600F0
:1003C0000F00AB4229D116981799089B119C9C46A7
:1003D00000221C4B6444D0F775FF02000B00300074
:1003E0003900D0F757F800285CD1169A179B0020E7
:1003F0001449D2F7D7F902000B0030003900D0F7CA
:1004000035F8002800D1EAE62300013C2278302AA2
:10041000FAD01C000C9B04933AE70022054BD1F75D
:10042000F9FE0A900B91B9E7185F0308F05E030824
:100430000000F03F0000244000001C400000C0FC11
:10044000000014400000E03F099B002B0CD10698EF
:1004500007990022BE4BD1F7DDFE0A9A0B9BD0F71D
:1004600023F8002800D154E100263700239B089C84
:10047000DB430C930023049331000398FDF752FBF8
:10048000002FC7D0049B002B05D0BB4203D019001E
:100490000398FDF747FB39000398FDF743FBB9E7E5
:1004A000049B0C9323001C00013B1A78392A08D1C5
:1004B000089A9A42F7D10C9A089901320C9230228C
:1004C0000A701A7801321A70A4E70022A14BD1F702
:1004D000A1FE0022002306000F00CFF7C1FF002875
:1004E00000D19DE6D4E6109F0F9D069C002F14D0EE
:1004F000229A012A00DDC8E0189A002A00D1BEE045
:10050000954A9B18069A0121D21806920D9A0398D3
:10051000D3180D93FDF7F0FB0700002C0ED00D9BB8
:10052000002B0BDD0D9A2300944200DD1300069A88
:10053000E41AD21A06920D9AD31A0D930F9B002B30
:100540001FD0109B002B00D1B5E0002D10D039003A
:100550002A000398FDF79AFC059A0100070003980A
:10056000FDF7E2FB060005990398FDF7DBFA059617
:100570000F9B5A1BAB4204D005990398FDF786FCEC
:10058000059001210398FDF7B7FB149B0600002B93
:1005900000D1BDE11A0001000398FDF777FC229B12
:1005A00006000025012B16DC00250A9BAB420ED16C
:1005B0000B9B1B03AB420AD1684B0B9A134206D02C
:1005C000069B0135013306930D9B01330D93149B5C
:1005D0000120002B08D0336903339B00F3185868BF
:1005E000FDF73AFB2023181A0D9B181802001F2351
:1005F0001A40184265D001339B1A042B5DDD1C2381
:100600009B1A069AE418D21806920D9AD3180D93E5
:10061000069B002B05DD1A0005990398FDF778FC71
:1006200005900D9B002B05DD31001A000398FDF7A6
:100630006FFC0600159B002B45D031000598FDF797
:10064000D3FC00283FDA049B0A22013B0C93059956
:1006500000230398FDF770FA109B0590002B00D142
:100660005DE1002339000A220398FDF765FA0E9B2D
:100670000700002B55DC229B022B2DDC51E036239A
:100680001A9A0F9D069C9B1A3CE7099B5D1E0F9BC7
:10069000AB4208DB5D1B099B069C002B00DB31E7AE
:1006A000E41A00232EE70F9B149AEB1AD3180F9528
:1006B00014930025EFE70F9A5EE7042BA8D01C33B4
:1006C0009FE71300FBE7049B0C93099B0E93002B01
:1006D00023DC229B022B20DD0E9B002B00D0C5E6E5
:1006E000310005220398FDF727FA0600010005985E
:1006F000FDF77AFC002800DCB8E6089B089A5C1C31
:10070000312313700C9B01330C93B3E6119E370019
:10071000F3E7049B099E0C93F9E7109B002B00D193
:1007200001E1002C05DD390022000398FDF7F0FB04
:1007300007003800002D26D079680398FDF7CAF924
:10074000041E13D12200064B0648074958E4C04650
:100750000000144000002440330400000000F07F3B
:10076000195E03087D600308EF02000039003A6952
:100770000C31023292000C30FCF715FD01222100F1
:100780000398FDF7C5FB089B0E9A0693013B9B1847
:100790000122049707000F930A9B13400E93310028
:1007A0000598FFF76DFA049905000A900598FDF782
:1007B0001BFC3A000D9031000398FDF731FC01223B
:1007C000C368040030350992002B04D1010005985C
:1007D000FDF70AFC099021000398FDF7A3F9069B99
:1007E000099A5C1C229B13430E9A134309D1392D9D
:1007F00022D00D9B002B01DD0A9D3135069B1D701B
:100800003AE60D9B002B04DB229A13430E9A134306
:100810001ED1099B002BF1DD059901220398FDF7FC
:1008200077FB31000590FDF7DFFB002802DCE5D106
:10083000EB07E3D5392DDFD13923069A1370230056
:100840001C00013B1A78392A4FD001321A7013E686
:10085000099B002B03DD392DEED00135CEE7069B39
:10086000069A1D700F9B93422AD000230A220599F5
:100870000398FDF761F9049B0590BB4209D1002361
:100880000A2204990398FDF757F90490070006948B
:1008900085E7049900230A220398FDF74DF9002308
:1008A00004900A2239000398FDF746F9EEE70E9B03
:1008B0000124002B00DD1C00089B1C19002304935D
:1008C000059901220398FDF723FB31000590FDF700
:1008D0008BFB0028B3DC01D1ED07B0D423001C0052
:1008E000013B1A78302AFAD0C6E5089A9A42A7D175
:1008F0000C9B01330C9331231370BDE5144B269AE6
:100900000893144B002A01D0FFF779FAFFF779FA20
:10091000229B012B00DC47E60120149D64E60E9B20
:10092000002B00DCD5E6002431000598FFF7A8F97C
:10093000089B303018550E9B013405009C42B6DAF6
:1009400000230A2205990398FDF7F6F80590EBE7D6
:1009500070600308786003080EB417B5054C05AB4A
:1009600004CB01002068019300F0C0F81EBC08BC55
:1009700003B018470C080020F0B5136887B01700C3
:100980000393936800220C00160005900292934294
:100990000BD1002000237B6007B0F0BD039B1B68D8
:1009A0000293039B5E6808330393A5682368002EB7
:1009B000F4D0AE4232D30C21625E9021C9000A42CB
:1009C0002CD0032021695B1A049363694343D80F39
:1009D000C3185B100193049B019801339B19834258
:1009E00000D90193520530D501990598FAF746FED2
:1009F000051E34D0049A2169FCF7D5FBA2891E4B51
:100A00001A4080231343A381049B2561ED182560C0
:100A10003500019B049A63619B1AA360B54200D91B
:100A200035002A0002992068FCF782FAA3685B1B54
:100A3000A36023685B192360029B9B190293BB6828
:100A40009B1BBB60A5D00026AFE7019A0598FBF77A
:100A500059F8051ED8D121690598FCF71DFC0C2317
:100A6000059A01201360A28934331343A381002324
:100A70004042BB608EE7C0467FFBFFFFF0B5936846
:100A800085B001900D001400181E08D04B6E9B0419
:100A900027D51668A068002805D10023A36000238D
:100AA000636005B0F0BD002733680293736800935C
:100AB0009B080393039BBB4208DC0323009A083680
:100AC0009A431300A268D31AA360E3E70299BB001C
:100AD000C9582A00019800F02DFF431CDDD00137D2
:100AE000E8E7019800F030FDD7E70000F0B5C1B0AD
:100AF0001C001D00069004910792002804D0436B4F
:100B0000002B01D1FCF774F9049B5B6EDB0707D463
:100B1000049B9B899B0503D4049B986DFCF72EFBDB
:100B2000049B0C229A5E80239B011A4207D1134337
:100B3000049A9381536EA74A1340049A5366049B08
:100B40009B891B0703D5049B1B69002B18D10499B3
:100B5000069800F053FE002812D0049B5B6EDB0762
:100B600005D501235B420893089841B0F0BD049B72
:100B70009B899B05F5D4049B986DFCF700FBF0E77F
:100B8000049B0C229B5E1A221A400A2A16D1049A50
:100B90000E21525E002A11DB049A526ED20705D450
:100BA0009B0503D4049B986DFCF7E9FA2300079A90
:100BB0000499069800F084FC0890D5E7002317AE4E
:100BC00014961693159303960C930D930E930F930F
:100BD0000893079C2378002B02D0252B00D087E0B8
:100BE000079BE71A9C4210D0039A1360169B57602C
:100BF000DB191693159B01331593072B7ADC130031
:100C000008330393089BDB1908932378002B01D149
:100C100000F011FC002212A9CA700121631C14000B
:100C20004942059109925A1C1B78079218002038F6
:100C30005A2800D95CE3CFF783FAA0005B035B037B
:100C4000A9005B035B035B0385005B035B03AB00F5
:100C5000B3005B03B100B7005B03DC00DE00DE0025
:100C6000DE00DE00DE00DE00DE00DE00DE005B0314
:100C70005B035B035B035B035B035B035B035B0384
:100C80000601EA015B035B035B035B035B035B033E
:100C90005B035B035B035B0341025B035B035B037F
:100CA0007A025B0394025B035B03C2025B035B0398
:100CB0005B035B035B035B035B035B035B035B0344
:100CC0000601EC015B035B035B03EF00EC01020137
:100CD0005B03FB005B03260243026E0202015B031F
:100CE0007A02A70096025B035B0367005B03A70021
:100CF00001346FE70499069814AAFFF7BFFE002895
:100D000000D073E317AB7CE7334A20000C9220221B
:100D10001040144200D154E2193A0735954306CDEC
:100D200000910192E20709D5009A01990A4305D082
:100D300013AA30215370022311701C43274B1C400F
:100D40000223CBE10698FEF799FE436818000F9343
:100D5000CFF7E4F90E900698FEF790FE83680D93A6
:100D60000E9B002B10D00D9B002B0DD01B78002B61
:100D70000AD08023DB001C4306E012ABDA78033391
:100D8000002A01D120321A70079B4CE70123F2E7B9
:100D900008CD0993002BF7DA5B4209930423EAE7B5
:100DA0002B2212ABDA70EFE7079B5A1C1B782A2B19
:100DB00016D000210A20059119003039079209291F
:100DC00000D933E7059B43435B1805931378013241
:100DD000F2E7C046FFDFFFFFF05F0308FFFBFFFF06
:100DE00008CD0593002B02DA01235B42059307929D
:100DF000CAE78023BFE70021079A09910A310998C1
:100E0000303B48431B1809931378013218003038DF
:100E10000928F4D9079209E7079B1B78682B05D1AD
:100E2000079B0133079380239B00A4E74023A2E79D
:100E3000079B1B786C2B04D1079B0133079320235E
:100E400099E7102397E704CD27AB1A70002212A967
:100E5000CA7001211E0005910B920B9B059A0A9303
:100E6000934200DA0A9212AB03331B785A1E934165
:100E70000A9AD3180A9302232340109302231C4298
:100E800002D00A9B02330A93842322001A40119253
:100E90001C4221D1099B0A9A9F1A002F1CDD169B28
:100EA00003999C46CB48159B039A01330831106087
:100EB000102F00DD29E257606744169715930391C0
:100EC000072B09DD0499069814AAFFF7D7FD00281F
:100ED00000D08BE217AB039312A9C878169A159B22
:100EE000033100280DD0039801330160012152180D
:100EF000416016921593072B00DD19E203000833B9
:100F000003931099169A159B00290ED0039813A9E4
:100F10000160022101335218416016921593072B8C
:100F200000DD0EE2030008330393119B802B21D1D7
:100F3000099B0A9A9F1A002F1CDD169B03999C4659
:100F4000A548159B039A013308311060102F00DD6E
:100F500000E257606744169715930391072B09DD4C
:100F60000499069814AAFFF789FD002800D03DE2F5
:100F700017AB03930B9B059A9F1A002F1CDD169B42
:100F800003999C469448159B039A013308311060DD
:100F9000102F00DDF1E15760674416971593039118
:100FA000072B09DD0499069814AAFFF767FD0028AE
:100FB00000D01BE217AB0393039A059B16605360A6
:100FC000169B059A9B181693159B01331593072BB7
:100FD00000DDE5E1039E0836640700D5E9E1099BE1
:100FE0000A9A934200DA1300089AD3180893169BC2
:100FF000002B07D00499069814AAFFF73FFD00289C
:1010000000D0F3E10023159317AB0393E1E5102320
:101010001C43A30628D5072307359D430CCD00921A
:101020000193019A0123002A09DA009E019F002200
:101030007142BA41009101922D2112AAD1700199F9
:10104000009A0A430599013100D102E2802127006C
:101050008F43002A00D000E2059A002A00D13DE12A
:10106000012B00D0FCE1D8E008CDE20603D50093C7
:10107000DB170193D5E7620601D51BB2F7E7A2059E
:10108000F5D55BB2F3E7A30606D52B68089A1A607C
:10109000D2175A6004359CE5E30603D52B68089AFD
:1010A0001A60F7E7630603D52B68089A1A80F1E700
:1010B000A405F3D52B68089A1A70EBE710231C439C
:1010C0002023200018401C420BD0193B07359D43BC
:1010D0000CCD00920193414B1C400023002112AA29
:1010E000ACE71022210008CD1140144202D0009339
:1010F0000190F0E7402220001040144203D09BB240
:1011000000930191E7E780222100920011401442F0
:10111000F6D0DBB2EBE708CD31490093002313AAE8
:101120001180304A019302331C430C92D6E700270A
:1011300008CD1E0012ABDF70059B01330CD03900C7
:101140003000059AFEF7B2FC0B90B84200D184E65D
:10115000831B05930B9780E63000CEF7DFFF0590E9
:10116000F8E710231C432023200018401C4207D01E
:10117000193B07359D430CCD009201930123ADE748
:101180001023210004CD19401C4203D0009201908D
:101190000F3BA3E74023200018401C4203D093B22A
:1011A00000930191EAE7802321009B0019401C4233
:1011B00003D0D3B200930190E0E70092F1E70A4A2E
:1011C000A3E51021270004CD0F400C420ED0009261
:1011D0000190A7E5E5600308D5600308FFFBFFFF6A
:1011E00030780000F05F0308016003084021200010
:1011F00008400C4203D092B20092019792E5802100
:10120000270089000F400C42F6D0D2B2DFE7019BE5
:10121000002B0BD1009B092B08D8009B3033DBB28D
:10122000B72212A952181600137040E140AB1E00FD
:1012300080230024DB003B400A930A220098019996
:101240000023CFF775F933003032013B1E001A70CE
:101250000A9B0B9010910134002B1AD00D9B1B7828
:10126000A34216D1FF2C14D0019B002B02D1009B6E
:10127000092B0ED90E9A0F99B31A18001E00FBF70E
:101280009EFE0D9B00245B785A1E93410D9AD31845
:101290000D93019B002B03D1009B092B00D806E185
:1012A0000B9B0093109B0193C7E740AB1E000F20E0
:1012B0003300013B1E00009B0C9A0340D35C33704B
:1012C000019B1907009B1A09019B11431B090193FC
:1012D0000B00019A00911343EAD1E8E040AA1600FE
:1012E000002B00D0E3E0E40700D4E0E0303397E7E0
:1012F000002B00D19FE027AA1370002312A9CB7006
:101300000121160005910B93A7E51020506062465D
:10131000121816921593072B07DD0499069814AA44
:10132000FFF7ACFB002861D117A9103F0391B6E588
:101330000499069814AAFFF7A1FB002856D117AB11
:10134000DEE50499069814AAFFF798FB00284DD112
:1013500017ABE9E5102050606246121816921593FB
:10136000072B07DD0499069814AAFFF787FB0028CE
:101370003CD117A9103F0391DFE510205060624671
:10138000121816921593072B07DD0499069814AAD4
:10139000FFF774FB002829D117A9103F0391EEE550
:1013A0000499069814AAFFF769FB00281ED117AE0E
:1013B00012E6099B0A9A10279C1A002C00DC0EE604
:1013C00015993E4A169B01313260102C22DC746064
:1013D000E41816941591072900DC00E60499069894
:1013E00014AAFFF74BFB002800D1F8E5049B5B6EC5
:1013F000DB0707D4049B9B899B0503D4049B986D52
:10140000FBF7BDFE049B9B895B0601D4FFF7ACFB99
:10141000FFF7A7FB1033776016931591083607295D
:1014200007DD0499069814AAFFF728FB0028DDD1F0
:1014300017AE103CC4E7169B002B02D10023159376
:10144000D4E70499069814AAFFF718FB0028F5D0F2
:10145000CCE72700002A00D102E6012B00D1D6E616
:10146000022B00D121E740AB1E0007239C4633002E
:10147000013B32001E00634600990B400199303356
:101480004C0700993370C80801990443C9080191B9
:101490002100019800940143E9D1F90707D5302BC9
:1014A00005D033003021013B1970931E1E00059BAF
:1014B0003C000B9340AB9B1B0593CEE4E560030817
:1014C000F0B5150002221E4C1F008B89A5449343E2
:1014D0006A4693814B6E06001993CB8916A8D38177
:1014E000CB690C0007934B6A09931AAB00930493E2
:1014F0008023DB000293059300230693FBF73CFE59
:101500002A003B0069463000FFF7F0FA051E07DBB2
:1015100069463000FEF78CFA002801D001256D42A3
:101520006B469A8940231A4202D0A2891343A381B1
:101530001698FBF722FE2800024B9D44F0BDC046E2
:1015400094FBFFFF6C040000F0B5936887B00C00BB
:1015500002900492002B02D1002007B0F0BD8B89CD
:101560001B0756D50B69002B53D0049B1B680193B6
:101570000C22A35E02221E00164013426FD10122EC
:1015800001211A400B4200D1A2E03000370003963F
:10159000002F00D10AE100280AD13A000A2103985D
:1015A000FEF784FA7E1C002802D0039B0130C61A85
:1015B0000596BE4200D9059720682269A56863692F
:1015C000904200D8FBE0059AED18AA4200DCF6E054
:1015D00003992A00FBF7ACFC236821005B190298F1
:1015E0002360FEF725FA00286DD10120761B05D176
:1015F00021000298FEF71CFA002864D1039B049A8C
:101600005B190393049B7F1B9B685B1B9360BFD19B
:10161000A2E72100029800F0F1F80028A5D00120EF
:1016200040429AE7019B1E685D6808330193676A30
:10163000E169002DF6D06E4A2B00954200D91300C7
:1016400032000298B84700283DDD049B049A9B684D
:1016500036181B1A2D1A9360002BE8D17CE7002660
:101660003500E4E7019B1B680393019B5D68083329
:1016700001930C22A35E2068A668002DF2D0802280
:101680009200134262D0AE4237D89022D200134269
:1016900033D02169421A0320059262694243D70F71
:1016A000BF18059A7F1001325219BA4200D91700AB
:1016B0005B053CD539000298F9F7E0FF061E0AD118
:1016C0000C23029A13604023A2891343A381A6E747
:1016D00015000392CDE7059A2169FBF764FDA28905
:1016E000444B1A4080231343A381059B2661F618BF
:1016F00026602E006761FF1AA7602F00AE4200D956
:101700002E00320003992068FBF712FCA3689B1B94
:10171000A36023689B192360039B049ADB1903933E
:10172000049BED1B9B68DB1B9360A2D114E73A007E
:101730000298FAF7E7F9061ED7D121690298FBF75C
:10174000ABFD8022A3899343A381B9E72369834238
:1017500002D36769AF4216D9AE4200D92E003200DB
:101760000399FBF7E5FBA36822689B1B92193700DE
:10177000A3602260002BCFD121000298FEF758F918
:101780000028C9D09FE7802328001B069D4200D374
:1017900019483900CEF768FD3B00666A4343039A57
:1017A000E1690298B047071EB6DC8CE7019B002078
:1017B0001B680393019B5F6808330193E8E6059A71
:1017C000934208DC656A039AE1690298A847051EFE
:1017D00000DD0AE777E7059A0399FBF7A9FB059A6D
:1017E000A36815009B1AA36023689B182360FCE67E
:1017F00000FCFF7F7FFBFFFFFFFFFF7F2D4B70B5DE
:10180000050018680C00002804D0436B002B01D1A0
:10181000FBF7EEFA0C23E25E130723D4D30607D4BA
:1018200009232B60402301201343A38140423AE067
:10183000520713D5216B002908D023004033994269
:1018400002D02800FBF728FD002323632422A3896C
:101850009343A38100236360236923600823A28943
:101860001343A3812369002B0BD1A0218022A389DC
:10187000890092000B40934203D02100280000F021
:10188000CDF80C23E25E012113000B400A420BD07D
:101890000023A36063695B42A36100202369834244
:1018A00001D11306BED470BD910700D46369A36053
:1018B000F3E7C0460C080020F0B585B00E00140018
:1018C0000190FBF7C7FB0500012819D1731EFE2B01
:1018D00016D802AB1E710027AF4221D003ABD95DF1
:1018E000A368013BA360002B04DAA26993421ADBD0
:1018F0000A2918D023685A1C226019700137EBE7B7
:101900002300320001985C3303A900F043F805007E
:10191000431CE0D14023A2891343A38101267642D0
:10192000300005B0F0BD2200019800F0B9F8013098
:10193000E4D1F3E7536E70B505000E001400DB0729
:1019400005D493899B0502D4906DFBF717FC0C23FB
:10195000E25E80239B011A4204D11A43A281626E87
:1019600013436366280022003100FFF7A5FF636E72
:101970000500DB0705D4A3899B0502D4A06DFBF706
:10198000FEFB280070BD062010B500F005F901200F
:1019900000F056F97FB51D00084B04001E682B00AF
:1019A000002901D10A0001A92000B047431C03D13E
:1019B00000232B608A33236004B070BD80070020B1
:1019C00070B50E001D000E23C95E140096B00029EC
:1019D00009DAB2898023110019401A4218D18023F4
:1019E000DB00080010E06A4600F0E0F80028F0DBB9
:1019F000F02301991B021940074B8020C9184B4264
:101A0000594180230001DB002960236016B070BDBE
:101A100000214023E5E7C04600E0FFFFF0B50226C5
:101A20008B8905000C0085B0334207D02300433377
:101A3000236023610123636105B0F0BD03AB02AAFB
:101A4000FFF7BEFF029F019039002800F9F716FE4C
:101A5000002808D10C22A35E9A05EDD403229343FB
:101A60001E43A681E2E78023A28920601343A3815D
:101A7000039B20616761002B0CD028000E23E15EE0
:101A800000F0A6F8002805D00323A2899A43023B60
:101A90001343A381A389019A1343A381CCE70000D8
:101AA000F8B506000D001400002804D0436B002B8D
:101AB00001D1FBF79DF9A369A360A3891B0702D598
:101AC0002369002B09D121003000FFF797FE002881
:101AD00003D001256D422800F8BD0C23E25E80236F
:101AE0009B01EFB2EDB21A4205D11343A381134A11
:101AF000636E1340636623692068C01A636983427A
:101B000005DC21003000FDF793FF0028E1D1A36838
:101B10000130013BA36023685A1C22601F70636977
:101B2000834204D0A389DB07D5D50A2DD3D1210068
:101B30003000FDF77DFF0028CDD0CAE7FFDFFFFFB3
:101B400070B504000D001F2904D91623036001207D
:101B5000404270BD0300FC33DB69002B04D08A00D7
:101B60009B181A68002A08D1200000F055F82A00B6
:101B70000100200000F03EF8EBE7012A09D0511CDB
:101B800003D1162303600120E3E700212800196038
:101B900090470020DDE7000010B5034B01001868F6
:101BA000FFF7CEFF10BDC0460C080020002370B523
:101BB000064D0400080011002B60F9F721FD431CBD
:101BC00003D12B68002B00D0236070BD84BB0120A3
:101BD000002370B5064D040008002B60F9F701FDE5
:101BE000431C03D12B68002B00D0236070BDC0467E
:101BF00084BB0120002370B5064D040008001100CD
:101C00002B60F9F7E3FC431C03D12B68002B00D0B9
:101C1000236070BD84BB012010B5F9F7EBFC10BD4B
:101C2000054A03001168002901D1044911601068B8
:101C3000C31813607047C04620BD012028BD012095
:101C4000FEE70000F8B5C046F8BC08BC9E467047E9
:101C5000F8B5C046F8BC08BC9E46704700000000BE
:101C600001B40248844601BC604700BF350900202A
:101C7000081C3044586C8000000000000000483010
:101C8000315230005030315230004832335230003F
:101C900048323352310048323352330048303752E1
:101CA0003300483038523600503038523600483011
:101CB00039523000483039523900483142523600EA
:101CC00048313252300048313352370048304652A2
:101CD00031004830465236004830465237004831CD
:101CE00041523200483041523900483144523100AB
:101CF000483144523500483042523400483138525D
:101D000030004832365230004831355230004831C8
:101D10003052340048324152330048343152360098
:101D20004833425236004831385231004831465229
:101D30003500483342523200483231523200483185
:101D40003752310048313552380048324252300063
:101D50004830355230004833425237004832425200
:101D60003100483037523800483038523700483157
:101D70003652360050303852370048313952300030
:101D80000000000000000000000000006D65000081
:101D9000616C6C0069660000666F72004D6F6E6466
:101DA0006179000054756573646179005765646EEC
:101DB00065736461790000005468757273646179B9
:101DC0000000000046726964617900005361747517
:101DD000726461790000000053756E6461790000DF
:101DE0004A616E00466562004D617200417072008A
:101DF0004D6179004A756E004A756C004175670047
:101E0000536570004F6374004E6F76004465630045
:101E10000D0A424F532E726573706F6E73653A20D0
:101E2000616C6C2C206D6573736167652C20636C2D
:101E3000692C206E6F6E650D0A0000000D0A424F7E
:101E4000532E74726163653A20616C6C2C206D6551
:101E500073736167652C20726573706F6E73652C88
:101E6000206E6F6E650D0A00424F532E636C6962DF
:101E7000617564726174653A20434C4920626175F2
:101E800064726174652E2044656661756C742069A6
:101E900073203932313630302E2054686973206116
:101EA00066666563747320616C6C20706F72747306
:101EB0002E20496620796F75206368616E67652002
:101EC000746869732076616C75652C202020202051
:101ED00020202020202020796F75206D75737420BC
:101EE000636F6E6E65637420746F206120434C498C
:101EF00020706F7274206F6E206561636820737448
:101F0000617274757020746F20726573746F72657E
:101F1000206F7468657220417272617920706F72EF
:101F2000747320696E746F2064656661756C7420CB
:101F300062617564726174650D0A0000424F532E30
:101F40006465626F756E63653A2031202E2E2E2EE9
:101F50002E2E2E2E2E2E2E2E203635353336206D5B
:101F60007365630D0A000000424F532E73696E675C
:101F70006C65636C69636B74696D653A2031202E02
:101F80002E2E2E2E203635353336206D7365630D9B
:101F90000A000000424F532E6D696E696E746572BF
:101FA000636C69636B74696D653A2031202E2E2E47
:101FB00020323535206D7365630D0A00424F532E74
:101FC0006D6178696E746572636C69636B74696D59
:101FD000653A2031202E2E2E20323535206D736546
:101FE000630D0A000A0D54686973206D6F64756C87
:101FF000652077696C6C20626520666F726365642A
:1020000020696E746F20626F6F746C6F61646572AB
:10201000206D6F64652E0A0D506C656173652075C7
:10202000736520746865202253544D20466C61739B
:1020300068204C6F616465722044656D6F6E7374C7
:102040007261746F7222200909097574696C697470
:102050007920746F207570646174652074686520E0
:102060006669726D776172652E0A0D0A092A2A2A3D
:1020700020496D706F7274616E74202A2A2A0A0DCD
:1020800049662074686973206D6F64756C6520699A
:102090007320636F6E6E6563746564206469726536
:1020A00063746C7920746F20504320706C65617389
:1020B0006520636C6F7365207468697320706F723C
:1020C000742066697273742E0A0D00000A0D4D6F3C
:1020D00064756C652025642077696C6C20626520CE
:1020E000666F7263656420696E746F20626F6F74CF
:1020F0006C6F61646572206D6F64652E0000000076
:102100000A0D506C65617365207573652074686590
:10211000202253544D20466C617368204C6F6164DB
:1021200065722044656D6F6E73747261746F722294
:10213000207574696C69747920746F20757064619E
:10214000746520746865206669726D776172652EAA
:102150000909090A0D0A092A2A2A20496D706F7295
:1021600074616E74202A2A2A0A0D2D204966207473
:10217000686973206D6F64756C6520697320636F87
:102180006E6E6563746564206469726563746C79EE
:1021900020746F20504320706C6561736520636C00
:1021A0006F7365207468697320706F72742066693C
:1021B0007273742E0A0D0909092D20596F75206D4F
:1021C00075737420706F776572206379636C652016
:1021D00074686520656E74697265204172726179F8
:1021E000206166746572207468652075706461741E
:1021F000652069732066696E69736865642E0A0DCF
:10220000000000000A0D52656D6F746520757064E2
:1022100061746520766961206D6F64756C65202539
:10222000642C20706F7274205025642077696C6C68
:10223000206265207472696767657265642E0000AC
:102240003D0000003E0000003C0000003E3D00005C
:102250003C3D0000213D00000A0D284D6F64756C67
:10226000653A506F7274290909000000502564090D
:10227000000000000A0A0D004D6F64756C65202592
:10228000643A0900090000002564090025643A2524
:10229000640900000A0D00000A0000000A0D5468DD
:1022A00065736520706F727473206172652072654A
:1022B0007665727365643A000A0D4D6F64756C65DE
:1022C000202564203A205025640000000A0A0D41B0
:1022D0006C6C206F7468657220706F72747320610B
:1022E0007265206E6F726D616C0A0D000A0D2A2AEC
:1022F0002A204D6F64756C652025642053746174C9
:102300007573202A2A2A0A000A0D436F6E6E6563D0
:102310007465642076696120706F72743A2050256C
:10232000640A0D000A0D4669726D77617265207648
:10233000657273696F6E3A2025642E25642E2564BC
:1023400000000000417072203233203230323500FC
:102350000A0D4669726D7761726520646174653A31
:10236000202020202573000031353A31343A3030B6
:10237000000000000A0D4669726D77617265207475
:10238000696D653A2020202025730A0D00000000A9
:102390000A0D506F727473205374617475733A0A26
:1023A0000A0D00005025643A200000004672656561
:1023B0000A0D0000526563656976696E67206D6578
:1023C0007373616765730A0D0000000053747265D2
:1023D000616D696E670A0D00526563656976696EA5
:1023E00067207573657220636F6D6D616E64730A2B
:1023F0000D000000436F6E6E656374656420746F3A
:10240000206120627574746F6E2F737769746368CE
:102410000A0D00000A0D444D412053747265616D30
:1024200073205374617475733A0A0D000A0D537466
:102430007265616D696E6720444D41202564206995
:1024400073206672656500000A0D53747265616DD4
:10245000696E6720444D41202564206973207374A0
:102460007265616D696E672066726F6D20502564BC
:1024700020746F20502564000A0D54686573652030
:10248000706F727473206172652072657665727305
:1024900065643A2000000000502564200000000020
:1024A0004E6F6E6500000000125B0008205B0008A4
:1024B0002E5B00083C5B00084A5B00086D6500006D
:1024C000616C6C00E66500087462000890620008A8
:1024D000AE620008DC6200080A6300084A63000874
:1024E0008A63000874620008F86500084464000804
:1024F0006464000886640008B8640008EA640008A0
:102500002E650008726500084464000825732025C4
:102510003032642F253032642F25303464000000BF
:10252000253032643A253032643A25303264000076
:10253000081C3044586C80000A0D0A0D3D3D3D3D9D
:102540003D3D3D3D3D3D3D3D3D3D3D3D3D3D3D3DBB
:102550003D3D3D3D3D3D3D3D3D3D3D3D3D3D3D3DAB
:102560003D3D3D3D3D3D3D3D3D3D3D3D3D3D3D3D9B
:102570000920202020200A0D3D3D3D3D3D3D3D3DB3
:102580003D3D3D3D3D3D3D3D3D3D3D3D3D3D3D3D7B
:102590003D3D3D3D3D3D3D3D3D3D3D3D3D3D3D3D6B
:1025A0003D3D3D3D3D3D3D3D3D3D3D3D09202020E6
:1025B00020200A0D7C7C202020202020202020208C
:1025C000202057656C636F6D6520746F20426974BD
:1025D0007A4F5320434C49212020202020202020C6
:1025E0002020202020207C7C0909200A0D7C7C20D2
:1025F00020202020202028432920434F5059524991
:1026000047485420484558414249545A20323031B5
:10261000372D323032352E20202020202020207CE3
:102620007C0920202020200A0D7C7C2020202020D6
:10263000202020202020202020202020202020209A
:10264000202020202020202020202020202020208A
:1026500020202020202020202020207C7C090920F0
:102660000A0D7C7C202020202020506C6561736541
:1026700020636865636B207468652070726F6A659B
:10268000637420776562736974652061742020200B
:10269000202020207C7C0909200A0D7C7C20202021
:1026A00020202020202020202020687474703A2FC1
:1026B0002F686578616269747A2E636F6D2F2020B0
:1026C000202020202020202020202020207C7C0969
:1026D00020202020200A0D7C7C202020202020206B
:1026E00020202020202020202020202020202020EA
:1026F00020202020202020202020202020202020DA
:102700002020202020202020207C7C092020202028
:10271000200A0D7C7C202020547970652068656C2F
:102720007020666F722061206C697374206F662060
:10273000617661696C61626C6520636F6D6D616E5D
:1027400064732E20207C7C0920202020200A0D3D4F
:102750003D3D3D3D3D3D3D3D3D3D3D3D3D3D3D3DA9
:102760003D3D3D3D3D3D3D3D3D3D3D3D3D3D3D3D99
:102770003D3D3D3D3D3D3D3D3D3D3D3D3D3D3D3D89
:102780003D3D3D0920202020200A0D3D3D3D3D3DA1
:102790003D3D3D3D3D3D3D3D3D3D3D3D3D3D3D3D69
:1027A0003D3D3D3D3D3D3D3D3D3D3D3D3D3D3D3D59
:1027B0003D3D3D3D3D3D3D3D3D3D3D3D3D3D3D097D
:1027C00020202020200A0A0D000000000D0A000031
:1027D0000D0A5B507265737320454E544552207448
:1027E0006F20657865637574652074686520707204
:1027F0006576696F757320636F6D6D616E642061BE
:102800006761696E5D0D0A3E00000000436F6E6EE9
:10281000656374656420746F206D6F64756C6520EA
:10282000256420282573292C20706F727420502570
:10283000642E0A0A0D3E0000696620000A43616E9C
:102840006E6F742073746F7265206D6F72652043B4
:102850006F6D6D616E6420536E6970706574732E58
:1028600020506C656173652064656C6574652065D6
:1028700078697374696E67206F6E657320616E642A
:102880002074727920616761696E2E0A0D00000064
:10289000656E642069660000000000000A436F6EE8
:1028A000646974696F6E616C2073746174656D65C1
:1028B0006E7420616363657074656420616E64206A
:1028C000616464656420746F20436F6D6D616E6434
:1028D00020536E6970706574732E0A0D000000003D
:1028E000626F730057726F6E67206D6F64756C65F1
:1028F000206E616D652120506C6561736520747276
:102900007920616761696E2E0A0D000057726F6E43
:1029100067206D6F64756C652049442120506C659B
:102920006173652074727920616761696E2E0A0D8A
:1029300000000000436F6D6D616E642062726F6114
:102940006463617374656420746F20616C6C0A0D3C
:102950000000000025734D756C7469636173742009
:10296000436F6D6D616E6420666F7277617264652E
:102970006420746F2067726F75702025730A0D00D4
:102980007570646174650000436F6D6D616E6420E5
:10299000666F7277617264656420746F204D6F6436
:1029A000756C652025640A0D0000000025734D6FCD
:1029B00064756C65202564206973206E6F742072C5
:1029C0006561636861626C652E0A0D00636C696302
:1029D0006B656400646F75626C6520636C69636B22
:1029E00065640000200000007C750008C8740008C1
:1029F000DE740008F47400081A75000830750008C9
:102A000056750008081C3044586C80003D3D003E5F
:102A100000003C00003E3D003C3D00213D00000028
:102A200072756E2D74696D652D7374617473000019
:102A300072756E2D74696D652D73746174733A0DC2
:102A40000A20446973706C61792061207461626C42
:102A5000652073686F77696E6720686F77206D7582
:102A600063682070726F63657373696E6720746941
:102A70006D652065616368204672656552544F53E9
:102A8000207461736B2068617320757365640D0A2F
:102A90000D0A0000202A0308302A03087179000873
:102AA000000000007461736B2D7374617473000017
:102AB0007461736B2D73746174733A0D0A204469E9
:102AC00073706C61792061207461626C6520736839
:102AD0006F77696E67207468652073746174652010
:102AE0006F662065616368204672656552544F5376
:102AF000207461736B0D0A0D0A000000A42A0308FC
:102B0000B02A0308317900080000000070696E6780
:102B10000000000070696E673A0D0A2050696E6708
:102B20002061206D6F64756C650D0A0D0A00000050
:102B30000C2B0308142B0308B179000800000000D7
:102B400075706461746500007570646174653A0D38
:102B50000A2050757420746865206D6F64756C650B
:102B600020696E20666163746F727920626F6F7482
:102B70006C6F61646572206D6F646520746F207581
:102B8000706461746520697473206669726D776121
:102B900072652E0D0A0A09090909090920202D204C
:102BA0005573652027236E2E757064617465272028
:102BB000746F207570646174652072656D6F7465E3
:102BC000206D6F64756C65206E2E204D616B6520E5
:102BD00073757265207468652070726F6772616DBD
:102BE0006D696E6720706F727420697320746865F8
:102BF00020696E636F6D696E6720706F7274206FED
:102C0000662074686973206D6F64756C652E0D0A9B
:102C100009090909090920202D2055736520277508
:102C200070646174652076696120236E2070782756
:102C300020746F2075736520746865205354204696
:102C40006C617368204C6F6164657220746F6F6C87
:102C50002077697468206D6F64756C65206E2C2018
:102C6000706F7274207820746F2075706461746561
:102C70002061206E65696768626F72206D6F647590
:102C80006C652E20546869732069732075736566BE
:102C9000756C2069662009090909090909746172BE
:102CA000676574206D6F64756C65206973206E6F45
:102CB000742070617274206F662074686520746F70
:102CC000706F6C6F6779206F722069662070726F09
:102CD0006772616D6D696E6720706F7274206973C1
:102CE000206E6F7420696E207468652073686F723F
:102CF00074657374207061746820746F20746172DD
:102D0000676574206D6F64756C652E0D0A0D0A0081
:102D1000402B0308482B03084D7A0008FF000000F1
:102D20006578706C6F7265006578706C6F72653A6B
:102D30000D0A204578706C6F72652074686520619B
:102D40007272617920616E64206275696C642069B9
:102D5000747320746F706F6C6F67790D0A0D0A00C1
:102D6000202D0308282D03084D7C000800000000DA
:102D7000726573657400000072657365743A0D0ABC
:102D800020526573657420746865206D6F64756C7E
:102D9000650D0A0D0A000000702D0308782D030848
:102DA000457D0008000000006E616D6500000000B8
:102DB0006E616D653A0D0A204E616D65207468651F
:102DC000206D6F64756C65207769746820616E2072
:102DD000616C6961732028317374207061722E29CF
:102DE0000D0A0D0A00000000A82D0308B02D0308ED
:102DF000557D00080100000067726F7570000000CB
:102E000067726F75703A0D0A2047726F7570206D8A
:102E1000756C7469706C65206D6F64756C6573207A
:102E200028326E642B207061722E2920696E746FB7
:102E30002061206E6577206F7220657869737469F0
:102E40006E672067726F757020283173742070610F
:102E5000722E290D0A0D0A00F82D0308002E030812
:102E60003D7E0008FF0000007374617475730000FC
:102E70007374617475733A0D0A20446973706C61E0
:102E800079206D6F64756C65207374617475730D52
:102E90000A0D0A00682E0308702E03083981000805
:102EA00000000000696E666F00000000696E666FCA
:102EB0003A0D0A20446973706C6179206172726105
:102EC0007920696E666F726D6174696F6E0D0A0D9F
:102ED0000A000000A42E0308AC2E03085581000848
:102EE000000000006164642D627574746F6E0000F0
:102EF0006164642D627574746F6E3A0D0A204465C6
:102F000066696E65206120627574746F6E206174ED
:102F1000206F6E65206F6620746865206172726133
:102F20007920706F7274732E20427574746F6E20E6
:102F3000747970652028276D6F6D656E7461727984
:102F40002D6E6F272C20276D6F6D656E7461727901
:102F50002D6E63272C20276F6E6F66662D6E6F2790
:102F60002C20276F6E6F66662D6E632729283173BC
:102F700074207061722E292C20427574746F6E203B
:102F8000706F72742028326E64207061722E290D69
:102F90000A0D0A00E42E0308F02E030851820008EF
:102FA0000200000072656D6F76652D627574746F36
:102FB0006E00000072656D6F76652D627574746FBA
:102FC0006E3A0D0A2052656D6F766520612062753C
:102FD00074746F6E207468617420776173207072EE
:102FE0006576696F75736C7920646566696E656472
:102FF000206174207468697320706F7274202831A6
:103000007374207061722E290D0A0D0A00000000F1
:10301000A42F0308B42F0308A183000801000000B7
:10302000736574007365743A0D0A205365742061EA
:1030300020706172616D657465722028317374202F
:103040007061722E29207769746820612067697623
:10305000656E2076616C75652028326E6420706123
:10306000722E290D0A0D0A002030030824300308AF
:1030700035840008FF000000676574006765743AD6
:103080000D0A204765742074686520637572726547
:103090006E742076616C7565206F662061207061AA
:1030A00072616D657465722028317374207061726D
:1030B0002E290D0A0D0A0000783003087C30030821
:1030C000DD8F0008FF00000064656661756C7400A8
:1030D00064656661756C743A0D0A205479706520D8
:1030E0002764656661756C7420706172616D732709
:1030F00020746F2073657420616C6C207061726144
:103100006D657465727320746F2064656661756C9B
:10311000742076616C7565730D0A20547970652092
:103120002764656661756C7420617272617927200D
:10313000746F2072656D6F76652063757272656E4F
:103140007420746F706F6C6F67790D0A0D0A000040
:10315000C8300308D030030879930008010000004C
:1031600074696D650000000074696D653A0D0A2090
:10317000446973706C61792063757272656E742036
:1031800074696D6520696E2048483A4D4D3A535335
:103190002D6D73656320666F726D61740D0A0D0A83
:1031A00000000000603103086831030871940008D2
:1031B00000000000646174650000000064617465D3
:1031C0003A0D0A20446973706C61792063757272DC
:1031D000656E74206461746520696E205765656B47
:1031E000646179204D4D2F44442F59595959206617
:1031F0006F726D61740D0A0D0A000000B43103088E
:10320000BC31030849950008000000007365742D67
:103210006261756472617465000000007365742DED
:1032200062617564726174653A0D0A205365742099
:10323000554152542062617564726174650D0A09CA
:103240002831737420706172616D65746572293AFA
:1032500020503120746F2050360D0A0928326E64D8
:1032600020706172616D65746572293A20626175C2
:1032700064726174650D0A0D0A0000000C320308C7
:103280001C3203087D950008020000007575696412
:1032900000000000757569643A0D0A204469737076
:1032A0006C6179204D435520756E697175652055A7
:1032B00049440D0A0D0A00008C32030894320308B9
:1032C0003D960008000000006964636F64650000BB
:1032D0006964636F64653A0D0A20446973706C61B8
:1032E00079204D4355204944434F444520284445C7
:1032F000565F494420616E64205245565F49442917
:103300000D0A0D0A00000000C8320308D03203087D
:10331000CD96000800000000666C6173682D73692B
:103320007A650000666C6173682D73697A653A0D81
:103330000A20446973706C6179204D435520466CB6
:103340006173682073697A6520696E204B627974B5
:1033500065730D0A0D0A00001833030824330308AF
:103360004997000800000000736E697000000000BB
:10337000736E69703A0D0A20446973706C6179202C
:1033800061206C697374206F662073746F7265645A
:1033900020436F6D6D616E6420536E69707065744B
:1033A0007320746F2065646974206F722064656C8B
:1033B0006574650D0A0D0A0068330308703303084D
:1033C0007D970008000000006163742D736E6970C2
:1033D000000000006163742D736E69703A0D0A205D
:1033E0004163746976617465206120436F6D6D611E
:1033F0006E6420536E69707065740D0A0D0A0000CA
:10340000C8330308D4330308599A000801000000A8
:1034100070617573652D736E6970000070617573EE
:10342000652D736E69703A0D0A20506175736520C1
:103430006120436F6D6D616E6420536E69707065BD
:10344000740D0A0D0A000000103403081C34030830
:10345000119B00080100000064656C2D736E69709B
:103460000000000064656C2D736E69703A0D0A20CF
:1034700044656C657465206120436F6D6D616E6499
:1034800020536E69707065740D0A0D0A000000000B
:103490005834030864340308C99B00080100000085
:1034A00062726964676500006272696467653A0DFB
:1034B0000A204272696467652074776F20617272B6
:1034C000617920706F7274730D0A0D0A000000009C
:1034D000A0340308A83403089D9D000802000000E2
:1034E000756E62726964676500000000756E6272D5
:1034F000696467653A0D0A20556E2D6272696467CA
:10350000652074776F20617272617920706F7274B8
:10351000730D0A0D0A000000E0340308EC340308C0
:10352000B99E000802000000746573742D706F72FC
:1035300074000000746573742D706F72743A0D0A14
:10354000207465737420706F72742066756E637476
:10355000696F6E616C6974792E20796F7520636173
:103560006E2063686F6F736520656974686572208B
:10357000746F2074657374206F6E6520737065635B
:103580006966696320706F7274206F7220746F2097
:103590007465737420616C6C20706F7274732E206C
:1035A000706C656173652074797065205078207740
:1035B000686572652078207374616E647320666F2D
:1035C0007220746865206E756D626572206F66206A
:1035D000706F7274206F722074797065203C616C1A
:1035E0006C3E20746F207465737420616C6C207065
:1035F0006F72740D0A0D0A0028350308343503086C
:10360000D59F000801000000726561642D6164634C
:1036100000000000726561642D6164633A0D0A2048
:1036200052656164204144432056616C7565206693
:10363000726F6D20506F72742032206F7220506F45
:103640007274203320616E642063686F6F7365202D
:103650007468652073696465207768657265617355
:1036600020746F70206F7220626F74746F6D0D0A1A
:103670000D0A00000836030814360308ADA200083E
:1036800002000000726561642D74656D70000000B9
:10369000726561642D74656D703A0D0A2052656122
:1036A0006420696E7465726E616C2074656D7065FE
:1036B0007261747572650D0A0D0A00008436030884
:1036C00090360308E1A30008000000007265616401
:1036D0002D76726566000000726561642D767265F4
:1036E000663A0D0A205265616420696E7465726ED7
:1036F000616C207265666572656E636520566F6CDD
:10370000746167650D0A0D0A00000000CC360308DD
:10371000D836030835A40008000000007265616413
:103720002D6164632D70657263656E7461676500F9
:10373000726561642D6164632D70657263656E747A
:103740006167653A0D0A204765742070657263658C
:103750006E746167652076616C75652066726F6D49
:1037600020706F72742032206F7220706F7274201C
:10377000330D0A0D0A0000001C3703083037030818
:1037800089A40008010000005461736B2053746128
:103790007465205072696F72697479205374616323
:1037A0006B20230D0A2A2A2A2A2A2A2A2A2A2A2A86
:1037B0002A2A2A2A2A2A2A2A2A2A2A2A2A2A2A2A69
:1037C0002A2A2A2A2A2A2A2A2A2A2A2A2A2A2A2A59
:1037D0002A2A2A2A2A0D0A005461736B2041627337
:1037E0002054696D6520252054696D650D0A2A2ACB
:1037F0002A2A2A2A2A2A2A2A2A2A2A2A2A2A2A2A29
:103800002A2A2A2A2A2A2A2A2A2A2A2A2A2A2A2A18
:103810002A2A2A2A2A2A0D0A000000007669610055
:10382000200000004D6F64756C6573205B00000024
:103830002C2000000A0D4E756D626572206F6620A7
:103840006D6F64756C65733A2025640A0000000092
:103850000A0D417272617920746F706F6C6F6779B5
:103860003A0A0000436F756C64206E6F74207265B5
:10387000616420706F727473206469726563746927
:103880006F6E20666F7220736F6D65206D6F64754B
:103890006C65732120506C656173652074727920AA
:1038A000616761696E0A0D006D6F6D656E7461729E
:1038B000792D6E6F000000006D6F6D656E74617222
:1038C000792D6E63000000006F6E6F66662D6E6F5F
:1038D000000000006F6E6F66662D6E6300000000D2
:1038E000626F732E00000000726573706F6E7365F7
:1038F00000000000616C6C006D65737361676500AA
:10390000636C69006E6F6E65000000007472616325
:1039100065000000636C69626175647261746500C2
:103920006465626F756E63650000000073696E67A1
:103930006C65636C69636B74696D65006D696E6954
:103940006E746572636C69636B74696D6500000009
:103950006D6178696E746572636C69636B74696DAF
:1039600065000000616D0000706D00006D6F6E6499
:103970006179000074756573646179007765646EC0
:1039800065736461790000007468757273646179AD
:1039900000000000667269646179000073617475EB
:1039A000726461790000000073756E6461790000D3
:1039B0006A616E756172790031200000666562721D
:1039C0007561727900000000322000006D61726341
:1039D0006800000033200000617072696C00000014
:1039E000342000006D617900352000006A756E6535
:1039F00000000000362000006A756C7900000000AD
:103A0000372000006175677573740000382000006E
:103A100073657074656D6265720000003920000086
:103A20006F63746F62657200313000006E6F76658F
:103A30006D626572000000003131000064656365ED
:103A40006D62657200000000313200006D73670026
:103A500025640A0D0000000025732325640A0D006B
:103A6000706172616D7300006172726179000000B3
:103A7000414D0000504D0000257300002573253096
:103A8000385800000D0A000053544D33324730427D
:103A900031000000554E4B4E4F574E00506175732C
:103AA00065640041637469766500000048000000A9
:103AB000746F7000626F74746F6D00004144435FF7
:103AC00056616C75653D2575200D0A00696E74653B
:103AD000726E616C2074656D70657261747572656B
:103AE00020697320252E326643200D0A0000000055
:103AF000696E7465726E616C207265666572656E62
:103B0000636520766F6C746167652069733D252E4F
:103B1000326656200D0A00004144432076616C75E0
:103B2000652070657263656E746167652069733DB9
:103B3000252E3266252520250D0A000048692066BD
:103B4000726F6D206D6F64756C652025640D0A00C1
:103B500048692066726F6D206D6F64756C652025F5
:103B60006420282573290D0A000000005570646147
:103B70007465206669726D7761726520666F722068
:103B80006D6F64756C652025640A0D0057726F6E49
:103B9000672076616C7565210A0D00000A5468651E
:103BA000206172726179206973206265696E672095
:103BB0006578706C6F7265642E20506C65617365FA
:103BC00020776169742E2E2E0A0D00000A54686554
:103BD000206172726179206578706C6F72617469AE
:103BE0006F6E207375636365656465642E2049207C
:103BF000666F756E64202564206D6F64756C6573E7
:103C000020696E636C7564696E67206D7973656C8D
:103C1000662E20486572652069732074686520648B
:103C20006973636F766572656420746F706F6C6F13
:103C300067793A0A0D0000000A54686520617272C3
:103C40006179206578706C6F726174696F6E20663F
:103C500061696C65642E20506C6561736520646FCA
:103C600075626C6520636865636B20636F6E6E655B
:103C70006374696F6E732C20726573657420746849
:103C800065206D6F64756C657320616E642074725D
:103C90007920616761696E2E0A0D00004D6F6475B1
:103CA0006C65202564206973206E616D6564202534
:103CB000730A0D0025732069732061207265736596
:103CC0007276656420424F53206B6579776F72641A
:103CD0002120506C656173652075736520612064D7
:103CE0006966666572656E7420616C6961730A0D40
:103CF00000000000257320697320616C72656164A7
:103D00007920757365642120506C65617365207539
:103D10007365206120646966666572656E742061F2
:103D20006C6961730A0D0000257320697320616E50
:103D3000206578697374696E6720434C4920636F0E
:103D40006D6D616E642120506C65617365207573C3
:103D500065206120646966666572656E7420616CB9
:103D60006961730A0D0000002573206973206120CA
:103D700077726F6E67206D6F64756C6520494420A3
:103D80006F7220616C6961730A0D0000506C65618F
:103D9000736520656E74657220736F6D65206D6F3D
:103DA00064756C652049447320746F2061646420DD
:103DB000746F2025730A0D005D20616464656420C2
:103DC000746F206E65772067726F75702025730A97
:103DD0000D0000005D20616464656420746F2065DF
:103DE00078697374696E672067726F7570202573C8
:103DF0000A0D000041206E657720257320627574DE
:103E0000746F6E206E616D65642042256420776159
:103E10007320646566696E656420617420706F72DA
:103E200074205025640A0D00427574746F6E204230
:103E30002564207761732072656D6F7665642066F6
:103E4000726F6D20706F7274205025640A0D00002F
:103E50002573207761732073657420746F20257338
:103E60000A0D00000A596F75206D75737420726514
:103E7000737461727420746F20656E61626C65206A
:103E8000746865206E65772062617564726174651F
:103E90002E0A0D0054686973206166666563747349
:103EA00020616C6C20706F7274732E2049662079CB
:103EB0006F75206368616E6765207468697320762A
:103EC000616C75652066726F6D2064656661756CE6
:103ED000742C200909090909090909090909092096
:103EE0002020796F75206D75737420636F6E6E6519
:103EF000637420746F206120434C4920706F72748A
:103F0000206F6E20656163682073746172747570D0
:103F100020746F20726573746F7265206F746865AA
:103F20007220617272617920706F72747320696E91
:103F3000746F2064656661756C742062617564726B
:103F40006174650A0D00000057726F6E6720706122
:103F500072616D65746572210A0D000025730A0D8A
:103F60000000000025732067726F757020646F6514
:103F700073206E6F74206578697374210A0D0000D8
:103F800047726F7570202573206D656D6265727361
:103F90003A0A0D0025732069732073657420746FCD
:103FA00020612077726F6E672076616C7565210ADB
:103FB0000D000000416C6C20706172616D6574656C
:103FC00072732073657420746F2064656661756C0C
:103FD000742076616C7565730A0D0000437572720A
:103FE000656E7420617272617920746F706F6C6F8E
:103FF0006779207761732072656D6F7665642E2016
:10400000506C65617365207265626F6F7420616CBE
:104010006C206D6F64756C65730A0D004375727268
:10402000656E742074696D65206973202530326473
:104030003A253032643A253032642D253033640A13
:104040000D00000043757272656E742074696D65B1
:1040500020697320253032643A253032643A2530A5
:1040600032642D253033642025730A0D00000000D2
:1040700043757272656E7420646174652069732083
:1040800025730A0D0000000057726F6E6720706183
:1040900072616D65746572210D0A0000426175647C
:1040A0007261746520666F7220706F727420502583
:1040B00064207761732073657420746F2025640D0C
:1040C0000A0000004D435520555549442069730AA4
:1040D0000D0000004D4355204445565F494420697A
:1040E000732025730A0D000025734D43552052455A
:1040F000565F49442069732025642E300A0D000064
:104100004D435520466C6173682073697A65206958
:1041100073202564204B62797465730A0D000000DA
:1041200054686520666F6C6C6F77696E6720436FAB
:104130006D6D616E6420536E69707065747320617B
:1041400072652073746F72656420696E206D656D91
:104150006F72793A0A0A0D005B253032645D2025C2
:10416000730A0D0025736966206225642E636C69ED
:10417000636B656400000000257369662062256436
:104180002E646F75626C6520636C69636B65640097
:104190002573696620257320257320252E3166003E
:1041A00025730A0D092573000A0D656E6420696682
:1041B0000A0A0D00546F2064656C657465206120E7
:1041C000536E69707065742C20747970653A206440
:1041D000656C2D736E697020780A0D546F206163D1
:1041E000746976617465206120536E6970706574BE
:1041F0002C20747970653A2009090909090909090F
:104200000909090909096163742D736E69702078C1
:104210000A0D546F207061757365206120536E69BB
:10422000707065742C20747970653A2070617573B4
:10423000652D736E697020780A0A0D77686572655E
:1042400020782069732074686520536E69707065EA
:1042500074206E756D6265722066726F6D20746871
:1042600065206C6973740A0D00000000257369668F
:10427000206225642E72656C656173656420666FCB
:1042800072202564000000002573696620622564A1
:104290002E7072657373656420666F7220256400EA
:1042A000536E6970706574207761732061637469FF
:1042B00076617465642E205479706520736E697020
:1042C00020746F2076696577207570646174656409
:1042D000206C6973740A0D0054686520536E697010
:1042E000706574206E756D62657220776173206EE3
:1042F0006F7420666F756E640A0D0000536E6970EE
:1043000070657420776173207061757365642E2009
:104310005479706520736E697020746F20766965BA
:10432000772075706461746564206C6973740A0D1C
:1043300000000000536E697070657420776173200F
:1043400064656C657465642E205479706520736EA5
:10435000697020746F207669657720757064617468
:104360006564206C6973740A0D0000005025642098
:10437000616E6420502564206172652062726964F8
:1043800067656420746F6765746865720A0D000064
:1043900057726F6E672073796E7461780A0D000032
:1043A000506F7274206272696467696E672066611B
:1043B000696C65640A0D000050256420616E6420FC
:1043C0005025642061726520756E2D627269646784
:1043D00065640A0D00000000506F727420756E62F3
:1043E00072696467696E67206661696C65640A0D4D
:1043F0000000000050256420697320776F726B699C
:104400006E6720636F72726563746C790A0D0000C9
:104410005025642074657374206661696C65640A54
:104420000D000000506C656173652073686F7274D5
:10443000656E20746865206E65787420706F727484
:1044400020616E6420707265737320616E79206BD9
:10445000657920746F20636F6E74696E7565207462
:10446000657374696E6720746865206E6578742062
:104470006F6E650A0D0A0D0074686520706F7274A6
:10448000206E756D6265722069732077726F6E673A
:104490000A0D000057726F6E6720506172616D6582
:1044A0007465720A0D00000057726F6E6720506FBE
:1044B0007274206E756D626572200A0D0000000036
:1044C000081C3044586C800044656661756C7454F7
:1044D00061736B004261636B456E645461736B0082
:1044E000557365725461736B00000000436C69542E
:1044F00061736B0050314D73675461736B00000042
:1045000050324D73675461736B00000050334D732C
:10451000675461736B00000050344D7367546173CE
:104520006B00000050354D73675461736B000000E1
:10453000081C3044586C800053747265616D546976
:104540006D657200EAB000089AB00008AAB00008D1
:10455000BAB00008CAB00008DAB00008081C30443D
:10456000586C800048692066726F6D206D6F6475AD
:104570006C652025640D0A0048692066726F6D2005
:104580006D6F64756C6520256420282573290D0ADC
:1045900000000000746F7000626F74746F6D000033
:1045A0002C0F010864C90008A2C9000828CA000825
:1045B0003ACA00084CCA00088C0E01088C0E01088B
:1045C0008C0E01088C0E01085ECA00088CCB000816
:1045D00084D0000850D100081CD200087AD5000809
:1045E000DED20008ACD300088C0E0108CAD4000843
:1045F000DED4000826D7000838D7000850D70008B6
:10460000E8D80008D4D90008EAD900088CDA0008F4
:1046100070E200088C0E01087CE4000838EC000809
:104620003AF300085E0101088C0E010888010108B8
:104630008C0E01088C0E01088C0E01088C0E0108EE
:10464000E601010880020108800201088C0E0108C1
:104650008C02010896020108A0020108F60D01086B
:10466000420E010826EC000864E5000888E5000811
:10467000AEE50008E6E5000830E600087EE6000842
:10468000CCE6000864E500082CEC000804E800080B
:1046900028E800084EE8000886E80008BEE80008A0
:1046A0000CE900085AE9000804E8000832EC0008A8
:1046B00082EA0008A6EA0008CCEA000804EB000839
:1046C0003CEB00088AEB0008D8EB000882EA0008FF
:1046D000AAEC0008B2EC0008E8EC000820ED0008A5
:1046E000A0ED0008FCED0008A0EE000844EF000873
:1046F000B2EC000822F300080EF0000842F00008B7
:1047000078F00008D2F000083CF10008DEF1000863
:1047100080F200080EF0000806FC0008F0F3000824
:10472000ECF40008D2F50008E0F60008F0F7000805
:1047300050F90008A2FA0008F0F30008140101087B
:10474000F8FD000826FE000856FE0008AEFE000830
:1047500008FF0008C0FF000860000108F8FD00081D
:10476000DA020108FC030108D00401085C05010815
:10477000A00601086007010854080108280B010879
:1047800026030108081C3044586C800064656D6F76
:104790000000000064656D6F3A0D0A2052756E20AE
:1047A000612064656D6F2070726F6772616D207437
:1047B0006F2074657374206D6F64756C6520667509
:1047C0006E6374696F6E616C6974790D0A0D0A000D
:1047D0008C470308944703082D37010800000000A8
:1047E0006164646C6F6700006164646C6F673A0DAC
:1047F0000A204164642061206E6577206C6F672019
:1048000066696C652E205370656369666979206CF2
:104810006F67206E616D652028317374207061723E
:104820002E293B20747970652028326E64207061D7
:10483000722E293A20277261746527206F72202713
:104840006576656E74273B2072617465202833722B
:1048500064207061722E293A206C6F6767696E67F9
:10486000207261746520696E20487A20286D617815
:104870002031303030292C2064656C696D69746595
:104880007220666F726D61742028347468207061C4
:10489000722E293A20277370616365272C202774B4
:1048A000616227206F722027636F6D6D61273B2047
:1048B000696E64657820636F6C756D6E20666F72CB
:1048C0006D61742028357468207061722E293A2039
:1048D000276E6F6E65272C202773616D706C6527BE
:1048E000206F72202774696D65273B20616E6420FC
:1048F000696E64657820636F6C756D6E206C6162A3
:10490000656C207465787420283674682070617234
:104910002E290D0A0D0A0000E0470308E8470308A6
:10492000B5380108060000006C6F67766172000000
:104930006C6F677661723A0D0A20416464206120D1
:104940006E6577206C6F67207661726961626C6555
:1049500020746F20616E206578697374696E6720BA
:104960006C6F672028317374207061722E292E209D
:1049700053706563696679207661726961626C65FE
:1049800020747970652028326E6420616E64203353
:104990007264207061722E293A2027706F72742021
:1049A0006469676974616C272C2027706F727420AA
:1049B00064617461272C2027706F727420427574B3
:1049C000746F6E272C20276D656D6F727920756965
:1049D0006E7438272C20276D656D6F727920696E93
:1049E0007438272C20276D656D6F72792075696E7C
:1049F000743136272C20276D656D6F727920696EB2
:104A0000743136272C20276D656D6F72792075699A
:104A10006E743332272C20276D656D6F7279206993
:104A20006E743332272C20276D656D6F7279206686
:104A30006C6F617427203B20736F7572636520284B
:104A4000347468207061722E293A20706F7274730A
:104A500020277031272E2E277078272C206275741E
:104A6000746F6E7320276231272E2E2762782720DD
:104A70006F72206D656D6F7279206C6F6361746900
:104A80006F6E2028466C617368206F722052414D12
:104A9000293B20616E6420636F6C756D6E206C61C4
:104AA00062656C20746578742028357468207061A4
:104AB000722E290D0A0D0A002849030830490308FF
:104AC000893D01080500000064656C6574656C6FC4
:104AD0006700000064656C6574656C6F673A0D0A69
:104AE0002044656C6574652061206C6F6720666981
:104AF0006C652E205370656369666979206C6F67F9
:104B0000206E616D652028317374207061722E29CA
:104B100020616E642064656C657465206F707469D3
:104B20006F6E732028326E64207061722E293A20D5
:104B300027616C6C27206F7220276B656570646934
:104B4000736B2720746F206B656570206C6F672016
:104B50006F6E207468652075534420636172640D24
:104B60000A0D0A00C84A0308D44A0308493C010850
:104B7000030000007374617274000000737461724A
:104B8000743A0D0A20537461727420746865206C45
:104B90006F672077697468206C6F67206E616D6540
:104BA0002028317374207061722E290D0A0D0A00BD
:104BB000744B03087C4B03086141010801000000AD
:104BC00073746F700000000073746F703A0D0A20E8
:104BD00053746F7020746865206C6F6720776974F8
:104BE00068206C6F67206E616D65202831737420BA
:104BF0007061722E290D0A0D0A000000C04B0308D7
:104C0000C84B0308E541010801000000706175739D
:104C10006500000070617573653A0D0A205061757A
:104C2000736520746865206C6F67207769746820ED
:104C30006C6F67206E616D65202831737420706120
:104C4000722E290D0A0D0A000C4C0308144C03089F
:104C50008942010801000000726573756D650000EE
:104C6000726573756D653A0D0A20526573756D65D1
:104C700020746865206C6F672077697468206C6F9A
:104C800067206E616D652028317374207061722E0B
:104C9000290D0A0D0A000000584C0308604C030857
:104CA0002D43010801000000D0110108D8110108AE
:104CB000E0110108E8110108F0110108461201088D
:104CC0004E120108561201085E1201086612010810
:104CD0004C6F675461736B00000000000A2530328E
:104CE000643A253032643A253032642D25303364FD
:104CF000000000000A2564002000000009000000F8
:104D00002C0000004F4646004F4E00004F50454ECD
:104D100000000000434C4F5345440000434C4943BE
:104D20004B45440044424C5F434C49434B4544008F
:104D300052454C4541534544000000004E4F524DF2
:104D4000414C000025732575000000002573256483
:104D5000000000002573256600000000661E0108A3
:104D6000D61C0108101D01084A1D0108841D0108F8
:104D7000BE1D0108F41D01082C1E01088E22010829
:104D80008E2201088E220108F41F010874210108F7
:104D90009A210108C0210108E62101080C2201081E
:104DA00032220108582201080821010828200108A0
:104DB000482001086820010888200108A82001086F
:104DC000C8200108E8200108E6260108E6260108B7
:104DD000E6260108D0230108B42401080A250108A9
:104DE00060250108B62501080E2601085226010893
:104DF0009626010825735F25642573002E545854A8
:104E000000000000257325730000000025735F2556
:104E1000640000002573000025732025730A00003C
:104E20004C6F6720747970653A204576656E7473AF
:104E30000A0A00004C6F6720747970653A2052614D
:104E40007465204020252E326620487A0A0A000028
:104E5000446174616C6F672063726561746564207E
:104E6000627920424F53205625642E25642E2564F6
:104E7000206F6E2025730A00010A64000A0D0000ED
:104E800025732E257300000025735F25642E25737E
:104E9000000000005465737446696C6500000000F2
:104EA000484558414249545A0000000072617465F7
:104EB000000000006576656E740000007370616329
:104EC0006500000074616200636F6D6D6100000039
:104ED00073616D706C65000074696D6500000000A1
:104EE0006E6F6E6500000000616C6C006B65657034
:104EF0006469736B00000000706F72740000000042
:104F00006469676974616C00646174610000000029
:104F1000627574746F6E00006D656D6F727900005C
:104F200075696E7438000000696E74380000000006
:104F300075696E7431360000696E74313600000098
:104F400075696E7433320000696E7433320000008C
:104F5000666C6F61740000003078000054657374F3
:104F6000696E67206661696C65640D0A0000000067
:104F7000546573742066696C65206372656174653D
:104F8000640D0A0057726974652F72656164206F41
:104F90007065726174696F6E732076657269666997
:104FA00065640D0A00000000546573742066696C26
:104FB000652064656C657465640D0A004C6F67203C
:104FC000637265617465642073756363657373668A
:104FD000756C6C790D0A00004C6F67206372656117
:104FE00074696F6E206661696C65642E2057726FFC
:104FF0006E6720706172616D65746572730D0A0071
:105000004C6F67206372656174696F6E20666169B9
:105010006C65642E204C6F67206E616D6520616C3D
:105020007265616479206578697374730D0A000094
:105030004C6F67206372656174696F6E2066616989
:105040006C65642E20534420636172642065727223
:105050006F720D0A000000004C6F6720637265617B
:1050600074696F6E206661696C65642E204D61788D
:10507000696D756D206E756D626572206F66206C4E
:105080006F677320726561636865640D0A000000D4
:105090005661726961626C6520776173206E6F740E
:1050A00020616464656420746F206C6F672E2049F2
:1050B0006E7465726E616C206D656D6F72792066BD
:1050C000756C6C0D0A0000004C6F672064656C65A0
:1050D00074656420626F746820696E7465726E61B5
:1050E0006C6C7920616E642066726F6D20746865E7
:1050F000206469736B0D0A004C6F672064656C65F2
:1051000074656420696E7465726E616C6C7920617F
:105110006E64206B657074206F6E20746865206407
:1051200069736B0D0A0000004C6F672064656C6545
:1051300074696F6E206661696C65642E2057726FAA
:105140006E6720706172616D65746572730D0A001F
:105150005661726961626C65206164646564207483
:105160006F206C6F67207375636365737366756C0E
:105170006C790D0A000000005661726961626C650D
:1051800020776173206E6F7420616464656420749D
:105190006F206C6F672E2057726F6E672070617280
:1051A000616D65746572730D0A0000005661726965
:1051B00061626C6520776173206E6F742061646436
:1051C000656420746F206C6F672E204C6F672064BD
:1051D0006F6573206E6F742065786973740D0A00B3
:1051E0005661726961626C6520776173206E6F74BD
:1051F00020616464656420746F206C6F672E204D9D
:105200006178696D756D206E756D626572206F666F
:10521000206C6F67676564207661726961626C6596
:105220007320726561636865640D0A005661726976
:1052300061626C6520776173206E6F7420616464B5
:10524000656420746F206C6F672E2057726F6E67D5
:1052500020696E20416464726573730D0A092041F0
:105260006472657373206D75737420626520737446
:105270006172742077697468203078322027535225
:10528000414D27202C2030783420275065726970DA
:10529000686572616C27206F722030783038202763
:1052A000466C617368270D0A0000000025732073A7
:1052B000746172746564206C6F6767696E670D0A4C
:1052C000000000004C6F6720646F6573206E6F7480
:1052D0002065786973740D0A00000000257320733F
:1052E000746F706564206C6F6767696E670D0A0084
:1052F000257320776173206E6F742072756E6E69EE
:105300006E670D0A000000002573207061757365DB
:1053100064206C6F6767696E670D0A0025732072E1
:105320006573756D6564206C6F6767696E670D0ADC
:1053300000000000081C3044586C8000746F70003E
:10534000626F74746F6D0000081C3044586C8000EC
:1053500052657374617274696E672E2E2E0D0A0089
:10536000486172644661756C74204572726F720D8B
:105370000A000000537461636B204F766572666C9F
:105380006F770D0A00000000486561702073697A2C
:10539000652065786365656465640D0A000000003A
:1053A000081C3044586C8000417072203233203227
:1053B0003032350031353A31343A303100000000B6
:1053C000081C3044586C8000027B0108EE7A01080A
:1053D000F27A0108F67A0108FA7A0108FE7A0108E1
:1053E000081C3044586C80000000000000000000E1
:1053F00000000000000000000000000000000000AD
:105400000000000000000000010000000200000099
:105410000300000004000000060000000700000078
:10542000080000000900000000000000000000006B
:105430000000000000000000010000000200000069
:105440000300000004000000081C3044586C800079
:10545000E4C10108FEC00108D2C1010882C20108EE
:1054600082C2010882C2010882C2010882C2010808
:1054700082C2010882C2010882C20108F8C1010883
:105480001CC2010840C20108081C3044586C80004E
:10549000C700FC00E900E200E400E000E500E700EE
:1054A000EA00EB00E800EF00EE00EC00C400C500ED
:1054B000C900E600C600F400F600F200FB00F900A7
:1054C000FF00D600DC00F800A300D800D70092014E
:1054D000E100ED00F300FA00F100D100AA00BA00EB
:1054E000BF00AE00AC00BD00BC00A100AB00BB0023
:1054F00091259225932502252425C100C200C000D4
:10550000A9006325512557255D25A200A50010257A
:10551000142534252C251C2500253C25E300C3003B
:105520005A25542569256625602550256C25A4003B
:10553000F000D000CA00CB00C8003101CD00CE0081
:10554000CF0018250C2588258425A600CC008025B1
:10555000D300DF00D400D200F500D500B500FE0076
:10556000DE00DA00DB00D900FD00DD00AF00B40092
:10557000AD00B1001720BE00B600A700F700B800CC
:10558000B000A800B700B900B300B200A025A00089
:10559000ECC3010806C4010826C4010832C401088E
:1055A0003EC401084AC4010856C4010862C4010887
:1055B0006EC4010861001A03E0001703F800070336
:1055C000FF000100780100013001320106013901BC
:1055D00010014A012E017901060180014D004302AC
:1055E0008101820182018401840186018701870192
:1055F00089018A018B018B018D018E018F01900140
:105600009101910193019401F6019601970198018E
:1056100098013D029B019C019D0120029F01A00178
:10562000A001A201A201A401A401A601A701A70152
:10563000A901AA01AB01AC01AC01AE01AF01AF0100
:10564000B101B201B301B301B501B501B701B801B0
:10565000B801BA01BB01BC01BC01BE01F701C00128
:10566000C101C201C301C401C501C401C701C80110
:10567000C701CA01CB01CA01CD011001DD01010042
:105680008E01DE011201F3010300F101F401F401C6
:10569000F8012801220212013A020900652C3B029E
:1056A0003B023D02662C3F0240024102410246029B
:1056B0000A015302400081018601550289018A01D5
:1056C00058028F015A0290015C025D025E025F0285
:1056D000930161026202940164026502660267023C
:1056E000970196016A02622C6C026D026E029C01A7
:1056F000700271029D01730274029F0176027702AB
:10570000780279027A027B027C02642C7E027F029C
:10571000A60181028202A901840285028602870213
:10572000AE014402B101B20145028D028E028F0228
:1057300090029102B7017B030300FD03FE03FF0308
:10574000AC0304008603880389038A03B1031103B1
:10575000C2030200A303A303C4030803CC03030092
:105760008C038E038F03D8031801F2030A00F90398
:10577000F303F403F503F603F703F703F903FA035E
:10578000FA033004200350041007600422018A0445
:105790003601C1040E01CF040100C004D00444014D
:1057A00061052604000000007D1D0100632C001E21
:1057B0009601A01E5A01001F0806101F0606201F92
:1057C0000806301F0806401F0606511F0700591F14
:1057D000521F5B1F541F5D1F561F5F1F601F08066F
:1057E000701F0E00BA1FBB1FC81FC91FCA1FCB1FC7
:1057F000DA1FDB1FF81FF91FEA1FEB1FFA1FFB1F41
:10580000801F0806901F0806A01F0806B01F04008E
:10581000B81FB91FB21FBC1FCC1F0100C31FD01F70
:105820000206E01F0206E51F0100EC1FF21F010047
:10583000FC1F4E2101003221702110028421010041
:105840008321D0241A05302C2F04602C0201672CF0
:105850000601752C0201802C6401002D260841FFF1
:105860001A030000081C3044586C80004355454121
:105870004141414345454549494941414592924F3E
:105880004F4F5555594F554F9C4F9E9F41494F552E
:10589000A5A5A6A7A8A9AAABACADAEAFB0B1B2B34F
:1058A000B4414141B8B9BABBBCBDBEBFC0C1C2C39F
:1058B000C4C54141C8C9CACBCCCDCECFD1D1454555
:1058C0004549494949D9DADBDCDD49DF4FE14F4F32
:1058D0004F4FE6E8E85555555959EEEFF0F1F2F320
:1058E000F4F5F6F7F8F9FAFBFCFDFEFF01030507F6
:1058F000090E10121416181C1E000000222A3A3C31
:105900003E3F7C7F000000002B2C3B3D5B5D000098
:10591000EBFE904D53444F53352E30004E4F204EEA
:10592000414D452020202046415433322020200084
:105930004E4F204E414D45202020204641542020EE
:10594000202020005E0902084609020872090208A8
:1059500086090208860902088609020886090208E3
:1059600086090208860902088609020886090208D3
:1059700086090208860902086809020886090208E1
:105980008609020886090208A20802088609020898
:105990007209020886090208860902087C090208C1
:1059A00001000200040008001000200000000000B8
:1059B000010004001000400000010002000000008F
:1059C000081C3044586C800068656C700000000052
:1059D0000D0A68656C703A0D0A204C697374732067
:1059E000616C6C2074686520726567697374657298
:1059F000656420636F6D6D616E64732E20547970E1
:105A000065202768656C7020706172616D73272056
:105A1000746F206C69737420617661696C61626C6B
:105A20006520706172616D657465727320616E646A
:105A300020746865697220706F737369626C652089
:105A400076616C7565730D0A0D0A0000C85903086C
:105A5000D059030859100208FF000000496E636F17
:105A6000727265637420636F6D6D616E6420706126
:105A700072616D657465722873292E2020456E74DD
:105A80006572202268656C702220746F20766965CB
:105A9000772061206C697374206F6620617661697C
:105AA0006C61626C6520636F6D6D616E64732E0D49
:105AB0000A0D0A00436F6D6D616E64206E6F742075
:105AC0007265636F676E697365642E2020456E741E
:105AD0006572202268656C702220746F207669657B
:105AE000772061206C697374206F6620617661692C
:105AF0006C61626C6520636F6D6D616E64732E0DF9
:105B00000A0D0A00706172616D73000049444C45D2
:105B1000000000000925630925750925750925750B
:105B20000D0A0000E0350208EA350208F4350208E3
:105B3000FE3502080836020809257509092575256C
:105B4000250D0A0009257509093C3125250D0A0096
:105B500012390208D4380208E2380208EE38020886
:105B6000F63802081A3A0208DC390208EA39020853
:105B7000F6390208FE390208546D7220537663002C
:105B80006C4002086C4002086C400208D0400208D9
:105B9000E4400208144102086C4002086C4002080C
:105BA000D0400208E4400208546D72510000000029
:105BB000081C3044586C80000100020004000600FC
:105BC00008000A000C0010002000400080000001C6
:105BD000081C3044586C80000101010307010000DB
:105BE0000804020408010101081C3044586C8000BC
:105BF000436C69636B204C6F67676572000000003F
:105C00003E0A00086E09000886090008A409000879
:105C100086090008E809000886090008A4090008A8
:105C20006E0900086E090008E8090008A4090008C8
:105C30008E0900088E0900088E090008F209000884
:105C40006E0900086E090008860900087C0A000831
:105C500086090008E8090008860900087C0A00088F
:105C60006E0900086E090008E80900087C0A0008AF
:105C70008E0900088E0900088E090008741A0008B1
:105C8000661A0008441A0008701A0008441A00082E
:105C90005A1D0008441A0008701A0008661A000805
:105CA000661A00085A1D0008701A00082C1A00080D
:105CB0002C1A00082C1A0008CC1D00082E00000029
:105CC00034000000CEFBFFFFCB030000010000000A
:105CD0000000000035000000CEFBFFFFCB030000FA
:105CE0000100000000000000BC89D897B2D29C3CA3
:105CF00033A7A8D523F649393DA7F444FD0FA532B3
:105D00009D978CCF08BA5B25436FAC642806681159
:105D1000002020202020202020202828282828207B
:105D20002020202020202020202020202020202073
:105D300020881010101010101010101010101010DB
:105D400010040404040404040404041010101010CB
:105D50001010414141414141010101010101010195
:105D600001010101010101010101010110101010E7
:105D70001010424242424242020202020202020267
:105D800002020202020202020202020210101010BB
:105D900020000000000000000000000000000000E3
:105DA00000000000000000000000000000000000F3
:105DB00000000000000000000000000000000000E3
:105DC00000000000000000000000000000000000D3
:105DD00000000000000000000000000000000000C3
:105DE00000000000000000000000000000000000B3
:105DF00000000000000000000000000000000000A3
:105E00000000000000000000000000000000000092
:105E1000004300504F5349580042616C6C6F63203F
:105E2000737563636565646564002F6275696C648E
:105E30002F676E752D746F6F6C732D666F722D7377
:105E4000746D33325F31322E332E72656C312E32E7
:105E5000303234303932362D313731352F73726369
:105E60002F6E65776C69622F6E65776C69622F6C37
:105E70006962632F7374646C69622F6764746F6105
:105E80002D6765746865782E63002F6275696C6490
:105E90002F676E752D746F6F6C732D666F722D7317
:105EA000746D33325F31322E332E72656C312E3287
:105EB000303234303932362D313731352F73726309
:105EC0002F6E65776C69622F6E65776C69622F6CD7
:105ED0006962632F7374646C69622F6D707265639D
:105EE0002E63000005000000190000007D00000086
:105EF0000080E03779C34143176E05B5B5B89346C6
:105F0000F5F93FE9034F384D321D30F94877825A91
:105F10003CBF737FDD4F1575000000000000F03FAF
:105F20000000000000002440000000000000594074
:105F30000000000000408F40000000000088C340C7
:105F400000000000006AF8400000000080842E413C
:105F500000000000D01263410000000084D7974188
:105F60000000000065CDCD41000000205FA002428E
:105F7000000000E876483742000000A2941A6D4203
:105F8000000040E59C30A2420000901EC4BCD642F6
:105F900000003426F56B0C430080E03779C34143A1
:105FA00000A0D8855734764300C84E676DC1AB4317
:105FB000003D9160E458E143408CB5781DAF154435
:105FC00050EFE2D6E41A4B4492D54D06CFF0804410
:105FD000F64AE1C7022DB544B49DD9794378EA4425
:105FE000494E4600696E66004E414E006E616E007D
:105FF000303132333435363738396162636465663F
:106000000030313233343536373839414243444534
:1060100046003000303030303030303030303030CA
:106020003030303020202020202020202020202030
:10603000202020202C2066756E6374696F6E3A20D4
:1060400000617373657274696F6E2022257322205C
:106050006661696C65643A2066696C652022257307
:10606000222C206C696E65202564257325730A0037
:10607000496E66696E697479004E614E002F6275D3
:10608000696C642F676E752D746F6F6C732D666FFE
:10609000722D73746D33325F31322E332E72656C14
:1060A000312E32303234303932362D313731352FCE
:1060B0007372632F6E65776C69622F6E65776C699A
:1060C000622F6C6962632F7374646C69622F6474ED
:1060D0006F612E630030303030303030303030304F
:1060E0003030303030202020202020202020202060
:0860F000202020202000000008
:0860F800E0A5FC7F010000009F
:08610000C5D10208E900000806
:04610800C1000008CA
:10610C009C1D0308A41D0308AC1D0308B81D03083F
:10611C00C41D0308CC1D0308D81D0308E01D03088B
:10612C00E41D0308E81D0308EC1D0308F01D03081B
:10613C00F41D0308F81D0308FC1D0308001E0308CA
:10614C00041E0308081E03080C1E0308101E030877
:10615C003C1E0308681E03083C1F0308681F030845
:10616C00941F0308BC1F0308E41F0308CC2003087A
:10617C000021030804220308FF000B0001010000AA
:10618C001E00320005FA000000100E00001800007E
:10619C00000000000000000000000000382503088B
:1061AC00CC270308D02703083C3B0308503B0308CB
:1061BC006C3B03088C3B03089C3B0308CC3B03085B
:1061CC00383C03089C3C0308B43C0308F43C03082B
:1061DC00283D0308683D03088C3D0308B83D0308BF
:1061EC00D43D0308B43C0308F43C0308283D0308E1
:1061FC00F43D0308283E0308503E0308643E0308A0
:10620C00943E0308483F03088C3B03085C3F03089B
:10621C00643F0308803F0308483F0308943F03088A
:10622C00B43F0308DC3F03088C3B03081C40030805
:10623C004440030870400308884003089C4003084E
:10624C00C4400308D4400308E84003080041030895
:10625C0020410308584103086441030878410308AE
:10626C0090410308A0410308A8410308B441030866
:10627C006C42030888420308A0420308D842030872
:10628C00FC420308D842030834430308D8420308ED
:10629C006C43030890430308A0430308B843030866
:1062AC0090430308D8430308F4430308104403083D
:1062BC0024440308784403089043030894440308D7
:1062CC00A8440308A84403080100000001010000D1
:1062DC005C4F0308704F0308844F0308A84F030852
:1062EC00BC4F0308D84F0308005003083050030874
:1062FC005850030890500308C8500308F85003087E
:10630C00285103085051030878510308AC51030875
:10631C0090500308E05103082C520308AC520308B8
:10632C00C4520308DC520308F0520308C452030899
:10633C0008530308F0520308C45203081C53030803
:10634C00C4520308505303080024F400200000003A
:10635C0001000000F5B6010815B7010835B70108B2
:10636C0063B7010891B70108010000004C5A0308FB
:10637C00000000006C020020AAAAAAAA04000000D7
:10638C0001000000FFFFFFFF000002000000000002
:10639C00000000008C0200208C02002094020020DF
:1063AC00940200209C0200209C020020A4020020E9
:1063BC00A4020020AC020020AC020020B402002099
:1063CC00B4020020BC020020BC020020C402002049
:1063DC00C4020020CC020020CC020020D4020020F9
:1063EC00D4020020DC020020DC020020E4020020A9
:1063FC00E4020020EC020020EC020020F402002059
:10640C00F4020020FC020020FC0200200403002007
:10641C00040300200C0300200C03002014030020B4
:10642C00140300201C0300201C0300202403002064
:10643C00240300202C0300202C0300203403002014
:10644C00340300203C0300203C03002044030020C4
:10645C00440300204C0300204C0300205403002074
:10646C00540300205C0300205C0300206403002024
:10647C00640300206C0300206C03002074030020D4
:10648C00740300207C0300207C0300208403002084
:10649C00840300208C0300208C0300209403002034
:1064AC00940300209C0300209C030020A4030020E4
:1064BC00A4030020AC030020AC030020B403002094
:1064CC00B4030020BC030020BC030020C403002044
:1064DC00C4030020CC030020CC030020D4030020F4
:1064EC00D4030020DC030020DC030020E4030020A4
:1064FC00E4030020EC030020EC030020F403002054
:10650C00F4030020FC030020FC0300200404002002
:10651C00040400200C0400200C04002014040020AF
:10652C00140400201C0400201C040020240400205F
:10653C00240400202C0400202C040020340400200F
:10654C00340400203C0400203C04002044040020BF
:10655C00440400204C0400204C040020540400206F
:10656C00540400205C0400205C040020640400201F
:10657C00640400206C0400206C04002074040020CF
:10658C00740400207C0400207C040020840400207F
:10659C00840400208C0400208C040020940400202F
:1065AC00940400209C0400209C040020A4040020DF
:1065BC00A4040020AC040020AC040020B40400208F
:1065CC00B4040020BC040020BC040020C40400203F
:1065DC00C4040020CC040020CC040020D4040020EF
:1065EC00D4040020DC040020DC040020E40400209F
:1065FC00E4040020EC040020EC040020F40400204F
:10660C00F4040020FC040020FC04002004050020FD
:10661C00040500200C0500200C05002014050020AA
:10662C00140500201C0500201C050020240500205A
:10663C00240500202C0500202C050020340500200A
:10664C00340500203C0500203C05002044050020BA
:10665C00440500204C0500204C050020540500206A
:10666C00540500205C0500205C050020640500201A
:10667C00640500206C0500206C05002074050020CA
:10668C00740500207C0500207C050020840500207A
:10669C00840500208C0500208C050020940500202A
:1066AC00940500209C0500209C050020A4050020DA
:1066BC00A4050020AC050020AC050020B40500208A
:1066CC00B4050020BC050020BC050020C40500203A
:1066DC00C4050020CC050020CC050020D4050020EA
:1066EC00D4050020DC050020DC050020E40500209A
:1066FC00E4050020EC050020EC050020F40500204A
:10670C00F4050020FC050020FC05002004060020F8
:10671C00040600200C0600200C06002014060020A5
:10672C00140600201C0600201C0600202406002055
:10673C00240600202C0600202C0600203406002005
:10674C00340600203C0600203C06002044060020B5
:10675C00440600204C0600204C0600205406002065
:10676C00540600205C0600205C0600206406002015
:10677C00640600206C0600206C06002074060020C5
:10678C00740600207C0600207C0600208406002075
:10679C0084060020000000000300000048BA01201D
:1067AC00430000000000000000000000000000009A
:1067BC0000000000000000000000000000000000CD
:1067CC00430000000000000000000000000000007A
:1067DC0000000000000000000000000000000000AD
:1067EC00430000000000000000000000000000005A
:1067FC00000000000000000000000000000000008D
:10680C004300000000000000000000000000000039
:10681C00000000000000000000000000000000006C
:10682C004300000000000000000000000000000019
:10683C00000000000000000000000000000000004C
:10684C0043000000000000000000000000000000F9
:10685C00000000000000000000000000000000002C
:10686C0043000000000000000000000000000000D9
:10687C00000000000000000000000000000000000C
:10688C00C9E30208B1DA020800000000105D030839
:10689C00BC5C03086F6003086F6003086F6003083B
:1068AC006F6003086F6003086F6003086F60030874
:1068BC006F6003086F600308FFFFFFFFFFFFFFFF20
:1068CC00FFFFFFFFFFFF0000010041534349490058
:1068DC0000000000000000000000000000000000AC
:1068EC000000000000000000000041534349490033
:1068FC00000000000000000000000000000000008C
:10690C000000000000000000000000001008002043
:10691C000000000048BA0120B0BA012018BB0120C9
:10692C00000000000000000000000000000000005B
:10693C00000000000000000000000000000000004B
:10694C00000000000000000000000000000000003B
:10695C00000000000000000000000000000000002B
:10696C00000000000000000000000000000000001B
:10697C00000000000000000000000000000000000B
:10698C0000000000000000000000000000000000FB
:10699C0000000000000000000000000000000000EB
:1069AC0000000000000000000100000000000000DA
:1069BC000E33CDAB34126DE6ECDE05000B0000009F
:1069CC0000000000000000000000000000000000BB
:1069DC0000000000000000000000000000000000AB
:1069EC00000000000000000000000000000000009B
:1069FC00000000000000000000000000000000008B
:106A0C00000000000000000000000000000000007A
:106A1C00000000000000000000000000000000006A
:106A2C00000000000000000000000000000000005A
:106A3C0089BB012080B588B000AF786039601F2316
:106A4C00FB1800221A707B68BB613B687B611A4B98
:106A5C005A69194B8021C9020A435A61EFF310831A
:106A6C00FB60FB683B6172B6C0460FE07A69BB699C
:106A7C0012681A607B6904337B61BB690433BB61A8
:106A8C001F217B181A787B1801321A701F23FB18F0
:106A9C001B783F2BEAD9C046074B1A69C0239B02CF
:106AAC001340F9D13B69BB60BB6883F31088C046C7
:0C6ABC00C046BD4608B080BD002002406E
:0400000508017DE988
:00000001FF
